word,frequency
의,9029
을,8088
하다,6734
이,5475
에,4086
를,3833
되다,3427
은,3176
가,2875
는,2432
들,2428
그,2344
있다,2099
한,1931
로,1814
으로,1779
에서,1691
과,1631
수,1268
것,1246
에게,1239
와,1184
인,1036
도,1033
이다,1013
없다,973
자신,895
시작,829
사람,785
않다,751
사랑,730
날,714
그녀,702
보다,693
위해,690
이야기,679
나,622
남자,614
고,612
내,608
되어다,575
년,572
받다,565
하고,537
그리고,534
어느,530
다,513
못,512
게,508
버리다,499
하지만,499
적,496
개정판,485
같다,480
세계,460
그렇다,455
속,440
아니다,438
세상,435
알,430
작가,424
과연,421
두,404
만나다,403
가다,403
만,390
다시,378
인간,377
까지,377
일,373
곳,371
살,347
자,347
전,346
오다,341
눈,338
주인공,334
함께,333
나타나다,332
평범하다,327
말,318
모든,315
마음,313
친구,310
죽다,300
로맨스,298
앞,295
싶다,286
몸,283
삶,282
작품,273
위,270
세,266
때,262
인생,261
부터,260
모르다,255
살다,254
중,253
들다,249
게임,248
결혼,248
후,245
찾다,245
인가,243
새롭다,241
소년,240
소녀,239
하나,237
다른,237
알다,236
여자,236
운명,236
아,234
가지다,231
당하다,229
집,228
비밀,224
님,221
연애,220
만화,220
안,219
복수,218
지키다,218
네,217
우리,217
그런데,216
신,215
아이,213
생각,212
소설,212
능력,211
구,210
사건,210
웹툰,207
돌아오다,207
더,207
지,205
만들다,205
라,204
꿈,203
당신,202
에는,201
죽음,200
바로,200
말다,200
어리다,197
서,196
일상,195
기억,195
하,195
어떻다,195
생활,194
온,193
지금,193
학교,191
뒤,190
판타지,190
누구,190
남,189
줄,187
힘,184
황제,181
건,180
처럼,180
시간,179
채,179
가족,177
이라는,177
살아가다,176
정체,176
왕,176
너,174
최고,174
과거,174
주다,173
찾아오다,172
라는,172
떠나다,171
그러나,170
단,170
좋다,170
태어나다,170
늘다,168
제,168
살아나다,167
기,166
사이,165
존재,164
사실,164
둘,163
뿐,161
남다,161
잃다,160
여,158
끝,158
모두,157
해주다,157
얻다,157
내다,155
보내다,155
거,154
아버지,153
돌아가다,153
왜,152
대,152
가장,152
이름,151
갑자기,151
순간,151
서로,150
최강,147
이제,147
뜨다,147
향,146
펼쳐지다,145
빠지다,144
저,143
인하다,143
모습,142
손,140
니,140
우연히,138
인기,138
번,137
성,136
가지,134
이르다,134
좋아하다,134
강하다,132
많다,131
보이다,130
이자,130
미래,129
현실,129
자다,129
엔,128
먹다,128
시,127
딸,127
난,127
라고,127
연,126
빙의,125
나가다,125
전쟁,124
없이,123
원,123
죽이다,123
돈,122
밤,122
생기다,122
위기,122
천,121
반,121
걸,120
명,120
간,120
액션,120
생,119
사고,119
크다,118
가문,118
피,117
이상하다,117
또,117
무엇,116
그렇게,116
점점,116
남편,116
지만,115
돼다,115
느끼다,115
사라지다,115
그것,114
대한,114
야,113
연재,112
믿다,112
수련,111
드라마,111
관계,111
해,111
특별하다,111
신작,110
목숨,109
전설,109
백,108
만난,108
결국,107
문,107
계약,107
동생,107
계,106
때문,106
형,106
뭐,105
마을,105
고등학생,104
첫,104
아이돌,103
외모,103
영,103
매주,103
짝사랑,103
제안,103
자리,102
나다,102
이라고,101
맞다,101
장,101
벌어지다,101
선택,101
강,100
군,100
악마,100
오,99
회사,99
지구,99
발견,99
불리다,99
마법,98
희다,98
무림,98
화,98
전생,97
이유,97
작,97
공,97
얼굴,97
귀,97
시키다,96
고양이,95
천재,95
결심,95
진짜,95
완벽하다,95
열,95
구성,95
고백,95
나오다,95
이번,94
인지,94
대신,94
꿈꾸다,94
유일하다,94
번째,94
이용,93
상황,93
제국,92
시대,92
바꾸다,92
마지막,92
아들,91
엄마,91
주,91
나르다,91
시절,91
행복하다,90
공주,90
개,90
현,90
컬렉션,90
대다,90
주인,90
기회,89
고등학교,89
이루다,89
이상,89
본격,88
극,88
들어가다,88
당,88
일진,87
차,87
벗어나다,86
이후,86
원작,86
왕자,86
나라,85
선,85
의하다,85
통해,85
처음,84
걸다,84
과의,84
듯,84
제자,84
다르다,84
정신,84
살리다,84
첫사랑,83
마법사,83
두다,83
상대,83
떨어지다,83
부,82
등,82
저주,82
그룹,82
감정,82
귀신,82
맞이,82
숨기다,82
싸움,81
거야,81
와의,81
아름답다,81
상처,80
인데,80
배신,80
청춘,80
변하다,80
마왕,80
타다,80
어머니,80
깨어나다,80
들어오다,80
하루,79
길,79
등장,79
너무,79
마,78
영혼,78
조,77
며,77
영웅,77
하늘,76
일어나다,76
대학,76
동거,76
성격,76
천하,76
인류,75
랑,75
대한민국,75
아무,75
국,74
좌충우돌,74
환생하다,74
요,73
놈,73
도전,73
선배,73
부모님,72
연인,72
바뀌다,72
싸우다,72
이라,72
작다,72
오르다,72
따르다,72
소,71
모험,71
든,71
지옥,71
에도,71
아내,70
잡다,70
숨다,70
사,70
좀비,69
부르다,69
몬스터,69
계속,69
오늘,69
이렇다,68
지니다,68
이고,68
비,68
기다리다,68
명의,68
대륙,68
치,68
괴물,68
새,67
관심,67
준,67
진실,67
로서,67
재벌,67
다짐,67
미치다,67
학원,66
겪다,66
생존,66
들이다,66
어디,66
달,66
원하다,66
녀,66
휘,66
책,66
동안,66
도시,65
대로,65
절대,64
치다,64
프로젝트,64
이나,64
일이,64
마주,64
집안,64
뱀파이어,64
애,64
듣다,63
무사하다,63
신의,63
무,63
같이,63
꽃,63
아빠,63
방,62
그때,62
검,62
막다,62
물,62
한국,62
디자인,61
걸리다,61
노력,61
방법,61
죽,61
마녀,61
달콤하다,61
이렇게,61
재능,61
쓰다,61
도움,60
오빠,60
에게는,60
성공하다,60
우연,60
바람,60
스토리,60
학생,60
다니다,60
지다,60
한번,59
리,59
조직,59
악녀,59
곁,59
공작,59
여행,59
매일,59
누군가,59
쫓다,59
주변,59
면,58
읽다,58
언니,58
배우,58
성장,58
끄다,58
잘생기다,58
갖다,58
화려하다,57
인연,57
지내다,57
동료,57
목표,57
살인,57
간다,57
호,57
보고,57
귀엽다,57
그날,57
얽히다,57
이지만,57
목소리,56
해보다,56
신부,56
강호,56
다섯,56
넘다,56
밉다,56
만남,56
최,56
다가오다,56
전혀,56
혼자,56
처,56
예,55
마주치다,55
한테,55
수상한,55
의문,55
키우다,55
가슴,55
요괴,55
해오다,55
키스,55
그리다,55
맞서다,55
탈출,54
할머니,54
서다,54
라이프,54
우주,54
팀,54
불명,54
회귀,54
용,54
혼란,54
한편,54
머리,54
김,53
입학,53
문제,53
스스로,53
매력,53
스타,53
무공,53
오해,53
술,53
거대하다,53
여인,53
에서도,52
원래,52
나서다,52
무협,52
여주,52
로부터,52
잃어버리다,52
어,52
이야,51
여기,51
음모,51
준비,51
위험하다,51
감,51
조선,51
상,51
쓸다,51
회,51
고민,51
소리,51
대가,51
마다,50
떠보다,50
소원,50
만의,50
청년,50
낯선,50
무슨,50
살해,50
폭,50
소중하다,50
녀석,50
살아오다,49
찬,49
깨닫다,49
대표,49
흐르다,49
기사,49
시스템,49
즈,49
수상작,49
여러,48
사장,48
악당,48
정말,48
여성,48
이란,48
다음,48
되찾다,48
수많다,48
정도,48
게다가,48
모으다,48
법,48
과는,48
서울,48
공포,48
빛,48
궁,48
거리,47
악역,47
남친,47
오직,47
에게서,47
여름,47
그림,47
전학,47
남녀,47
조금,47
거기,47
비서,47
에서는,47
임,47
드디어,47
지배,47
해도,47
모이다,47
정,47
즐기다,47
초,47
기다,47
도망치다,46
갑작스럽다,46
진,46
쌍둥이,46
자꾸만,46
억,46
탑,46
선생님,46
가득하다,46
히,46
자기,46
끝나다,46
좀,46
우,46
나이,46
찾기,46
에겐,46
예쁘다,46
발,45
의사,45
약속,45
볼,45
경,45
오랜,45
둘러싸다,45
살기,45
가게,45
만에,45
데,45
헤어지다,45
시즌,45
실력,45
밖에,45
알바,45
졸업,45
황후,45
마저,45
여동생,45
삼,45
터,45
노예,45
시골,44
입,44
이미,44
주의,44
단편,44
소문,44
차원,44
양,44
찾아가다,44
절망,44
홀로,44
동물,44
이기다,44
별,44
묘,44
설레다,44
지상,44
깊다,44
키,44
몇,44
급,44
거듭,44
실수,44
필요하다,44
으로부터,44
만을,43
상상,43
위협,43
동화,43
늘,43
임무,43
도깨비,43
유명하다,43
민,43
회장,42
인물,42
펼치다,42
그냥,42
러브,42
누가,42
죄,42
족,42
착하다,42
용다,42
잠시,42
란,42
눈물,42
산,42
씨,42
플레이어,42
갈다,42
거절,41
어렵다,41
세기,41
대학생,41
품다,41
유혹,41
스릴러,41
추다,41
황자,41
천년,41
치고,41
천사,41
여정,41
배우다,41
대체,41
끌리다,41
무섭다,41
높다,41
치료,41
잠,40
반하다,40
점,40
정의,40
파,40
재,40
차갑다,40
황태자,40
각성,40
아침,40
운,40
방송,40
꼬이다,40
권,40
받아들이다,40
멀다,40
분,40
보스,40
놓다,40
망하다,40
상치,40
에게도,40
관,39
부모,39
상태,39
운영,39
들키다,39
조용하다,39
이끌다,39
소꿉친구,39
쉬다,39
채다,39
아직,39
제일,39
아기,39
나날,39
거치다,39
달리,39
마리,39
바라다,39
취업,39
만이,39
코믹,39
전부,39
구원,39
검다,39
따뜻하다,39
월,38
달라,38
연우,38
진정하다,38
요리,38
공모전,38
행복,38
남자친구,38
납치,38
각자,38
싫다,38
남기다,38
섬,38
엄청나다,38
코미디,38
평화롭다,38
막,38
뜨겁다,38
왕따,38
황녀,38
태,38
웃다,38
어른,38
거지,38
누나,38
계획,37
권력,37
해결,37
카페,37
동,37
잊다,37
넣다,37
사회,37
아가씨,37
언제나,37
씩,37
이면,37
여고생,37
보이,37
고교,37
수정,37
이어지다,37
빼앗기다,37
주어지다,37
현재,37
설상가상,36
출신,36
나쁘다,36
언제,36
온갖,36
환생,36
분투,36
심,36
반복,36
세다,36
신비하다,36
쓰레기,36
미스터리,36
범,36
다양하다,36
세우다,36
잘,36
력,36
희망,36
멸망,36
우정,36
척,36
역사,36
폭력,36
재회,36
계기,36
탓,35
노,35
형제,35
대상,35
개그,35
포기,35
행동,35
병,35
선물,35
식,35
평생,35
이지,35
곱다,35
접근,35
하필,35
현대,35
설,35
황성,35
및,35
직장,35
이혼,35
초능력,35
공개,35
갇히다,35
드래곤,34
이의,34
무시,34
모,34
캐릭터,34
최후,34
당한,34
판,34
심장,34
도와주다,34
눈앞,34
여우,34
기르다,34
애인,34
울,33
번의,33
넘치다,33
차다,33
고수,33
움,33
라면,33
레벨,33
율,33
할아버지,33
사귀다,33
첫날,33
목적,33
뛰어나다,33
교사,33
소개,33
화사,33
기적,33
다정하다,33
이해,33
멈추다,33
제대로,33
가난하다,33
멸망하다,33
써다,33
신화,33
수록,32
일부,32
바치다,32
이든,32
사용,32
조금씩,32
배경,32
니까,32
쫓기다,32
부탁,32
끔찍하다,32
최악,32
독자,32
불,32
가의,32
바다,32
지나다,32
맡다,32
히어로,32
집착,32
동네,32
칼,32
먼저,32
수호,32
툰,32
순,32
부부,32
색,32
후계,32
이동,32
그저,32
감추다,32
로고,32
꾸다,32
커플,32
영화,32
금요일,32
드리다,32
업데이트,32
기묘하다,32
주원,31
빚,31
힘들다,31
이며,31
지치다,31
달다,31
벌이다,31
붉다,31
성인,31
만큼,31
갈등,31
최대,31
그래서,31
에선,31
풀다,31
아주,31
점차,31
세력,31
변화,31
노리다,31
보여주다,31
꽃미남,31
불다,31
거래,31
잔혹하다,31
낼,31
앞두다,31
실종,31
야구,31
은밀,31
교수,31
근,31
데뷔,31
사냥,31
일으키다,31
치열하다,31
통,30
직접,30
도경,30
여기다,30
하룻밤,30
입다,30
학년,30
힘드다,30
넌,30
타,30
범인,30
허다,30
조건,30
한다는,30
까칠하다,30
영애,30
이별,30
장면,30
그린,30
충격,30
경찰,30
전학생,30
음,30
의식,30
더욱,30
반드시,30
엘,30
자라다,30
움직이다,30
매,30
황궁,30
어둠,30
길다,30
곧,30
땅,30
캠퍼스,30
약,30
그로,30
이사,30
만화가,30
직원,30
최초,30
사부,29
평화,29
동시,29
괴롭히다,29
그대로,29
밖,29
배,29
성의,29
내리다,29
사기,29
청,29
조연,29
저승,29
심지어,29
시달리다,29
생일,29
째,29
생명,29
신경,29
부활,29
몰래,29
바보,29
성장하다,29
젊다,29
표지,28
기술,28
피해,28
수도,28
하루하루,28
목격,28
금수,28
빛나다,28
교통사고,28
괴롭힘,28
지훈,28
웹소설,28
조차,28
저택,28
사다,28
처절하다,28
끊다,28
혈,28
기업,28
열심히,28
일곱,28
필요,28
헌터,28
혼인,28
현장,28
스승,28
미모,28
타인,28
헌,28
용의,28
자가,28
도착,28
살의,28
킬러,28
습격,28
힐링,28
신분,28
친,28
살이,28
또한,28
선녀,28
숲,28
백작,28
경험,27
옆,27
후회,27
욕망,27
하얗다,27
유리,27
기도,27
삼다,27
어딘가,27
질투,27
해당,27
왕국,27
울다,27
즐겁다,27
전기,27
뻔하다,27
미남,27
약혼자,27
멋지다,27
소식,27
당황,27
신선,27
가상,27
직전,27
봉,27
닿다,27
무도,27
던지다,27
뜻,27
무너지다,27
입사,27
뜻밖,27
신체,27
찌다,27
학산,26
실패하다,26
신다,26
범죄,26
물건,26
고통,26
거부,26
전투,26
활동,26
형사,26
이루어지다,26
제작,26
아래,26
어쩔,26
신세,26
카,26
트라우마,26
순수하다,26
물론,26
바,26
초대,26
그대,26
멤버,26
걱정,26
네이버,26
정상,26
오히려,26
짜다,26
삶다,26
강력하다,26
잠들다,26
환상,26
극복,26
다루다,26
몰다,26
가까워지다,26
백수,26
이기,26
지는,26
업,26
덕분,26
자취,26
봉인,26
의지,26
손님,26
비다,25
뛰어들다,25
꼭,25
파괴,25
스러운,25
스물,25
자꾸,25
와는,25
지호,25
나누다,25
남자에게,25
끝내다,25
결,25
자살,25
절친,25
바라보다,25
대의,25
널,25
사랑스럽다,25
닮다,25
숨기,25
무대,25
진심,25
에서의,25
공부,25
정령,25
아르바이트,25
야설록,25
사정,25
하윤,25
벌,25
보호,25
가득,25
싫어하다,25
차리다,25
론,25
두렵다,25
풀,25
에피소드,25
천마,25
아프다,25
놀라다,25
차지,25
환자,25
쓰러지다,25
잘리다,25
돕다,25
여신,25
린다,25
깨다,25
지난,25
만들기,25
황,25
대학교,24
철,24
토끼,24
범죄자,24
도중,24
학교생활,24
시선,24
아저씨,24
스카우트,24
거짓말,24
악연,24
석,24
뛰다,24
끊임없다,24
결과,24
용이,24
결정,24
말리다,24
뽑다,24
그게,24
넘어가다,24
덕질,24
타임슬립,24
맺다,24
유,24
자매,24
갚다,24
금지,24
물리다,24
직장인,24
붙다,24
팔,24
달라지다,24
스럽다,24
담다,24
글,24
상사,24
외롭다,24
연기,24
기이하다,24
라도,24
예전,24
할리퀸,24
물리,24
평소,24
인형,24
무당,24
귀족,24
이안,24
후궁,24
저승사자,24
대회,23
동아리,23
줍다,23
역,23
사랑받다,23
바이러스,23
병원,23
테,23
십,23
패,23
인정,23
교육,23
빠져들다,23
주지,23
기운,23
의뢰,23
시리즈,23
영은,23
세계관,23
본인,23
선언,23
공격,23
돌리다,23
위로,23
수수께끼,23
신들,23
과정,23
딱,23
린,23
역할,23
류,23
계략,23
많이,23
탕,23
지존,23
무영,23
시체,23
대해,23
약하다,23
사내,23
이를,23
호감,23
유쾌하다,23
예정,23
자식,23
파헤치다,23
예상,23
걷다,23
래,23
알아보다,23
전직,23
무사,23
림,23
맛있다,23
그림자,23
놀다,23
비밀스럽다,23
철저하다,23
음식,23
편,23
유명,22
보지,22
싸다,22
시험,22
중학교,22
명작,22
개인,22
차이다,22
위험,22
초월,22
바쁘다,22
소문나다,22
마교,22
엔딩,22
지독하다,22
마침내,22
선우,22
한류,22
대기업,22
냐,22
역시,22
선수,22
죽지,22
정치,22
중인,22
드,22
뭘,22
언,22
중심,22
고향,22
결혼식,22
닥치다,22
주장,22
성적,22
특별,22
이던,22
향기,22
공간,22
남매,22
항상,22
친해지다,22
공략,22
잠깐,22
개월,22
사망,22
급기야,22
백년,22
지켜보다,22
취급,22
성운,21
대공,21
명문,21
폭발,21
근데,21
여자친구,21
육아,21
짐승,21
가능하다,21
코,21
전국,21
취향,21
로봇,21
비록,21
겁,21
얼음,21
현우,21
채우다,21
타이틀,21
티,21
말고,21
흘러가다,21
짓,21
반전,21
지원,21
유지,21
드러나다,21
가면,21
플레이,21
밝혀지다,21
하진,21
뺏다,21
신혼,21
장난,21
동경,21
여전하다,21
치우다,21
퀘스트,21
불행하다,21
잔인하다,21
원수,21
괜찮다,21
흔들리다,21
체,21
외전,21
괴롭다,21
시련,21
여왕,21
들리다,21
완전하다,21
두근거리다,21
봄,21
순정,21
쓰이다,21
후의,21
각,21
짝,21
호랑이,21
떠오르다,21
로맨틱,21
무리,21
방해,20
슈퍼,20
소소하다,20
몰락하다,20
파티,20
개정,20
박,20
타고나다,20
감동,20
조각,20
관리,20
호의,20
열다,20
발전,20
수행,20
사의,20
승자,20
전하,20
흑,20
꾼,20
퍼지다,20
얼마,20
던전,20
호기심,20
사막,20
살인마,20
말리,20
얼떨결,20
버전,20
금,20
북,20
찍히다,20
어서,20
출근,20
자전,20
따다,20
뿐이다,20
새벽,20
가상현실,20
어떻,20
종족,20
선보이다,20
주가,20
갖추다,20
그러니까,20
탄생,20
내기,20
팬,20
목,20
엘리트,20
드레드,20
반지,20
시크,20
메이크업,20
진운,20
정부,20
부인,20
공녀,20
집단,20
무기,20
삼키다,20
익히다,20
사투,20
특집,20
과학,20
보물,20
착각,19
아카데미,19
미녀,19
그만,19
사자,19
면접,19
초보,19
일지,19
보기,19
잡,19
외,19
인터넷,19
후보,19
비참하다,19
원제,19
놓이다,19
인간계,19
이라니,19
목요일,19
하리,19
갓,19
험난하다,19
제공,19
치르다,19
추억,19
타고,19
덮다,19
동기,19
사신,19
투성이,19
수선,19
룸메이트,19
풍,19
쫓겨나다,19
만년,19
로운,19
불의,19
경계,19
현상,19
소심하다,19
늑대,19
개발,19
고생,19
훔치다,19
찍다,19
국내,19
수아,19
겸,19
전의,19
뛰어넘다,19
에스,19
감성,19
개성,19
똑같다,19
주먹,19
드러내다,19
능력자,19
올리다,19
황당하다,19
헤매다,19
신데렐라,19
본능,19
시기,19
신입생,19
지아,19
활,19
안고,19
썸,19
층,19
사연,19
공감,19
악몽,19
환,19
노인,19
흙,19
변호사,19
풀리다,18
수가,18
종,18
너무나,18
파트너,18
빼앗다,18
기록,18
장르,18
염,18
버티다,18
마스터,18
아무리,18
차려,18
파란만장하다,18
라이벌,18
열정,18
거짓,18
중원,18
결말,18
갖은,18
서른,18
에만,18
수영,18
해원,18
편지,18
보이지,18
병맛,18
쌓이다,18
분노,18
묻다,18
찰나,18
참가,18
홍,18
맨,18
리메이크,18
요한,18
커지다,18
기분,18
센터,18
간직,18
말로,18
놓치다,18
치명,18
부족하다,18
생계,18
가로,18
이라도,18
후배,18
피하,18
신인,18
독특하다,18
잘나다,18
옆집,18
자랑,18
빼다,18
벌다,18
용기,18
무술,18
의심,18
게이,18
뒤지다,18
장남,18
국가,18
예측,18
일반,18
억울하다,18
릴리,18
프로그램,18
증오,18
거대,18
한결,18
축구,18
잘나가다,18
수요일,18
재미,18
대전,18
리스트,18
위대하다,18
채연,18
일기,18
달콤,18
생존자,18
우수상,18
컬러,17
여러분,17
요리사,17
하우스,17
칠,17
마력,17
영원하다,17
망나니,17
초등학교,17
짧다,17
파란만장,17
어차피,17
아홉,17
원한,17
다정,17
허락,17
책임지다,17
통쾌하다,17
재앙,17
협,17
발생,17
유령,17
취준생,17
사진,17
카카오페이지,17
독점,17
난무,17
시온,17
무한,17
망,17
저지르다,17
화가,17
슬프다,17
지망,17
질,17
방향,17
강렬하다,17
호러,17
베일,17
유물,17
낮,17
두근두근,17
구한,17
미묘하다,17
온라인,17
대리,17
태자,17
남궁,17
트리,17
응,17
무시무시하다,17
되돌리다,17
연예인,17
생기,17
빨다,17
암투,17
무인,17
한데,17
파멸,17
어느새다,17
아끼다,17
신비롭다,17
어울리다,17
세자,17
육체,17
악,17
일단,17
제발,17
화제,17
실제,17
신입,17
내용,17
솔,17
축복,17
막장,17
띄다,17
동창,17
가정,17
조폭,17
날리다,17
겨울,17
스토커,17
내려오다,17
와중,17
골통,17
아슬아슬하다,17
장소,17
세월,17
프러포즈,16
연쇄,16
취직,16
수업,16
총,16
당선,16
느낌,16
밝다,16
최종,16
터지다,16
차례,16
건네다,16
수사,16
트러블,16
가르치다,16
외면,16
풋풋하다,16
똑같이,16
만은,16
숨,16
마치,16
오른,16
프로,16
가출,16
회사원,16
트,16
옴니버스,16
행,16
대형견,16
돌,16
호텔,16
틴,16
피다,16
단순하다,16
어째서,16
막내딸,16
웬,16
가르다,16
흔들다,16
가깝다,16
빠르다,16
선사,16
사마,16
그토록,16
엉뚱하다,16
승부,16
모시다,16
종말,16
고대,16
너희,16
모자라,16
사이다,16
욕,16
이상형,16
정복,16
모델,16
이웃,16
기대,16
도련님,16
암살,16
공존,16
도달,16
혁명,16
떠올리다,16
피우다,16
경지,16
자객,16
서브,16
명령,16
막내,16
취미,16
조선시대,16
욕심,16
서바이벌,16
보,16
맹세,16
라이,16
앉다,16
감다,16
로만,16
사나이,16
밑,16
수명,16
오로지,16
학기,16
가짜,16
화요일,16
강제,16
건물,16
약혼,16
오래,16
천계,16
완성,16
자유,16
단서,16
폐물,16
제비,16
전신,16
누리다,16
에이,16
하고도,16
누명,16
리얼,16
다가가다,16
벽,16
뭔가,16
묵향,16
맞추다,16
담,16
스,16
두운,16
지우다,15
광,15
팬픽,15
미국,15
둘째,15
대답,15
나비,15
젠,15
사람과,15
재수,15
버스,15
아리,15
미소녀,15
부의,15
잘못,15
돌다,15
시아,15
상속,15
찾아내다,15
사형,15
섞이다,15
집사,15
다시다,15
자극,15
정우,15
선생,15
크게,15
파혼,15
눈치,15
킹,15
승리,15
승,15
첫째,15
빈,15
무혼,15
달달,15
추적,15
하자,15
의미,15
나름,15
만날,15
하녀,15
거두다,15
적응하다,15
시한,15
빌런,15
맛,15
일인,15
울리다,15
어쩐지,15
솔로,15
환경,15
버려진,15
옛날,15
수저,15
제로,15
레이,15
침대,15
레아,15
께,15
두번째,15
체질,15
순진하다,15
내려가다,15
건가,15
해달라다,15
언젠가,15
스트레스,15
평범,15
슬픔,15
가운데,15
변신,15
때리다,15
윤,15
연극,15
미술,15
강아지,15
컬,15
오랫동안,15
은혜,15
스포츠,15
실,15
잡고,15
멀어지다,15
문명,15
굳다,15
분위기,15
팔다,15
스무,15
완벽,15
옛,15
레이디,15
직업,15
남학생,15
좌절,15
폭탄,15
포인트,15
변,15
엇갈리다,15
진행,15
호구,15
연결,15
약골,15
대하,15
자유롭다,15
희수,15
흡수,15
지하,15
여대생,15
무려,15
우당탕,15
귀환,15
여덟,15
령,15
악의,15
여섯,15
매번,15
밥,15
치킨,14
담당,14
그건,14
만렙,14
자라,14
올,14
빨리,14
산다,14
동하,14
알콩달콩,14
초능력자,14
신수,14
매니저,14
지도,14
누르다,14
외계인,14
부정,14
음악,14
예요,14
가리다,14
꼬마,14
강철,14
텐센트,14
지역,14
후손,14
연화,14
용병,14
가수,14
그만두다,14
무적,14
도사,14
연예계,14
비극,14
달리다,14
불꽃,14
정보,14
어쩌다,14
예술,14
전교,14
겉,14
나무,14
하인,14
기자,14
스캔들,14
엮,14
표현,14
구석,14
도박,14
무신,14
풍운,14
애쓰다,14
디,14
미아,14
아스,14
다스리다,14
유저,14
푸른,14
감염,14
추락,14
재산,14
발랄,14
등급,14
튀다,14
적다,14
쏘다,14
소환,14
부분,14
깜짝,14
억만장자,14
톱스타,14
청혼,14
휩싸이다,14
업무,14
물의,14
중이,14
낳다,14
들어주다,14
서서히,14
정작,14
소재,14
각종,14
남장,14
쯤,14
스무살,14
소속,14
훈련,14
만두,14
개념,14
국민,14
고용,14
잡아먹다,14
사업,14
쌓다,14
벗다,14
새기다,14
첩,14
내일,14
대결,14
고아,14
후작,14
전개,14
적응,14
장군,14
애정,14
밝히다,14
신혜,14
군림,14
호위,14
해내다,14
길들이다,14
절대로,14
일대기,14
찌질하다,14
순식간,14
처단,14
밟다,14
극한,14
내미다,14
털다,14
남동생,14
때로는,14
활약,14
혹은,14
탈,14
조사,14
이태,14
소유,14
옥,14
새끼,14
도대체,14
셋,14
공자,14
엑스트라,14
보석,14
만들어지다,14
기생,14
두려움,13
기상,13
천국,13
네이버웹툰,13
이현세,13
해리,13
만으로,13
현무,13
자의,13
검사,13
들려주다,13
연하남,13
으로는,13
하나로,13
반대,13
썩다,13
살벌하다,13
흔하다,13
무언가,13
우선,13
니제르,13
쟁이,13
주연,13
레온,13
리지,13
직진,13
반한,13
스킬,13
궁금하다,13
덕,13
은우,13
러브스토리,13
너무나도,13
빌리다,13
속이다,13
깔다,13
악명,13
호수,13
몰리다,13
디아,13
심하다,13
여학생,13
동양,13
퇴마사,13
문자,13
만지다,13
갈수록,13
테스트,13
반역,13
세운,13
수상,13
전장,13
소용돌이,13
진우,13
기획,13
맥,13
강시,13
강유,13
느리다,13
다치다,13
떼다,13
암살자,13
답,13
한계,13
프리,13
가온,13
마족,13
감각,13
라니,13
불편하다,13
쏟아지다,13
무인도,13
미인,13
아르,13
명예,13
요청,13
부턴,13
지니,13
직,13
술사,13
간의,13
입술,13
눈빛,13
성장기,13
쇼,13
보상,13
지능,13
무예,13
청산,13
속마음,13
흘리다,13
독살,13
계모,13
인어,13
꽤,13
간신히,13
반란,13
도훈,13
폭풍,13
혼,13
상냥하다,13
미소,13
정점,13
인들,13
참다,13
지르다,13
하루아침,13
스펙,13
나선,13
챙기다,13
까치,13
자라나다,13
솔직하다,13
옷,13
설정,13
검도,13
바르다,13
알바생,13
다크,13
풀기,13
위치,13
연습생,13
생사,13
일가,13
올라가다,13
라인,13
그래도,13
실험,13
삼촌,13
츤데레,13
존,12
이모,12
서진,12
알려지다,12
진의,12
노비,12
연하,12
간택,12
무조건,12
사무실,12
견디다,12
가야,12
가난,12
화산,12
신입사원,12
의도,12
엘프,12
배틀,12
절,12
데려가다,12
시트콤,12
창,12
익숙하다,12
따위,12
서비스,12
황금,12
불구,12
병사,12
일행,12
이승,12
사원,12
주신,12
자존심,12
심마,12
죠,12
오만하다,12
사냥꾼,12
도망,12
다림,12
미르,12
순정만화,12
김범,12
놀림,12
노아,12
찬란하다,12
태화,12
남다르다,12
루,12
왠지,12
흔적,12
배달,12
라며,12
운동,12
속세,12
사생아,12
냄새,12
잇다,12
고르다,12
영지,12
낯설다,12
삼국지,12
도둑,12
군대,12
성은,12
아영,12
늦다,12
퇴사,12
가치,12
들려오다,12
명성,12
아직도,12
열리다,12
공무원,12
더하다,12
단지,12
비운,12
순탄,12
쥐,12
천지,12
대행,12
모태솔로,12
어찌,12
이대로,12
불사,12
안경,12
막상,12
미련,12
압도,12
사상,12
지나,12
혹시,12
로스,12
손자,12
앓다,12
위장,12
지나가다,12
뽑기,12
맛보다,12
까지는,12
오기,12
우여곡절,12
녹다,12
마물,12
든지,12
상유,12
아싸,12
아무렇다,12
데이트,12
일도,12
창조,12
심부름,12
함,12
강요,12
셰프,12
귀찮다,12
부자,12
연락,12
덕후,12
교실,12
루나,12
제거,12
죄인,12
깨지다,12
전사,12
괴생명체,12
지식,12
성우,12
발휘,12
뒤늦다,12
치유,12
느껴지다,12
전문,12
진국,12
쪽,12
구르다,12
수능,12
축기,12
멀리,12
고작,12
냥,12
감시,12
어비스,12
재다,12
부딪히다,12
어째,12
정반대,12
왕비,12
부서지다,12
난관,12
수화,12
회복,12
식물,12
잖다,12
자르다,12
도진,12
빨갛다,12
한마디,12
꿀,12
배후,12
일본,12
이미지,12
전락,12
아찔하다,12
겨우,12
부여,12
범의,12
스트리머,12
두뇌,12
투,12
기간,12
쉽다,12
날다,12
행방,12
방문,11
규,11
담기다,11
말단,11
희귀,11
격투,11
커피,11
기숙사,11
당시,11
년대,11
핫,11
애틋하다,11
쥐다,11
폭행,11
신계,11
베다,11
외치다,11
끼다,11
또다른,11
벨,11
성훈,11
어쩌면,11
근무,11
학과,11
노리,11
설다,11
강림,11
법칙,11
피폐,11
지은,11
사로자다,11
아픔,11
주의자,11
순애,11
에너지,11
품,11
다리,11
남성,11
전남친,11
살로,11
유안,11
한없이,11
마야,11
희생,11
하라,11
뒷,11
공유,11
입양,11
기준,11
짐,11
불가,11
줄다,11
불행,11
가까스로,11
건강하다,11
세포,11
유미,11
소유자,11
컴백,11
능,11
성별,11
대장,11
미소년,11
이랑은,11
귀가,11
재원,11
무쌍,11
제이,11
당연하다,11
협박,11
르,11
민준,11
사기꾼,11
혼돈,11
미지,11
예능,11
중전,11
흥미,11
아파트,11
교주,11
합치다,11
서툴다,11
오지,11
맞선,11
호령,11
박사,11
그립다,11
복,11
성공,11
웃음,11
주문,11
수줍다,11
졸지,11
합격,11
일기장,11
불안하다,11
확인,11
잔,11
영생,11
외한,11
원인,11
구미호,11
노래,11
피스,11
뭐라다,11
짓다,11
낙인,11
여리다,11
은퇴,11
취해,11
메,11
모범생,11
뒤틀리다,11
충전,11
조종,11
정리,11
계승,11
전화,11
맘,11
대판,11
곰,11
아씨,11
컴퍼니,11
강의,11
혁,11
교내,11
생겨나다,11
돌이,11
예고,11
진상,11
간절하다,11
미션,11
약혼녀,11
지하철,11
꺼내다,11
가해자,11
돌연,11
사촌,11
불만,11
학대,11
살수,11
유망,11
임진,11
막히다,11
기사단,11
여친,11
송이,11
이전,11
황실,11
기대하다,11
짱,11
피로,11
잡히다,11
스티,11
불과하다,11
내공,11
카이,11
달려가다,11
주위,11
꺾다,11
깃,11
정략,11
되살리다,11
상단,11
감독,11
샬롯,11
엉,11
은하,11
서사시,11
먹이,11
스타일,11
눈부시다,11
이복,10
힐,10
뻔,10
지안,10
딱하다,10
월요일,10
엮이면,10
참여,10
일만,10
처리,10
일요일,10
불량,10
걸어오다,10
이레,10
계시다,10
삼각관계,10
낯,10
루키,10
가보다,10
강도,10
부적,10
장문,10
경이,10
보통,10
마음먹다,10
시공,10
없애다,10
알아내다,10
블루,10
마무리,10
무심하다,10
데려오다,10
레,10
탐욕,10
택배,10
태도,10
인사,10
일대,10
특이하다,10
연금술사,10
사사건건,10
적당하다,10
꺼지다,10
부작,10
다정다감,10
자고,10
붙잡다,10
파다,10
암,10
청풍,10
전세계,10
매혹,10
대대로,10
비늘,10
기만,10
바닥,10
따라다니다,10
망가지다,10
애가,10
입대,10
엘리,10
만인,10
왕녀,10
도르다,10
신령,10
커다랗다,10
투하,10
마르다,10
엉망,10
곳곳,10
여포,10
긴장감,10
선인,10
아리다,10
폐하,10
티나,10
토,10
하이,10
태우다,10
이로,10
은성,10
구애,10
재력,10
연구,10
수상하다,10
최선,10
명검,10
장사,10
반응,10
꿈속,10
날아오다,10
아이템,10
병기,10
삼류,10
닦다,10
침략,10
당첨,10
질주,10
뇌,10
기괴하다,10
해피,10
허덕이다,10
약점,10
연애담,10
또다시,10
결코,10
최신,10
앗,10
우울하다,10
낮다,10
살벌,10
태호,10
신마,10
재탄생,10
의대,10
안다,10
아치,10
과도,10
처형,10
식사,10
중요하다,10
스노우,10
소설가,10
행운,10
이몽,10
진화,10
나락,10
이드,10
타운,10
제압,10
공포증,10
지나치다,10
길이,10
장미,10
머물다,10
어색하다,10
뭉치다,10
유쾌,10
함정,10
선호,10
여행기,10
안드로이드,10
숲속,10
월세,10
희망이,10
미스테리,10
절정,10
신검,10
제물,10
복귀,10
요정,10
지목,10
가람,10
에게만,10
대항,10
깨달,10
홀,10
겨,10
실패,10
어긋나다,10
찌르다,10
부와,10
대화,10
문의,10
리더,10
삭제,10
나아가다,10
얼룩지다,10
흔,10
진출,10
먼치킨,10
번번이,10
한때,10
친하다,10
가주,10
승은,10
친척,10
정글,10
벌레,10
돌보다,10
중국,10
유언,10
어르다,10
유하,10
구세주,10
쉬,10
버,10
군주,10
먹히다,10
들어서다,10
추리,10
성녀,10
년차,10
정통,10
야하다,10
디자이너,10
망상,10
투자,10
배다,10
몰살,10
인가요,10
대형,10
급하다,10
부산,10
임시,10
난생처음,10
투기,10
비류,10
당주,10
안되다,10
오피스,10
정해진,10
툰즈,10
건드리다,10
집다,10
대박,10
줄기,10
형편,10
문턱,10
모조리,10
처벌,9
일명,9
응원,9
장례식,9
고객,9
추가,9
도서관,9
더럽다,9
잡기,9
불운,9
무료,9
재난,9
재혼,9
추연,9
역대,9
몰락,9
밑바닥,9
휘두르다,9
정원,9
세이,9
굴레,9
세대,9
지긋지긋하다,9
철주,9
분명하다,9
백룡,9
불허,9
멸문,9
하니,9
듯이,9
은둔,9
파고들다,9
챔피언,9
식당,9
독립,9
따스하다,9
접,9
방황,9
사극,9
옥상,9
진범,9
물들다,9
소연,9
슬럼프,9
아무래도,9
관련,9
걸음,9
떼,9
바로잡다,9
동쪽,9
안타깝다,9
재영,9
우혁,9
단운혜,9
땐,9
교도소,9
콤비,9
프랑스,9
상담,9
거들다,9
모자라다,9
가볍다,9
출연,9
자로,9
무릎,9
아가,9
비롯,9
기념,9
복학생,9
재림,9
룡,9
영문,9
분명,9
다짜고짜,9
본부장,9
쿨하다,9
생애,9
탐정,9
예언,9
피해자,9
따로,9
암흑,9
공모,9
데리,9
고치다,9
유발,9
다운,9
요구,9
악착같이,9
수장,9
구슬,9
감옥,9
버려지다,9
색다르다,9
안나,9
옥황상제,9
어이없다,9
돌파,9
으로서의,9
생물,9
쟁취,9
한별,9
한가지,9
인정받다,9
큐브,9
상대로,9
당당하다,9
운산,9
밀다,9
흑룡,9
이무기,9
달빛,9
날개,9
혜,9
나성진,9
빌다,9
빵,9
박살,9
로벨,9
구박,9
되게,9
경쟁,9
주머니,9
히트,9
약육강식,9
세로,9
소개팅,9
레오,9
도무지,9
서민,9
얘기,9
임신,9
막강,9
메시지,9
학창,9
출산,9
적국,9
오컬트,9
내내,9
대립,9
려,9
보컬,9
요원,9
제왕,9
신랑,9
오픈,9
만점,9
기절,9
크리스마스,9
베이,9
설마,9
라이어,9
수습,9
본,9
커녕,9
감당,9
장애,9
주제,9
사이코패스,9
연호,9
정식,9
찌들다,9
촬영,9
벼,9
독,9
유주,9
조카,9
방이,9
인성,9
회차,9
괴한,9
싸가지,9
무장,9
형태,9
붙잡히다,9
지수,9
자질,9
기쁨,9
수석,9
으로도,9
폭주,9
다인,9
마도,9
감히,9
셰어,9
밀리다,9
최애,9
진주,9
난데없이,9
장본인,9
태준,9
댄스,9
인공,9
다이아몬드,9
낚시,9
감금,9
눈동자,9
빠져나가다,9
일어난다,9
다해,9
일과,9
밀,9
악질,9
우먼,9
보살피다,9
열쇠,9
태풍,9
부리다,9
올림포스,9
얼,9
해석,9
클리어,9
수리,9
기대다,9
맑은,9
깨우다,9
시각,9
도우,9
창궐,9
시도,9
잊혀지다,9
메인,9
예서,9
경호,9
클리셰,9
잔뜩,9
아델,9
술김,9
매월,9
대장군,9
폐,9
하연,9
부딪치다,9
대작,9
생전,9
고프다,9
일어나고,9
남아,9
무명,9
갑작스레,9
가정부,9
여울,9
인질,9
정말로,9
망치다,9
불리,9
격투기,9
잠자리,9
선정,9
유준,9
새내기,9
영하,9
여배우,9
월국,9
상식,9
성과,9
까마귀,9
결핍,9
통일,9
고려,9
깨,9
에나,9
메다,9
발표,9
사춘기,9
통치,9
원장,9
지방,9
보나,9
치이다,9
에야,9
비범하다,9
수라,9
숨막히다,9
진하다,9
특종,9
만끽,9
중독,9
이두호,9
만큼은,9
진학,9
파워,9
오디션,9
지고,9
얼마나,8
통한,8
어떠하다,8
비비,8
낭만,8
리아,8
건설,8
거나,8
로는,8
전이,8
황비,8
아비,8
섹시하다,8
절체절명,8
충실하다,8
기관,8
깜빡,8
최연,8
가끔,8
레드,8
훈남,8
재희,8
톡방,8
시비,8
왕실,8
황폐,8
최근,8
각각,8
로또,8
마존,8
웬일,8
직녀,8
시집,8
메이드,8
도주,8
당장,8
편집,8
남고생,8
선거,8
몽,8
감자,8
농간,8
수만,8
먹방,8
로이,8
도운,8
라테,8
아사,8
깊이,8
부잣집,8
질문,8
묵묵하다,8
방식,8
구혼,8
별로,8
워,8
블랙,8
황희,8
뜻대로,8
상위,8
억지로,8
제주도,8
이그니스,8
바이오,8
신기하다,8
마음속,8
수십,8
스럽게,8
안전하다,8
안달,8
영상,8
발목,8
유월,8
모여들다,8
선재,8
분노하다,8
뿌리,8
찢다,8
겹,8
고귀하다,8
차라리,8
진수,8
서원,8
쓸쓸하다,8
태권도,8
유치원,8
편의점,8
컨텐츠,8
때론,8
대부호,8
거슬리다,8
지루하다,8
마음씨,8
톱,8
부탁드리다,8
뷰티,8
밴드,8
치기,8
스튜디오,8
오가다,8
꾸리다,8
길거리,8
자마자,8
수인,8
한쪽,8
나무꾼,8
전체,8
출현,8
불법,8
남겨지다,8
우승,8
후예,8
남작,8
새로이,8
짜릿하다,8
유진,8
전래,8
자신감,8
저주받다,8
혹,8
내버리다,8
햇살,8
저녁,8
장님,8
시후,8
올라오다,8
학창시절,8
특히,8
유채,8
보름달,8
교인,8
승아,8
넘기다,8
굴,8
영국,8
관리자,8
시원하다,8
그동안,8
길드,8
부드럽다,8
우주선,8
최애캐,8
앞날,8
상완,8
아수라,8
야만,8
아슬아슬,8
답답하다,8
좀처럼,8
핸드폰,8
경기,8
안녕,8
우수,8
매너,8
현이,8
안전,8
마이,8
편하다,8
조차도,8
서방,8
퇴마,8
추구,8
얘,8
스마트폰,8
인의,8
각양각색,8
사오다,8
에르,8
원호,8
요소,8
냉정하다,8
오작교,8
초년,8
티격태격,8
미나,8
꿇다,8
현생,8
스파이,8
지게,8
성좌,8
에드워드,8
대물,8
접속,8
필사,8
안정,8
백만,8
독신,8
박씨,8
그레이스,8
어플,8
사가,8
그야말로,8
거울,8
보다도,8
칭하,8
조상,8
나래,8
강혁,8
견우직녀,8
시스,8
자처,8
하의,8
치밀하다,8
무뚝뚝하다,8
마찬가지,8
동급생,8
영물,8
리온,8
크리에이터,8
자손,8
심각하다,8
다시금,8
어디서,8
일영,8
우진,8
몰아치다,8
학생회장,8
마수,8
변태,8
기어,8
별명,8
신비,8
기본,8
발현,8
설명,8
흉터,8
유전자,8
부장,8
소이,8
겉보기,8
외동딸,8
떨치다,8
꾸미다,8
적도,8
굴지,8
선고,8
기필코,8
체험,8
심다,8
유산,8
불쌍하다,8
마감,8
카메라,8
토대,8
부흥,8
개척,8
튀어나오다,8
닥쳐오다,8
유럽,8
니아,8
당일,8
송가희,8
간호사,8
전공,8
신나다,8
산속,8
괴상하다,8
너머,8
우등,8
박다,8
축,8
머릿속,8
모래,8
록,8
올해,8
악귀,8
보트,8
앱,8
민우,8
은호,8
특급,8
이계,8
컷,8
이중,8
남몰래,8
레지던트,8
계절,8
자칭,8
시장,8
인턴,8
선망,8
웹툰작가,8
방울,8
부하,8
표,8
바리,8
너무도,8
라이언,8
무작정,8
시원,8
손녀,8
플레이보이,8
클럽,8
해골,8
최면,8
콤플렉스,8
정이,8
장수,8
단계,8
끼어들다,8
유학,8
랜드,8
말투,8
상관없다,8
교의,8
기왕,8
으로서,8
포함,8
일반인,8
기반,8
용사,8
자원,8
카일,8
이성,8
잔혹,8
패키지,8
준혁,8
성경,8
초아,7
정열,7
성실하다,7
자연,7
초대형,7
군사,7
식빵,7
이중생활,7
촌장,7
부수,7
예지,7
틀다,7
어젯밤,7
인도,7
한판,7
전환,7
오브,7
확률,7
영역,7
게으르다,7
동명,7
사태,7
돌이키다,7
환영,7
빛과,7
주말,7
스치다,7
케,7
무자비하다,7
내겐,7
부상,7
죄수,7
에이스,7
접수,7
정기,7
황룡,7
자수,7
태양,7
열기,7
피어,7
격,7
이에요,7
적대,7
만약,7
채널,7
적극,7
해드리다,7
마음껏,7
로판,7
나머지,7
무참,7
배신자,7
부엌,7
고딩,7
로망,7
비치다,7
라곤,7
섬뜩하다,7
진정,7
신관,7
기계,7
고하,7
일생,7
극단,7
사교계,7
털,7
전담,7
부대,7
영기,7
건의,7
뽀짝,7
백마,7
피지,7
처지,7
켜다,7
차기,7
정호,7
서연,7
묻히다,7
상부,7
무제,7
대단하다,7
불쑥,7
밝혀내다,7
ㅉㅗㅈ,7
수학,7
둘리,7
비주,7
국제,7
이오,7
테리,7
볼프강,7
외톨이,7
행세,7
축하,7
잠기다,7
까지만,7
누리,7
불가사의하다,7
승낙,7
샤샤,7
유괴,7
문화,7
취한,7
공기,7
천외,7
클래스,7
대중,7
가인,7
벗기다,7
장이,7
익다,7
누,7
야망,7
사라,7
사채,7
장성,7
올라서다,7
야수,7
필연,7
유한,7
발랄하다,7
연하다,7
박탈,7
실행,7
마리아,7
토요일,7
진지하다,7
필드,7
오래되다,7
서클,7
때마침,7
외할머니,7
강현,7
사생활,7
계단,7
라엘,7
천인,7
퇴근,7
헤치다,7
습,7
끝내,7
여운,7
동물원,7
폐인,7
미슐랭,7
혐오,7
유일,7
스페이스,7
독고,7
폐허,7
따라가다,7
은현,7
연구소,7
실체,7
롭고,7
파의,7
델,7
흡혈귀,7
태수,7
주목,7
그리스,7
구매,7
캐스팅,7
엮이,7
리스,7
라미,7
주민,7
하영,7
이여,7
종일,7
마치다,7
재료,7
동정,7
마코토,7
어스,7
아깝다,7
해외,7
적의,7
닷,7
조국,7
디저트,7
데몬,7
고난,7
고요,7
파국,7
긁다,7
사제,7
단체,7
패배,7
숭배,7
며칠,7
양자,7
멸시,7
질풍,7
절벽,7
레스토랑,7
괴담,7
찾아보다,7
전해지다,7
주님,7
반격,7
허세,7
일로,7
지현,7
가라,7
무진,7
풍경,7
타임,7
상우,7
천상,7
서준,7
소희,7
황태자비,7
뻘짓,7
가요,7
쟁탈전,7
차이,7
파리,7
병약하다,7
특수,7
유도,7
데릴사위,7
글로벌,7
스칼렛,7
오명,7
서윤,7
모종,7
냉혹하다,7
실전,7
묘사,7
딛다,7
유행,7
영향,7
예비,7
해치다,7
약초,7
천도,7
프로게이머,7
쌤,7
로드,7
웹,7
골드,7
무관,7
블록버스터,7
만족,7
화재,7
모양,7
선비,7
진아,7
지욱,7
이영,7
황당,7
복잡하다,7
애매하다,7
내주다,7
뚫다,7
다름없다,7
그걸,7
상관,7
외계,7
싱글,7
튀기다,7
이준,7
몸매,7
전수,7
환빙물,7
살인자,7
사명,7
운하,7
없어지다,7
쎄다,7
게스트하우스,7
황족,7
거슬러,7
증거,7
스릴,7
제의,7
도하,7
끌다,7
범벅,7
주부,7
한가운데,7
근성,7
현석,7
리나,7
최정,7
편안하다,7
가르침,7
남지,7
여느,7
골,7
도윤,7
리얼리티,7
빨루,7
큐피드,7
슬우,7
장인,7
말르다,7
출생,7
우의,7
이랑,7
테러,7
십대,7
산적,7
개다,7
이현,7
한강,7
하렘,7
던,7
기기,7
룩,7
세드릭,7
히든,7
완전,7
입학식,7
질병,7
해체,7
싹트다,7
동갑,7
활용,7
제나,7
떨리다,7
내놓다,7
흑역사,7
눕다,7
오메가,7
까진,7
신룡,7
수현,7
팔자,7
드넓다,7
오라버니,7
일수,7
읍,7
안기다,7
용의자,7
카시,7
사무라이,7
직감,7
손길,7
상금,7
향수,7
다행,7
리안,7
수배,7
소박하다,7
천문,7
건달,7
악인,7
노을,7
조지,7
준성,7
온달,7
감상,7
조수,7
즐거움,7
김민희,7
죄책감,7
진흥,7
호영,7
박하다,7
복통,7
머,7
누군지,7
소수,7
오류로,7
어느덧다,7
칼날,7
동맹,7
끝없다,7
온기,7
싸인,7
의원,7
백성,7
헷갈리다,7
온몸,7
고로,7
필,7
선우락,7
휴,7
페이지,7
나잇,7
발레,7
실라,7
요절,7
최휘,7
잠입,7
특수요원,7
한눈,7
장려상,7
파견,7
선발,7
윤서,7
은솔,7
숙경,7
양성,7
악령,7
과자,6
루스,6
플래그,6
진저,6
심판,6
확신,6
해수,6
입맛,6
규현,6
마음대로,6
위험천만,6
외딴,6
황영,6
외부,6
슈퍼히어로,6
왕궁,6
대기,6
불어,6
내지,6
호족,6
반장,6
대학병원,6
놀랍다,6
곤란하다,6
낫,6
효율,6
괴이,6
재혁,6
틈,6
날라리,6
고서,6
달리기,6
환하다,6
펜,6
맴도,6
육,6
귀비,6
뚱보,6
무색,6
녹,6
조그만,6
악한,6
홀리,6
아담,6
유의,6
킴,6
벼락,6
이하,6
노엘,6
진오,6
총수,6
내면,6
도장,6
우린,6
전과,6
영원,6
순결하다,6
한지,6
강풀,6
손가락,6
사고뭉치,6
낭인,6
표국,6
상큼,6
부마,6
이니까,6
십년,6
돌아보다,6
기류,6
하일권,6
사인,6
레이드,6
약체,6
패싸움,6
퓨전,6
버라이어티,6
다정다감하다,6
뼈,6
수백,6
몸부림,6
섬세하다,6
벌이,6
마디,6
에게나,6
자비,6
든든하다,6
따돌림,6
여유,6
주자,6
틱,6
정복기,6
여자아이,6
사리,6
끌,6
귀하다,6
천방지축,6
하드보일드,6
일개,6
엑소시스트,6
미안하다,6
려준,6
해인,6
참고,6
비로소,6
업계,6
리그,6
겸비,6
문득,6
모태,6
창천,6
이집트,6
화영,6
연구원,6
승남,6
망설이다,6
전승,6
러,6
부러지다,6
발령,6
추격,6
대책,6
이냐,6
농사,6
지대,6
태운,6
멋있다,6
후유증,6
규칙,6
카이로,6
중년,6
명인,6
인간관계,6
휴먼,6
특수하다,6
어시,6
음침하다,6
공법,6
플라워,6
심쿵,6
과학자,6
시리다,6
탈출기,6
알파,6
채은,6
흥미진진,6
고개,6
강사,6
컷툰,6
방출,6
결의,6
이리,6
선의,6
뜬금없이,6
회색,6
와도,6
최고봉,6
가혹하다,6
호준,6
다미,6
장준,6
마자,6
커리어,6
여장,6
공식,6
경제,6
영준,6
최현,6
속삭이다,6
현세,6
숙명,6
마저도,6
역전,6
다소,6
윈터,6
소가,6
대미,6
아군,6
험하다,6
소속사,6
주름,6
요나,6
꽃길,6
화백,6
압박,6
윤우,6
크리,6
견우,6
한심하다,6
업보,6
인간세계,6
무덕,6
바라지,6
지속,6
이니,6
엘레,6
실마리,6
판매,6
샤를,6
민석,6
인재,6
대역,6
수연,6
꼴,6
부가,6
테니스,6
전날,6
지환,6
순위,6
의무,6
당돌하다,6
업자,6
세자빈,6
수민,6
조향사,6
빈센트,6
타깃,6
사방,6
소름,6
화폐,6
겁니다,6
무능하다,6
윤지,6
유전,6
처참하다,6
이보,6
조석,6
울타리,6
보다는,6
사살,6
똑똑하다,6
월드,6
이러하다,6
겁결,6
멍청하다,6
어깨,6
본의,6
륜,6
만치,6
청소,6
신청,6
혜지,6
칩,6
휩쓸다,6
돌연변이,6
매진,6
임금,6
열차,6
정파,6
일제,6
가희,6
교회,6
팬더,6
매료,6
강원도,6
기쁘다,6
걸치다,6
연서,6
추,6
들러리,6
라칸,6
담임,6
후견인,6
궁궐,6
어린시절,6
오덕,6
이라곤,6
비앙카,6
이라고는,6
업그레이드,6
소울,6
한울,6
음주,6
조우,6
스며들다,6
작전,6
소심,6
단우,6
승상,6
돕기,6
하이힐,6
사람인,6
태경,6
유능하다,6
돌아다니다,6
신수혁,6
춤,6
빵집,6
웨딩,6
데이,6
집행,6
스피릿,6
붕괴,6
진기,6
막대,6
레슨,6
트레이스,6
꾸러기,6
도굴,6
패기,6
도저히,6
레인,6
미궁,6
끼치다,6
마블,6
혈통,6
획득,6
관종,6
보장,6
닫다,6
창작,6
남현,6
본적,6
단단하다,6
양준,6
구경,6
고독,6
냉철하다,6
해천,6
현인,6
자루,6
비슷하다,6
클로드,6
고의,6
유림,6
지구인,6
자아,6
버그,6
랜덤,6
해결사,6
소혁,6
야근,6
여준,6
술자리,6
여단,6
매다,6
야화,6
요즘,6
새다,6
녹스,6
부풀다,6
셔틀,6
골목,6
폴리,6
한순간,6
코믹스,6
소위,6
안락하다,6
한창,6
스쿨,6
나루,6
검찰,6
직속,6
수지,6
건우,6
베스트,6
패배하다,6
어보,6
풍족하다,6
모란,6
생활고,6
로펌,6
성향,6
홍진,6
고리,6
수진,6
상징,6
노블,6
검수,6
따윈,6
이직,6
안내,6
아크,6
튜토리얼,6
남극,6
뺑소니,6
천원,6
신종,6
광해군,6
소통,6
항,6
작고,6
건지다,6
유생,6
오연,6
진창,6
윤수,6
지시,6
좋아지다,6
메리,6
유비,6
마침,6
물어,6
재수없다,6
빅캄,6
충,6
권유,6
증,6
이식,6
북부,6
공생,6
지배자,6
뚝,6
소동,6
발동,6
장악,6
객잔,6
초인,6
드리우다,6
배려,6
비리,6
다툼,6
경해,6
침공,6
적히다,6
또래,6
익숙해지다,6
헬,6
가려진,6
하고프다,6
광고,6
종료,6
냉혈,6
물이,6
아미,6
슈퍼맨,6
책임,6
윈도,6
일어서다,6
유업,6
시오,6
가엾다,6
유독,6
소행,6
강하,6
산모,6
차분하다,6
영주,6
원망하다,6
돌려주다,6
반려동물,6
맡기다,6
리드,6
남경,6
일등,6
연희,6
레베카,6
힘겹다,6
해피엔딩,6
재는,6
번호,6
재기,6
종합,6
밀당,6
빵셔틀,6
지위,6
차나무,6
트레이너,6
다가,6
나노,6
태희,6
무너,6
택,6
녹턴,6
접다,6
가만히,6
강찬,6
편견,6
콘텐츠,6
어르신,6
비행기,6
권력자,6
타르,6
무현,6
약간,6
집중,6
티아,6
존경,6
직면,6
가기,6
탄탄,6
비관,6
서도,6
곤충,6
왕세자,6
블랙홀,6
온통,6
채용,6
관장,6
상대방,6
믿음,6
보험,6
고맙다,6
혀,6
미남자,5
권능,5
샨,5
천상천,5
혜성,5
가두다,5
바니,5
애사,5
천천히,5
장세,5
불가능,5
독존,5
초반,5
왕족,5
야생,5
바람둥이,5
라미아,5
숙녀,5
무성,5
블,5
노어,5
데리다,5
유현,5
안개,5
완수,5
종잡,5
이색,5
부패하다,5
신념,5
장녀,5
아쉽다,5
씻다,5
원치않다,5
창고,5
통과,5
자락,5
객,5
집밥,5
테오,5
고스트,5
수의,5
서호,5
양호,5
백호,5
갱생,5
정면,5
와인,5
강산,5
인구,5
극적,5
간단하다,5
꼴통,5
덜컥,5
여담,5
션,5
말썽,5
수모,5
랐,5
각인,5
전역,5
차근차근,5
가라앉다,5
병장,5
입맞춤,5
벨라,5
의욕,5
트로이,5
스퍼맨,5
정현,5
메신저,5
갈구다,5
어택,5
미디어,5
하나같이,5
가입,5
패권,5
성숙하다,5
협상,5
범과,5
경영,5
김윤이,5
자타공인,5
기억상실증,5
작업,5
신변,5
아이리스,5
늪,5
한여름,5
활성화,5
낙하산,5
인식,5
복지,5
세라,5
헌신,5
시영,5
씨앗,5
예의,5
성질,5
어리석다,5
약해지다,5
술집,5
회의,5
직계,5
흉내,5
알아차리다,5
휴가,5
핏빛,5
혈투,5
입단,5
호연,5
녹슬다,5
명월,5
침입,5
신뢰,5
궐,5
풍운아,5
상욱,5
실천,5
자격,5
네버랜딩,5
낙제,5
차별,5
대비,5
흠,5
제패,5
민재,5
해나,5
인상,5
무당파,5
유튜브,5
인터뷰,5
유가,5
반갑다,5
아이린,5
덕이,5
부임,5
북쪽,5
사관,5
자주,5
백합,5
리프,5
어딜,5
가려지다,5
진서,5
다급하다,5
항아,5
파이,5
대세,5
쫓아내다,5
중문,5
폐가,5
분쟁,5
댕댕,5
뿌리다,5
표정,5
마트,5
되풀이,5
청소년,5
만능,5
흩어지다,5
성군,5
호로,5
교복,5
나디아,5
실버,5
보라,5
고통스럽다,5
거치,5
따돌리다,5
뇌파,5
덮이다,5
꼰대,5
엄지,5
권위,5
복제,5
유건,5
몽고,5
개막,5
감싸다,5
날아들다,5
수혁,5
캡틴,5
시공간,5
마지않다,5
철소,5
여의고,5
부쩍,5
프린세스,5
달래다,5
목걸이,5
송씨,5
외과,5
사주,5
끊어지다,5
친절하다,5
회수,5
크러쉬,5
채원,5
특유,5
쓸데없다,5
관계도,5
외상,5
은인,5
아인,5
시르다,5
의리,5
타협,5
준우,5
영감,5
기지,5
교권,5
들끓다,5
구출,5
역경,5
시시각각,5
가담,5
닭,5
부족,5
무법,5
고담,5
화끈하다,5
핑계,5
논리,5
화살,5
링,5
알렉스,5
김선권,5
기존,5
응애,5
사지,5
에까지,5
단전,5
카르텔,5
엔젤,5
화원,5
질색,5
해주,5
복권,5
치매,5
째다,5
포식자,5
남신,5
제페토,5
등대,5
뿔,5
경훈,5
마나,5
송두리째,5
뺨,5
오드리,5
류진,5
영토,5
속도,5
혈맥,5
문장,5
잠자다,5
프린스,5
법사,5
번개,5
초밥,5
삼대,5
위태,5
맹수,5
중학생,5
저희,5
승천,5
훌륭하다,5
부당하다,5
바이올렛,5
케미,5
성하다,5
기묘,5
충만,5
광기,5
피부,5
수하,5
배송,5
그거,5
민경,5
시민,5
멍멍,5
엑,5
수집,5
레진,5
건국,5
생명체,5
거장,5
잡지,5
시궁창,5
프로듀싱,5
심연,5
인준,5
뭔,5
만국,5
슈퍼스타,5
출발,5
다투다,5
오징어,5
송도혁,5
정연,5
결투,5
플,5
가능성,5
번만,5
부작용,5
생으로,5
그럭저럭,5
유연,5
맛집,5
옹주,5
입시,5
연기력,5
단기,5
종교,5
얹다,5
카리스마,5
남지은,5
선율,5
동일하다,5
갤러리,5
명화,5
갓난아기,5
인지도,5
파라오,5
금선,5
스페인,5
비도,5
아랑곳,5
막내아들,5
미라,5
탐구,5
벌써,5
군인,5
아란,5
라리,5
샤먼,5
꼬리,5
햇빛,5
반기다,5
하찮다,5
길고양이,5
발칙하다,5
불우하다,5
데이터,5
스마트,5
주식,5
입장,5
뻗다,5
국회의원,5
알리다,5
파라다이스,5
노랗다,5
하사,5
소굴,5
초록,5
촬영장,5
심기,5
소량,5
사회생활,5
황위,5
리가,5
남강,5
해랑,5
가로막다,5
천덕,5
두르다,5
기호,5
회복하다,5
백륜,5
그중,5
문신,5
깡패,5
감수성,5
딸기,5
똑,5
검진,5
실장,5
절세,5
군악,5
입덕,5
비혼,5
본래,5
죄송하다,5
멸,5
체인지,5
조합,5
고치,5
다가서다,5
기연,5
데온,5
상이,5
사수,5
두목,5
느와르,5
이서,5
파문,5
출몰,5
존잘,5
다행하다,5
미로,5
통보,5
도서,5
유단,5
인어공주,5
다이어트,5
명주,5
상의,5
방수혁,5
빠져나오다,5
일주일,5
음해,5
자퇴,5
코스,5
근처,5
진혁,5
귀염,5
무게,5
지극히,5
이네,5
윤재,5
은진,5
소공작,5
대도,5
우기,5
무열,5
서자,5
대왕,5
뚱뚱하다,5
전통,5
가져오다,5
희재,5
때우다,5
학원물,5
진료,5
지명,5
민수,5
타겟,5
건너,5
엠마,5
줄어들다,5
쓴다,5
굳이,5
이사장,5
모교,5
화신,5
떨다,5
외국,5
런던,5
바탕,5
우스,5
비명,5
서투르다,5
숱,5
겉모습,5
매달리다,5
시어머니,5
비교,5
시로,5
쇼코,5
지원이,5
조선인,5
사립,5
시나몬,5
궁리,5
참석,5
곳도,5
컨셉,5
씨름,5
무렵,5
몸무게,5
제멋대로,5
상준,5
잔잔하다,5
스텔라,5
꽃집,5
보디가드,5
끝내주다,5
독차지,5
상상력,5
행방불명,5
강남,5
저기,5
심쿵하다,5
시끄럽다,5
수년,5
민호,5
무도회,5
물다,5
만만하다,5
현도,5
사이코,5
구하라,5
앙,5
댁,5
정성,5
남고,5
갬블,5
퍼붓다,5
창작물,5
증표,5
청룡,5
불가능하다,5
두드리다,5
에서나,5
호진,5
정서,5
넘어서다,5
자네,5
산골,5
민아,5
포로,5
주막,5
텐데,5
군단,5
루이,5
해프닝,5
보리,5
대망,5
주영,5
이탈리아,5
날로,5
자각,5
서기,5
웰,5
저하,5
똥,5
똥차,5
통제,5
뒤엎,5
영철,5
대사,5
추정,5
당해,5
모략,5
장벽,5
눈길,5
시호,5
클레,5
익명,5
무겁다,5
증명,5
톡,5
블랑슈,5
환희,5
난이도,5
이태원,5
과외,5
재건,5
강현수,5
부원,5
한밤중,5
랄,5
다만,5
루아,5
코인,5
여자애,5
유성,5
복학,5
맵,5
낡다,5
근방,5
실연,5
상자,5
지지리,5
머리카락,5
빽,5
단둘,5
넘어오다,5
불길하다,5
장난감,5
오후,5
일어,5
듀얼,5
흑막,5
학점,5
구두,5
끼리,5
행사,5
역하렘,5
감사하다,5
헤,5
봉사,5
흥분하다,5
비술,5
최대한,5
용수,5
발버둥치다,5
차마,5
록시,5
아우,5
준형,5
브랜드,5
장편,5
전달,5
노동,5
비정규직,5
이상현,5
취재,5
에스텔,5
차츰,5
차기작,5
중고,5
행성,5
라리사,5
홍콩,5
구조,5
신공,5
모자,5
비급,5
어제,5
금단,5
게이트,5
기발하다,5
민영,5
비즈니스,5
섹시,5
시가,5
박은아,5
걷기,5
정훈,5
단련하다,5
데기,5
꿰뚫다,5
나츠미,5
고급,5
사단,5
도술,5
고블린,5
교양,5
구해,5
수험생,5
킥,5
유은,5
투입,5
뚝배기,5
하트,5
택연,5
주짓수,5
리건,5
한정,5
덩어리,5
좇는,5
베팅,5
미워하다,5
웽,5
까지의,5
타블렛,5
모함,5
서슴지,5
애완동물,5
고교생,5
법정,5
이름나다,5
화장,5
형벌,5
윗,5
지기,5
검술,5
세준,5
사화,5
오타쿠,5
기린,5
산산조각,5
후부,5
아랫,5
퇴,5
페,5
현주,5
마귀,5
불면증,5
성찬,5
정확하다,5
가버리다,5
마련,5
수학여행,5
주군,5
돌입,5
소망,5
샤인,5
잡아먹히다,5
아리엘,5
지오,5
달인,5
병호,5
삼장,5
지민,5
대원,5
청소부,5
음란,5
미움,5
칼리오페,5
저격,5
러버,5
유년,5
회피,5
학력,5
달성,5
신우,5
선후,5
토록,5
후기,5
묘족,5
정석,5
곱,5
속수무책,5
리치,5
로그아웃,5
기범,5
사도,5
시대극,5
냉랭하다,5
정략결혼,5
해봤다,5
마당,4
평가,4
팔리다,4
사슴,4
헨리,4
에리,4
먹잇감,4
최지환,4
테일러,4
인테리어,4
숙자,4
인조,4
올바르다,4
프로야구,4
산악,4
힐데,4
강주,4
거액,4
옭아매다,4
마케팅,4
먹이다,4
전향,4
플롯,4
유민,4
꺼림칙하다,4
북적,4
불치,4
속삭임,4
곧바로,4
멀티,4
가호,4
멋대로,4
산부인과,4
크기,4
레시피,4
이제껏,4
굉장하다,4
붙이다,4
쏟다,4
푹,4
매몰,4
촌,4
홍조,4
수치,4
미애,4
추천,4
오크,4
센스,4
라임,4
상하,4
똥신,4
엿보다,4
헤르,4
하굣길,4
앨리스,4
학습,4
찔리다,4
최훈,4
조조,4
훗날,4
열두,4
길어지다,4
나예,4
유품,4
줄이다,4
이디스,4
거의,4
부럽다,4
웨이트리스,4
측,4
퇴근길,4
유약하다,4
매우,4
오정택,4
즉,4
역적,4
쇼핑몰,4
깨물다,4
아레스,4
비싸다,4
고자,4
박도,4
정답,4
면독,4
어우러지다,4
망량,4
훈,4
타워,4
호의호식,4
태생,4
살림,4
전전,4
재현,4
거꾸로,4
모욕,4
설석,4
한숨,4
재밌다,4
무리다,4
표류,4
꽂히다,4
곧장,4
그리드,4
샵,4
허구,4
우주인,4
걸어가다,4
함부로,4
악행,4
겁쟁이,4
수술,4
천하다,4
게스트,4
우울증,4
약소국,4
지침,4
수족관,4
한양,4
해고,4
메이커,4
외로움,4
유서,4
고구려,4
자금,4
역사상,4
포지션,4
명부,4
철벽남,4
빚쟁이,4
은근,4
류현,4
고스,4
기껏,4
태은,4
장대,4
라고는,4
단골,4
마일로,4
비룡,4
특기,4
탕카,4
구가,4
일리,4
주기,4
구제,4
경험치,4
집념,4
서리,4
선량하다,4
벼랑,4
비밀리,4
우월하다,4
차세대,4
어마어마하다,4
경우,4
진호,4
정년,4
사훈,4
불타다,4
자리다,4
구역,4
속성,4
식품,4
주일,4
대면,4
나은,4
사이비,4
괜히,4
윤이나,4
단기간,4
월화,4
인종,4
부귀,4
아웃사이더,4
투명,4
엽소,4
건널목,4
베풀다,4
요족,4
확실하다,4
조이,4
웬걸,4
율리,4
해커,4
도화,4
복점,4
치욕,4
감행,4
준희,4
소음,4
키이라,4
귀요미,4
지해,4
빨,4
불신,4
조류,4
해변,4
코앞,4
워커홀릭,4
서늘하다,4
노답,4
경호원,4
할배,4
아득하다,4
비언,4
직후,4
팔로워,4
그릇,4
이른바,4
복수심,4
세인,4
이경,4
경은,4
딘,4
본성,4
익선,4
뉴,4
성빈,4
대놓고,4
은채,4
힘없다,4
새봄,4
이말년,4
번은,4
내보내다,4
반성,4
치정,4
고구마,4
코드,4
안드로,4
몫,4
라지,4
빠뜨리다,4
평,4
빈민가,4
겠다,4
승하,4
두근,4
양진,4
익,4
학벌,4
허름,4
여름방학,4
구분,4
메이트,4
핵,4
용맥,4
열중,4
무단,4
오라,4
소주,4
줄거리,4
운영자,4
카이델,4
어려움,4
사무치다,4
깜찍하다,4
복판,4
전당포,4
주성,4
비욘,4
작렬,4
고아원,4
마법소녀,4
타파,4
루니,4
알렉,4
마구,4
백작부인,4
결합,4
국왕,4
이경은,4
한글,4
이기도,4
삼룡,4
국적,4
춤추다,4
진시황,4
매장,4
체이스,4
씁쓸하다,4
왜인,4
단짝,4
일원,4
순이,4
진건,4
수단,4
나른하다,4
웃기,4
나뉘다,4
연속,4
오도,4
토르,4
슈렉,4
만석,4
이런,4
흉측하다,4
사악하다,4
재판,4
흑표범,4
애견,4
장차,4
반쪽,4
돌기,4
리기,4
셀레나,4
필수,4
유머,4
녹이다,4
민서,4
도시정벌,4
아일랜드,4
옮기다,4
쇼타,4
처분,4
퇴짜,4
무소,4
밀려오다,4
선천,4
도망가다,4
재호,4
유이,4
에서만,4
조력자,4
시드,4
엉뚱,4
열애,4
청명,4
허니문,4
스피넬,4
펠,4
유부,4
스런,4
바이,4
넘어지다,4
돋보이다,4
냉대,4
지붕,4
칸,4
테라,4
레전드,4
심리,4
산들,4
훨씬,4
전해,4
일간,4
윤찬,4
앨버트,4
교황,4
맹주,4
불문,4
친오빠,4
다국적,4
셀럽,4
한수,4
하드코어,4
기꺼이,4
대통령,4
계책,4
속죄,4
이치,4
책략,4
부디,4
고집,4
폭로,4
마검,4
이유리,4
기숙,4
팩트,4
귓가,4
윤인완,4
신암행어사,4
메이,4
집의,4
인방,4
구단,4
제르,4
한시,4
혼혈,4
참혹하다,4
내뱉다,4
마인,4
김단,4
팩션,4
왓슨,4
성원,4
쩍,4
별똥별,4
축제,4
주시,4
붓,4
오토바이,4
꼼짝,4
독고준,4
에로,4
슈트,4
제외,4
대장정,4
각색,4
얄밉다,4
띄우다,4
그야,4
어둡다,4
더듬다,4
본심,4
혼례,4
효빈,4
향로,4
엎친,4
소강,4
비만,4
공상,4
차영,4
로다,4
듀싱,4
버릇,4
에밀,4
흉부,4
마차,4
선공,4
염원,4
재주,4
윤주,4
부담,4
황귀비,4
다난하다,4
낙원,4
다사,4
살짝,4
소르골,4
이왕,4
카톡,4
예찬,4
굶다,4
우비다,4
끈질기다,4
월영,4
오리,4
떠돌이,4
급식,4
떠들썩하다,4
태오,4
뇌광,4
정시우,4
대화재,4
일라이,4
셀레스티아,4
포,4
처치,4
경태,4
렌,4
스케일,4
불굴,4
백조,4
아델라,4
토리,4
김철수,4
카르,4
괴수,4
료,4
입부,4
전말,4
대시,4
탐사,4
템,4
맞붙다,4
애초,4
도덕,4
홍보,4
일그러지다,4
고뇌,4
철혈,4
탈퇴,4
파악,4
태공,4
부로,4
랭킹,4
호흡,4
혼식,4
둘러싸이다,4
어리숙하다,4
은서,4
지옥문,4
라라,4
유승호,4
홍원,4
천추,4
사르다,4
승진,4
물고기,4
오윤서,4
구멍,4
물정,4
겨루다,4
궁극,4
금은,4
의견,4
더미,4
출중하다,4
치가,4
헛소리,4
진과,4
소각,4
철학,4
마르,4
초딩,4
눈뜨다,4
지면,4
불멸,4
허무하다,4
쟁패,4
노후,4
인하,4
궁정,4
목욕,4
서열,4
환애,4
연기자,4
다한,4
하랑,4
전문가,4
만족하다,4
천중,4
잉태,4
괄시,4
윈,4
시커멓다,4
리뷰,4
으로의,4
전국시대,4
정화,4
바위,4
신기,4
개뿔,4
장학생,4
왕좌,4
로그,4
르도완,4
밖에도,4
포차,4
쌍갑,4
반면,4
가방,4
고고,4
부유하다,4
어째선,4
생생하다,4
캐러멜,4
민주,4
삵,4
희진,4
전동조,4
좇,4
유소영,4
폭격,4
우현,4
과제,4
대마도,4
꼬맹이,4
소금물,4
이십,4
대적,4
프레,4
몬트,4
다지다,4
쟤,4
얻지,4
앨범,4
스토킹,4
감사,4
불사신,4
엽기,4
급변,4
돼지,4
왕조,4
돋다,4
불륜,4
손꼽다,4
불과,4
의뢰인,4
데드,4
몹시,4
파격,4
도피,4
드림,4
약자,4
철수,4
군상,4
여식,4
감방,4
오래전,4
세번,4
입문,4
애원,4
앨런,4
배트맨,4
구질구질하다,4
무속,4
인간성,4
엔터테인먼트,4
배척,4
섭,4
세영,4
숫자,4
신성,4
다리다,4
호쾌,4
번인,4
이득,4
지옥도,4
양반,4
물러서다,4
실현,4
신탁,4
마님,4
고덕,4
고립,4
과부,4
에어,4
흥,4
에반,4
슬쩍,4
음양사,4
남부럽다,4
하은,4
버튼,4
수향,4
청운,4
여고,4
구천,4
셋째,4
선도,4
장학금,4
늘어나다,4
기름,4
졸졸,4
고양,4
설헌,4
바디,4
국어,4
사과,4
지체,4
지인,4
간첩,4
만류,4
지혜,4
보미,4
멀쩡하다,4
농촌,4
의외,4
주변인,4
패자,4
사로잡히다,4
가보,4
재수생,4
상당하다,4
맹,4
끝판,4
주저,4
승호,4
피닉스,4
태원,4
낙,4
반려,4
우사,4
충돌,4
학,4
리위리,4
자제,4
연산군,4
창시자,4
부조리,4
고문,4
내보이다,4
유사하다,4
에다,4
천기,4
맴돌다,4
상어,4
설킨,4
여야,4
언어,4
정벌,4
부화,4
오는,4
상실,4
부천,4
에게로,4
연고,4
핫차,4
강우,4
숙이다,4
정혼,4
궁금증,4
뒤로,4
시전,4
도로,4
격전,4
헤어,4
맹인,4
모래성,4
흥신소,4
하데스,4
느긋하다,4
닉,4
짬뽕,4
김정아,4
진진,4
전례,4
시시하다,4
바율,4
음성,4
민환,4
나라고,4
방금,4
균형,4
강준우,4
심령,4
울트라,4
갱,4
담호,4
백로,4
버들,4
츠,4
아현,4
공작부인,4
손끝,4
억압,4
신국,4
체포,4
후드,4
며느리,4
훈련소,4
불쾌하다,4
오디,4
가디언즈,4
채경,4
혈액,4
브로커,4
비법,4
대대,4
반항,4
기미,4
영업,4
환장하다,4
금술,4
근원,4
리즈,4
끼,4
한준,4
모용,4
최씨,4
타락하다,4
은커녕,4
꽂다,4
기타,4
미숙,4
미끼,4
트리오,4
찢어지다,4
나코,4
초토화,4
수수하다,4
왕가,4
용천산,4
성준,4
양심,4
저지,4
연장,4
산업,4
아샤,4
멧돼지,4
사당,4
연상,4
열등감,4
인과,4
로지,4
기적처럼,4
연두,4
원천,4
에서부터,4
따라오다,4
내부,4
아연,4
캐다,4
세간,4
일확천금,4
사월,4
날카롭다,4
오르페,4
고장,4
대우,4
증상,4
화장실,4
보유,4
박수,4
철민,4
가을,4
오싹하다,4
친우,4
금액,4
께서,4
편집자,4
신임,4
괴,4
학생회,4
외국인,4
수의사,4
풍파,4
나니,4
욱제,4
도도,4
화이트,4
용품,4
마스크,4
정아,4
장애물,4
우지,4
먼지,4
부러워하다,4
도령,4
연출,4
격동,4
조화,4
끊기다,4
별개,4
만회,4
체력,4
장기,4
어그,4
에른,4
남사,4
만화책,4
무죄,4
욱,4
희원,4
우성,4
식물인간,4
장자,4
등교,4
워로드,4
작정,4
맘대로,4
타의,4
군부,4
씩씩하다,4
언론,4
타입,4
말기,4
러시,4
유치하다,4
버프,4
진단,4
만원,4
완료,4
릴리스,4
부지,4
치안,4
세이버,4
이화,4
황미나,4
일방,4
중앙,4
거만하다,4
피치,4
사윤재,4
경멸,4
신선하다,4
개봉,4
마리나,4
편이,4
야심,4
비웃음,4
가격,4
극악,4
경력,4
하위,4
민폐,4
해녀,4
기울이다,4
거주,4
집필,4
예술가,4
나씨,4
흑화,4
의술,4
부술,4
가까이,4
출장,4
프롬,4
평행,4
욕구,4
떠돌다,4
작아지다,4
서면,4
올림픽,4
라가,4
광명,4
만큼이나,4
스케치,4
서스펜스,4
상남자,4
캡슐,4
놀이,4
떠밀다,4
퍼펙트,4
어가,4
고비,4
쿠키,4
제아,4
아지,4
서유,4
교통,4
하성,4
심장병,4
표적,4
황태,4
서생,4
정왕,4
강빈,4
철벽,4
침묵,4
갑,4
자체,4
매니아,4
단영,4
수란,4
의외로,4
이결,4
분야,4
마인드,4
옥죄,4
내려지다,4
순도,4
뱀,4
애런,4
조절,4
기시감,4
일류,4
특성,4
원더,4
장공,4
모호하다,4
나이트,4
뮤지컬,4
곡,4
협객,4
힙합,4
밴디트,4
콜로니,4
떨어뜨리다,4
사이드,4
유운,4
철부지,4
흉,4
현직,3
아렌,3
룰,3
이혁진,3
실랑이,3
잘해주다,3
헤이린,3
송지혜,3
박현우,3
양영순,3
음침,3
독표,3
꿰,3
물어보다,3
공학,3
욕정,3
코끼리,3
킬리언,3
파란,3
교제,3
웅녀,3
앞길,3
청천벽력,3
즉결,3
꼭대기,3
갈아,3
차례차례,3
엿,3
언니네,3
울프,3
마루,3
한국어,3
좁다,3
졸라,3
비게퍼,3
범호,3
이내,3
도연,3
경성,3
정지호,3
주체,3
진전,3
옴,3
페닉시오,3
카툰,3
웰시코기,3
보조,3
성형,3
소인배,3
양부모,3
그려지다,3
황좌,3
양녀,3
주둥이,3
생소하다,3
흩날리다,3
팔도,3
여사,3
출동,3
캐,3
그러자,3
단절,3
참으로,3
우렁이,3
풋내기,3
일보,3
매화,3
로스트,3
대선,3
전시,3
인자,3
다니엘,3
서약,3
정지,3
호모,3
류신,3
드로잉,3
북명,3
유즈,3
공백,3
마이웨이,3
백가,3
작화,3
이래,3
단군,3
놀란,3
김예,3
등골,3
부끄럽다,3
반발,3
나약하다,3
추진,3
무직,3
얼빠수,3
태극,3
걔,3
합동,3
살라,3
다린,3
꾹,3
자본,3
분량,3
뒤죽박죽,3
싸,3
프랜차이즈,3
지우,3
도입,3
검거,3
전단지,3
터뜨리다,3
에요,3
아스테리온,3
크루,3
사약,3
매직,3
디지털,3
칭호,3
꾀,3
트롤,3
아이티에스,3
스카이,3
방씨,3
설화,3
혼약,3
카운터,3
혁련무강,3
탈취,3
파이브,3
소하,3
연합,3
안양,3
휘운,3
입자,3
스트릿,3
헤롯,3
정상인,3
서동,3
펀딩,3
숙적,3
여름날,3
상품,3
강청,3
사치,3
견제,3
소외,3
컨트롤,3
봉석,3
컴플렉스,3
질서,3
어설프다,3
사들이다,3
깎다,3
가훈,3
딸바보,3
남모르다,3
다송,3
에노시마,3
아론,3
금갑도룡,3
침,3
어떤,3
세미,3
리셋,3
신흥,3
고성,3
컵,3
꿍꿍,3
한반도,3
여태,3
어리바리,3
아름,3
시크릿,3
몰려오다,3
수려,3
한길,3
제임스,3
유성우,3
단어,3
나스챠,3
히로,3
시티,3
한송이,3
출시,3
대머리,3
알몸,3
참사,3
하소연,3
유부녀,3
민간인,3
사라사,3
라틸,3
키다리,3
권한,3
자전거,3
안티,3
잇따르다,3
실적,3
송,3
리오,3
민영은,3
부호,3
속물,3
무병장수,3
징,3
하하,3
들여다보다,3
단명,3
체육관,3
격돌,3
태환,3
시종일관,3
여의주,3
실상,3
미미,3
키몽,3
양지민,3
처녀,3
프리퀄,3
로코,3
자만,3
중증,3
열렬하다,3
유인,3
최수현,3
과잉,3
작성,3
어미,3
호시탐탐,3
정명,3
채팅,3
팍팍하다,3
혼술,3
드립,3
건방지다,3
조신,3
세워지다,3
재활용,3
노루,3
수이,3
릴리안,3
차녀,3
엘리자베스,3
그렇다고,3
갖가지,3
관찰,3
세아,3
매튜,3
시일,3
서사,3
바리공주,3
모니크,3
예방,3
시해,3
형장,3
에이즈,3
가무,3
규어,3
위선,3
대처,3
예은,3
움직,3
이비,3
송지현,3
공진,3
옥봉,3
참수형,3
정신없이,3
높이,3
지난날,3
사서,3
광빈,3
상급,3
상인,3
놀스,3
가령,3
웬수,3
손톱,3
불완전,3
앙숙,3
페이,3
강탈,3
봉봉,3
카카,3
돌아서다,3
프로레슬링,3
은행,3
단주,3
진군,3
용연,3
정해지다,3
차이니즈,3
울보,3
불현듯,3
임천,3
설립,3
사령,3
세기말,3
신묘하다,3
서큐버스,3
딤섬,3
드미트리,3
항의,3
리라,3
고택,3
은혁,3
정세,3
정후,3
페넬로페,3
왕관,3
안해,3
어사화,3
준수,3
쩌,3
산책,3
동반,3
지경,3
백혈병,3
연아,3
체벌,3
야간,3
판서,3
제천,3
까지와,3
매달다,3
이지수,3
굴러가다,3
성종,3
투쟁,3
방패,3
제법,3
카드,3
루카스,3
개입,3
민승현,3
움켜쥐다,3
정전,3
천운,3
스켈레톤,3
사샤,3
현모양처,3
잠적,3
인격,3
시합,3
색깔,3
지략,3
뒤엉킨,3
혼수상태,3
이충호,3
다락방,3
모티브,3
아쉬움,3
고도,3
도혁,3
갑부,3
발레르,3
이곽,3
사촌동생,3
윤강,3
양은,3
호랑,3
묵다,3
입히다,3
종용,3
에스탄시아,3
피아노,3
카눔,3
봉황,3
피아니스트,3
누드,3
건너오다,3
독하다,3
타로,3
창업,3
꽉,3
잉,3
진성대군,3
한성,3
식구,3
록산,3
가정교사,3
이현호,3
막시밀리안,3
그림책,3
기차,3
쑥,3
루드,3
여기저기,3
목격자,3
마흔,3
아폴론,3
기행,3
노숙자,3
종종,3
폭풍우,3
화장품,3
코버넌트,3
키위새,3
흰둥이,3
빼,3
연말,3
뒷모습,3
묶다,3
엑스,3
심청,3
리아나,3
쓸모,3
들르다,3
행진,3
괴력,3
슬립,3
오리진,3
유니페,3
폴,3
탈리스,3
가가,3
야식,3
비틀리다,3
드릴,3
어도,3
보로,3
여직원,3
신문사,3
피셔,3
엘레나,3
아마추어,3
험담,3
강진성,3
자작,3
카린,3
수거,3
야차,3
일분,3
테이블,3
이담,3
시중,3
사대천왕,3
명랑,3
태헌,3
근육,3
원흉,3
라일,3
몽텔,3
변방,3
용서,3
한적하다,3
홈즈,3
설기,3
세리,3
기다림,3
적토마,3
일순간,3
찍기,3
독주,3
마하,3
라스트,3
캣,3
자청,3
가장이,3
배회,3
뿔뿔이,3
격변,3
후크,3
말괄량이,3
개천,3
듬직하다,3
애교,3
카피,3
음대,3
추방,3
복도,3
비난,3
크립톤,3
바퀴벌레,3
아마,3
개선,3
루비,3
하듯,3
공세,3
펠릭스,3
메카,3
둥이,3
호모포비아,3
허상,3
즐겨찾기,3
이구나,3
도검,3
치뎬중문망,3
미리,3
무산,3
골목길,3
아서,3
태현,3
구리,3
용모,3
변두리,3
논픽션,3
극찬,3
진남,3
갈고,3
말세,3
안식처,3
책임감,3
러너,3
오염,3
전격,3
말씀,3
편입,3
찬솔,3
튀어,3
세혁,3
내력,3
신랑감,3
아아,3
파티쉐,3
강태,3
가르데,3
암리타,3
공시생,3
모나,3
황무지,3
면서,3
금기,3
백설,3
오케이,3
야설,3
천진난만하다,3
치부,3
기우,3
락,3
제때,3
내뿜는,3
청연,3
주어,3
금치,3
소씨,3
가일,3
지윤,3
술탄,3
격주,3
강민,3
금융,3
짝꿍,3
흡혈,3
전반,3
이리저리,3
견고하다,3
우울,3
어의,3
일부러,3
남궁서윤,3
공왕,3
타투,3
노소,3
이스트,3
단장,3
그만하다,3
전대,3
주술,3
루하,3
원혼,3
테이,3
태겸,3
격렬하다,3
라이브,3
팽팽,3
태자비,3
베릴,3
백동수,3
서버,3
부리,3
단칼,3
특이,3
사항,3
안심,3
긍정,3
해방,3
헬로,3
최윤,3
타치바나,3
회식,3
울면,3
웃기다,3
북두,3
엄,3
위축,3
잠룡,3
시나리오,3
서럽다,3
입성,3
권우,3
뉴욕,3
쑤다,3
롯,3
레미엘,3
려면,3
교감,3
우경,3
라이트,3
아티스트,3
ㅍㅢ,3
건강,3
정문,3
은월,3
심란하다,3
확산,3
시나,3
발달,3
규율,3
천우,3
더불다,3
지지,3
충동,3
입궁,3
대재앙,3
체이서,3
뭣,3
공인,3
외출,3
하야,3
쏠,3
세도,3
필명,3
가닥,3
도도하다,3
연상녀,3
누님,3
진가,3
막노동,3
천왕,3
반지하,3
녹록,3
쏠남,3
혜리,3
종지부,3
패션,3
푸르다,3
캐시,3
치치,3
표사,3
베이비,3
창귀,3
동아,3
비정상,3
김민제,3
트루,3
복자,3
고용주,3
백여,3
천일,3
도미,3
늙다,3
포구,3
서우진,3
도울,3
시종,3
앤드류,3
러브코미디,3
실리다,3
발발하다,3
순결,3
화해,3
앤,3
미처,3
롱,3
기초,3
김진현,3
악덕,3
속셈,3
시발,3
비호감,3
염치,3
덫,3
빌붙다,3
깽판,3
레슬리,3
설란,3
감마,3
결론,3
아버님,3
부지런하다,3
이재,3
살길,3
나방,3
등불,3
울부짖다,3
김지용,3
스타인,3
설영,3
가늘다,3
에린,3
꼽히다,3
전단,3
코디,3
퍼,3
장도리,3
체격,3
다이어리,3
플로,3
타국,3
드나들다,3
정숙,3
천자,3
지젤,3
진효,3
입원,3
이영준,3
구심,3
공대생,3
영특,3
윤슬,3
조여,3
대장장이,3
도웅,3
규호,3
타개,3
체면,3
낫다,3
으르렁,3
이드리스,3
전진,3
골든,3
캠퍼,3
주택,3
목포,3
초혼,3
보듬다,3
약제사,3
유희,3
김한솔,3
맑다,3
민낯,3
유사,3
경주,3
소파,3
마노,3
부락,3
전여친,3
보아,3
주얼리,3
검호,3
우영,3
의사소통,3
가책,3
팬시,3
소혜,3
년전,3
왜소하다,3
수신,3
백지,3
기원,3
모친,3
세윤,3
밀림,3
덤덤하다,3
투표,3
무덤,3
탈옥,3
심심하다,3
그치다,3
콘셉트,3
도토리,3
일본인,3
아줌마,3
동방삭,3
진청,3
유정희,3
영화로,3
절름발,3
끈,3
킹카,3
하와,3
도브,3
펜던트,3
모금,3
장렬,3
데브,3
은범,3
세민,3
토토,3
정예,3
송서,3
나단,3
옥탑방,3
소용없다,3
민생,3
밸,3
사육,3
술래잡기,3
스핀오프,3
펭귄,3
소매치기,3
대안,3
방치,3
유예,3
유다,3
불타,3
단태,3
물음,3
사계절,3
우체국,3
늑대인간,3
쓰기,3
맨날,3
놀부,3
장로,3
부담스럽다,3
안티팬,3
해적,3
수고,3
궁녀,3
아이언,3
껄끄러운,3
본질,3
퍼스,3
활잡이,3
열성,3
집합소,3
일어나지,3
대뜸,3
더구나,3
재키,3
라떼,3
축융,3
연루,3
성민,3
조롱,3
시댁,3
허망,3
분들,3
테마,3
훼손,3
무력,3
리우,3
오스카,3
도망자,3
무림맹,3
이어진,3
마는,3
펀,3
황준호,3
둥,3
이원,3
권하다,3
이발사,3
일찍,3
감지,3
그만큼,3
뮤즈,3
호야,3
알폰스,3
연금술,3
자세,3
강자,3
연구실,3
조작,3
펴다,3
베스트셀러,3
가도,3
유미란,3
붕도,3
사소하다,3
된거,3
지향,3
연성,3
말풍선,3
팬카페,3
레어,3
현선,3
그남자,3
해국,3
만월,3
연대기,3
먹기,3
에녹,3
단점,3
지도자,3
유아,3
연회,3
택시,3
에가,3
서유기,3
헤비메탈,3
몸종,3
스톤,3
한참,3
여의었,3
르네,3
부처,3
계시,3
결성,3
벗,3
별호,3
멜로,3
이펙트,3
마약,3
동연,3
수준,3
적군,3
과로사,3
산신,3
예외,3
우유,3
미티,3
기획사,3
숙취,3
충사,3
별거,3
강희,3
거세,3
패스파인더,3
입증,3
희서,3
부사,3
도영,3
생활비,3
신안주,3
고유,3
전남편,3
불청객,3
잉어,3
내색,3
다혜,3
비타,3
입지,3
방과,3
잡초,3
나야,3
잡음,3
대지,3
도로시,3
반짝반짝,3
접시,3
로맨스코미디,3
청각장애,3
등등,3
한층,3
저런,3
처자,3
소진,3
장가,3
달이,3
영광,3
이진,3
주혁,3
접점,3
여우구슬,3
실존,3
시시,3
매달,3
국가대표,3
신예,3
장평,3
대출,3
신혼부부,3
별일,3
머리색,3
전작,3
셜,3
탐험,3
퍼센트,3
에드,3
예부,3
존망,3
얽매이다,3
투신,3
하프,3
뒷산,3
쓸데없이,3
피부색,3
타락,3
켄지,3
타마,3
황홀하다,3
현금,3
번번하다,3
진현,3
도심,3
단신,3
총구,3
평온하다,3
그러하다,3
배연,3
트럭,3
소스,3
의열단,3
어드벤처,3
공연,3
전투력,3
연극배우,3
사생팬,3
완결,3
바다로,3
오공,3
비결,3
문학,3
시마,3
폴리아,3
비위,3
보람,3
가은,3
소방관,3
나영,3
응답,3
김철,3
민망하다,3
하드,3
초조하다,3
어쩐,3
어지럽다,3
토니,3
막연하다,3
꼬시,3
가혜,3
격리,3
꼬실,3
재은,3
혹독하다,3
가뜩이나,3
너튜버,3
들러붙다,3
가비,3
금붕어,3
루프,3
넷째,3
개자식,3
망신,3
부다,3
올비,3
내려놓다,3
바치,3
방망이,3
무협소설,3
국수,3
신영,3
발언,3
끌어내리다,3
오자,3
키드갱,3
경의,3
이벤트,3
설레임,3
용왕,3
정사,3
테러리스트,3
파쿠,3
파충류,3
경과,3
동물병원,3
와이파이,3
푼,3
하키,3
어나,3
판정,3
종이,3
립,3
앞서,3
김상진,3
소시오패스,3
역병,3
앳된,3
저리,3
식인,3
아보,3
무감각,3
더러,3
상현,3
공대,3
최광식,3
진나라,3
보육원,3
강해진,3
무하,3
미치광이,3
쇠락,3
포장,3
의지력,3
박히다,3
우리나라,3
원문,3
사용자,3
반찬,3
함락,3
동행,3
선후배,3
쥬,3
개복치,3
먹이사슬,3
당기다,3
신격,3
유체이탈,3
주리다,3
식탐,3
돔,3
스르,3
곗,3
정치가,3
화분,3
사계,3
바늘,3
커뮤니티,3
말년,3
둘이서,3
동창생,3
이아,3
투명하다,3
통증,3
으로만,3
돌싱,3
한슬,3
싱글맘,3
경일,3
천리마,3
간파,3
백제,3
단숨,3
홍설,3
어엿하다,3
흥미롭다,3
상청,3
닥치고,3
명동,3
왕루,3
풍문,3
도리어,3
나앉다,3
백신,3
쿵푸,3
물가,3
강미,3
모의,3
후지타,3
정윤우,3
체중,3
표준,3
스산,3
은상,3
국립,3
염라대왕,3
캠프,3
미각,3
가이드,3
원사,3
계란,3
밀러,3
성덕,3
휴학,3
비서실,3
찬란,3
괴짜,3
푸다,3
윤태오,3
오드,3
엽세준,3
에고,3
범행,3
데이지,3
루크,3
광활하다,3
동이,3
안쓰럽다,3
고시원,3
되돌아가다,3
찌질,3
뒷바라지,3
저돌,3
험악하다,3
객관,3
넘버,3
예감,3
여러가지,3
공룡,3
호가,3
베프,3
담담하다,3
이롭다,3
어필,3
이토,3
해귀,3
오란씨,3
허무맹랑,3
이세,3
태발,3
과금,3
어쩌겠어,3
퇴장,3
전략,3
복기,3
회용,3
가공,3
에일,3
호면,3
남우,3
상경,3
천대,3
이뤄지다,3
비행,3
성희롱,3
쥬드,3
대부분,3
생화,3
병들다,3
확,3
문관,3
학군,3
관계자,3
순경,3
은동,3
게시,3
악플러,3
실명,3
합류,3
딸리다,3
파탄,3
수사극,3
천만원,3
융,3
초등학생,3
조부,3
세이브,3
도구,3
철도,3
어드벤쳐,3
척박하다,3
안전지대,3
체이샤,3
증폭,3
등장인물,3
제어,3
자폭,3
비밀요원,3
이족,3
꿋꿋,3
모험가,3
이겐,3
튜브,3
왕위,3
그리하여,3
레이크,3
보고서,3
구입,3
사이트,3
부동산,3
탕탕,3
유정,3
버킷리스트,3
극심하다,3
대론,3
물든,3
원아,3
보육,3
연봉,3
각기,3
정욱,3
복장,3
제롬,3
탱,3
요도,3
따라서,3
뜯다,3
세르,3
소질,3
스피드,3
몰리,3
쳐다보다,3
충성,3
담보,3
이요,3
천수,3
애증,3
승무원,3
몸속,3
꼬셔,3
목적지,3
태진,3
초은,3
가이아,3
허약하다,3
내딛다,3
에서와,3
신참,3
이한영,3
취준,3
윤회,3
날아가다,3
에드가,3
승주,3
빙자,3
흑심,3
원우,3
탁,3
뭇,3
뽐내다,3
혈청,3
출판사,3
원망,3
종석,3
의존,3
세뇌,3
늘리다,3
윤결,3
쿠데타,3
최우수상,3
대범,3
김선,3
중학,3
악기,3
라노,3
도인,3
굶주리다,3
심복,3
뉴스,3
황권,3
미키,3
영희,3
노부,3
뚝뚝,3
산장,3
순수,3
습하다,3
평정하다,3
난이,3
까다롭다,3
레이어,3
원기,3
일쑤,3
부터는,3
자부심,3
훈훈하다,3
외우다,3
태엽,3
네로,3
조아리다,3
최상,3
용진,3
이웃집,3
검은색,3
찬희,3
분양,3
지성,3
악사,3
삼봉이발소,3
시월드,3
아득바득,3
애화,3
계약서,3
용납,3
김우혁,3
자도,3
현성,3
태령,3
리야,3
한나,3
일정,3
재효,3
사탕,3
여비,3
찬영,3
애쉴리,3
온화하다,3
해은,3
해제,3
로크,3
마등,3
아이콘,3
혀노,3
재우다,3
릴레이,3
너넨,3
혈교,3
장의사,3
이슬,3
공물,3
데스티니,3
성기사,3
리다,3
윤하,3
불능,3
한섬,3
순백,3
데이빗,3
패밀리,3
의연하다,3
펜션,3
바루다,3
라티,3
삼국,3
일찍이,3
대폭발,3
세븐,3
플레인,3
텝,3
생체,3
남궁연,3
주사위,3
겨루기,3
규모,3
크리스,3
메르,3
데일,3
주눅,3
실화,3
신생,3
증후군,3
걸그룹,3
몰입,3
퍼스트,3
파가,3
플랜,3
폐기,3
바리스타,3
성계,3
나나,3
달래,3
발길,3
염세,3
시식,3
보화,3
연맹,3
사납다,3
우수하다,3
소멸하다,3
청아,3
또는,3
냉궁,3
홀린,3
롭,3
주마,3
임서,3
여성향,3
상호,3
명사,3
철벽녀,3
새싹,3
로켓,3
모리스,3
답변,3
선임,3
가빈,3
초자연적,3
인품,3
숙부,3
썸남,3
계정,3
베히모스,3
김수현,3
심정,3
후반,3
손빈,3
한탄,3
지푸라기,3
야자,3
자유분방하다,3
경국,3
마니아,3
호선,3
선경,3
소림사,3
에보니,3
볼일,3
치뎬,3
사후세계,3
패스,3
가드,3
싸이코패스,3
처지다,3
왕도,3
미덕,3
사빠,3
의료,3
유기견,3
짙다,3
생각나다,3
메우다,3
한국인,3
중립,3
극진하다,3
나리,3
소호,3
수완,3
시에나,3
영재,3
쌍,3
거머,3
하임,3
특수부대,3
뮤지션,3
친자,3
이스라,3
여중생,3
끝장,3
아티,3
혜경,3
수프,3
흐름,3
조현병,3
머신,3
규진,3
천여,3
종파,3
천고,3
홧김,3
성대,3
커리어우먼,3
성주신,3
여명,3
마황,3
화룡,3
배고프다,3
매체,3
루시퍼,3
넣기,3
짜증,3
리모,2
하북팽,2
엽,2
써클,2
노릇,2
은경,2
반상회,2
가필,2
하북팽가,2
면모,2
갈증,2
어쿠스틱,2
북경,2
검색,2
딸아이,2
테루키,2
예훈,2
한칼,2
렌트,2
무작위,2
버금,2
빌어먹을,2
젖,2
까맣다,2
방위,2
불미,2
속옷,2
꽃처럼,2
라크,2
호문,2
쟁기,2
아브람,2
가로막,2
김영기,2
티키타카,2
박은하,2
남지훈,2
막중,2
로미오,2
미리암,2
획,2
수염,2
수뇌,2
입학생,2
맥밀런,2
정유,2
녹림,2
나츠키,2
도의,2
클로이,2
짓밟힌,2
독약,2
소름끼치다,2
가녀리다,2
인찬,2
이변,2
구황,2
맨해튼,2
산수화,2
일상생활,2
사이버,2
칭송,2
계열,2
쪽팔리다,2
정심,2
광해,2
고약하다,2
새엄마,2
블레,2
꺼리다,2
손잡다,2
성북동,2
도희,2
가영은,2
시라,2
하이테크,2
데크,2
옥연,2
놀,2
채록,2
혼삿날,2
카서스,2
컬링,2
훌쩍,2
괴기,2
패거리,2
발레단,2
모카,2
식솔,2
연쇄살인,2
몸뚱이,2
토모,2
못난이,2
싱그럽다,2
극장,2
악물다,2
보물찾기,2
줏대,2
생포,2
초유,2
카호,2
곧이어,2
카미,2
레지나,2
영안,2
횡포,2
스우,2
빈털터리,2
귀농,2
모토,2
강팀,2
단두대,2
카린느,2
신사,2
발발,2
물체,2
박대,2
항해,2
노해,2
열등생,2
텍슨,2
프레이,2
종문,2
샤르티아,2
지연우,2
환시,2
시그마,2
주간,2
부족함,2
진겸,2
착실하다,2
풍기다,2
정양,2
원영,2
소라,2
콜라,2
아틀란테,2
스즈,2
리더십,2
아오이,2
벌칙,2
닫히다,2
도쿄,2
일절,2
오매불망,2
기질,2
전율,2
자키,2
병동,2
코바,2
종횡무진,2
어장,2
연환,2
괴소문,2
얌전하다,2
코타,2
지완,2
은영,2
스오,2
미카엘,2
기태,2
애기,2
일거수일투족,2
내시,2
여리고,2
필요없다,2
파산,2
빈번,2
장래,2
라스,2
아마도,2
차봉,2
오주원,2
기피,2
절대자,2
맴,2
적기,2
만으로는,2
그딴,2
타라,2
간문제,2
유디트,2
짐꾼,2
문모,2
구현,2
조련,2
남아돌다,2
억조,2
비아,2
로우,2
급소,2
맙소사,2
복작복작,2
대마,2
황인찬,2
엔지니어,2
황민,2
마공,2
개구리,2
말술녀,2
아레나,2
백설희,2
노골,2
페일,2
눈물나다,2
취중,2
박솔,2
찢기다,2
전멸,2
릿,2
목화,2
의탁,2
단위,2
출마,2
수재,2
동백,2
맞닥뜨리,2
양수,2
당직,2
단호,2
각의,2
물자,2
큐레이터,2
수렴,2
임완,2
적하,2
사욕,2
이지호,2
발산,2
절약,2
에이미,2
발렌타인,2
힐드,2
총리,2
유모,2
기후,2
스가르드,2
나토,2
따분하다,2
라마,2
김호,2
소연강,2
구리구리,2
맥주,2
임현,2
강진호,2
계급,2
동상동,2
자상하다,2
성창,2
십년지기,2
검소,2
엘리사,2
강현준,2
그란디아,2
노오,2
요리실,2
끼리끼리,2
궁합,2
상고,2
판화,2
자타,2
로트,2
아쉐,2
애월,2
속임수,2
엘리사벳,2
허비하다,2
리벨,2
지워지다,2
인맥,2
강국,2
제자리,2
류범,2
에른스트,2
이소연,2
애진,2
감탄,2
긍지,2
도구로,2
보수,2
공사,2
혼사,2
경화,2
이원호,2
수없이,2
정상회담,2
한자리,2
마사,2
공허하다,2
북미,2
결혼합시다,2
정윤호,2
보단,2
삼백,2
케이트,2
마사토,2
불러일으키다,2
반고,2
영민,2
수나,2
달라붙다,2
뗄레,2
검영,2
사빈,2
할스,2
몹쓸,2
울음,2
선두,2
잦다,2
우도,2
떠나가다,2
웅장,2
렐,2
다독,2
배움,2
시민권,2
청종,2
유닛,2
자치,2
골다,2
두기,2
명실,2
밀수,2
튜닝,2
루피아,2
장선,2
시리어스,2
관종짓,2
잔해,2
대표이사,2
극도,2
도헌,2
제약,2
영계,2
라이더,2
껍데기,2
사유리,2
내게로,2
심신,2
한구석,2
일흔,2
진후,2
사회인,2
사령관,2
파블로,2
군벌,2
흘러나오다,2
색청,2
애물,2
재도,2
노련하다,2
유화,2
헌책방,2
배배,2
단란,2
무심코,2
끌어당기다,2
쪼렙,2
ㅊㅑㅂ,2
방면,2
불위,2
유풍,2
창욱이,2
베누,2
디테,2
아야,2
블루그래스,2
희미하다,2
연방,2
콜로세움,2
억대,2
영진,2
볼모,2
고지,2
호남,2
담덕,2
페미니스트,2
우희,2
이연아,2
승률,2
류지훈,2
룻,2
프렌시아,2
창의력,2
신동,2
으론,2
협의,2
성화,2
난데없다,2
장미꽃,2
선일,2
구동,2
회원,2
란슬롯,2
고정,2
푸념,2
으음,2
예선,2
본선,2
자괴,2
는커녕,2
그나마,2
막말,2
악바리,2
거란,2
동굴,2
더럽히다,2
오니,2
왜냐하면,2
다오,2
테드,2
평화주의자,2
뿌옇다,2
불교,2
인기투표,2
북한,2
여선생,2
형님,2
작위,2
앞바다,2
카프레,2
근면,2
성실,2
영근,2
천명,2
줄줄이,2
최현승,2
우주비행사,2
통합,2
컨닝,2
조기,2
사이카,2
이론,2
복식,2
두둥,2
자의식,2
서역,2
이환,2
키도,2
약산,2
기독교인,2
홈,2
진조,2
교묘하다,2
임진왜란,2
출판,2
메세지,2
천상세계,2
미만,2
쉐어,2
좌우,2
국면,2
환경오염,2
케이,2
스타워즈,2
배치,2
미주,2
시들다,2
무황,2
비책,2
마녀사냥,2
쿠로,2
북촌,2
최면술,2
김원봉,2
신촌,2
초가,2
개화,2
뽀얗다,2
지그시,2
침투,2
너무하다,2
네온비,2
차고,2
비코,2
나연,2
오감,2
깡통,2
얻어먹다,2
커밍아웃,2
전세,2
전문점,2
라그,2
버킷,2
삼겹살,2
기네스,2
묘안,2
움츠러들다,2
무표정,2
명석하다,2
광무,2
피렌,2
용신,2
장산,2
시야,2
박두,2
농,2
장안,2
세엣,2
향연,2
급제,2
셨,2
아웃,2
더시티,2
때때로,2
달팽이,2
닉네임,2
중반,2
뒤끝,2
둘러보다,2
김태영,2
서울대,2
실험실,2
협력,2
까먹다,2
ㄴㅒ,2
메메,2
타나토스,2
김수용,2
뚝딱,2
천만다행,2
공공,2
영차,2
광둥,2
진미,2
테르뷔온,2
바얀,2
쭉,2
르트,2
약조,2
루이제,2
감돈,2
벤자민,2
파이트,2
보령,2
굽다,2
합방,2
화홍,2
얌얌,2
마마,2
유랑,2
중전마마,2
들개,2
아귀,2
스카우팅,2
긋다,2
돼지고기,2
훤칠,2
혈혈,2
햄스터,2
보전,2
봄솔,2
카트리나,2
사경,2
주임,2
손수,2
구체화,2
전화위복,2
종달새,2
비뢰도,2
개국,2
무문,2
돈벌이,2
두부,2
깨알,2
신명,2
무식하다,2
그럴듯하다,2
사부로,2
북원,2
조각상,2
포착,2
백배,2
서든,2
진관,2
매정하다,2
널리,2
자문,2
아나스타샤,2
최적화,2
왕년,2
러시아,2
진무,2
다음웹툰,2
에디,2
달랑,2
김형수,2
어벤져스,2
소탕,2
에뷔오,2
홀랑,2
달린다,2
미니,2
경고,2
미유키,2
미명,2
최우수,2
장발,2
신물,2
메이저리그,2
도탄,2
강수연,2
심성,2
해물,2
병아리,2
십분,2
카마엘,2
키안,2
아라가,2
이딴,2
황보,2
후대,2
칼집,2
풍부하다,2
카베,2
스코틀랜드,2
트립,2
평민,2
예상외,2
쫓아오다,2
하델룬,2
명가,2
진씨,2
마룡,2
이선,2
하숙,2
버러지,2
미약,2
초식,2
덤비다,2
심상,2
개과천선,2
연수,2
릴리트,2
눌림굿,2
번식,2
제니스,2
도민,2
도겁,2
초원,2
시집가다,2
비중,2
포커페이스,2
판토텐산,2
설치다,2
이따금,2
정수,2
태혁,2
잊어버리다,2
승휴,2
원대하다,2
일편단심,2
창파,2
농담,2
삽질,2
뇌종양,2
마냥,2
은신,2
분리,2
절영,2
동거인,2
가구,2
슬,2
대성,2
나본,2
인화,2
떠돌아다니다,2
알리,2
부도,2
오디세이,2
형상,2
일리아드,2
찝찝하다,2
종업원,2
표방,2
진대제,2
청량하다,2
군왕,2
잠재우다,2
유황,2
여겨지다,2
번영,2
전권,2
철칙,2
자지,2
몽골,2
홍안,2
윤화우,2
등록,2
왕인,2
횡단보도,2
장식,2
판도,2
에게선,2
쾌검,2
칼립소,2
파천,2
이강천,2
철혈룡,2
대봉,2
신형,2
셀렉,2
방콕,2
정확도,2
유신,2
짊어지,2
동락,2
국경,2
사격,2
금메달,2
세심,2
류연,2
팔방미인,2
퉁,2
무장류,2
베네치아,2
깨부수다,2
상속인,2
신통,2
우미,2
요동치다,2
제우스,2
사위,2
부리면,2
포위,2
사천,2
좌,2
폭소,2
자레드,2
돌연사,2
매그넘,2
대패,2
출사,2
트리플,2
독재,2
케레스,2
조리사,2
건곤,2
실세,2
날벼락,2
병마,2
보르,2
껏,2
도끼,2
이스,2
가창력,2
투닥투닥,2
카제,2
매혈,2
해경,2
맵다,2
동전,2
히드라,2
란드,2
쌀쌀,2
승전,2
연예,2
브라질,2
치하,2
유몽인,2
얹히다,2
용용,2
자격지심,2
밀리,2
남녀공학,2
충치,2
까닭,2
피나,2
라플레시아,2
가부장,2
이세계인,2
숙희,2
상수,2
부친,2
켜,2
사와코,2
번지점프,2
복잡,2
미정,2
약사,2
워프,2
한수지,2
소생,2
키세,2
왼쪽,2
카비,2
무심,2
분방,2
김유,2
불알,2
이혁,2
깨어지다,2
골칫덩,2
기인,2
들통,2
천희,2
벅차다,2
무가,2
강력,2
초창,2
지율,2
사리다,2
사법,2
숍,2
도온,2
맨발,2
성찬혁,2
샤넌,2
백야,2
깅코,2
붕어,2
화병,2
이형,2
양현우,2
친불,2
스타크래프트,2
하등,2
소년가장,2
협회,2
었,2
네트,2
베르사유,2
젠장,2
년생,2
남부,2
솜씨,2
보넨,2
로마,2
펠로데르스,2
조준,2
싱크홀,2
어이없이,2
구영,2
빗,2
민사,2
비보,2
급작스레,2
재헌,2
뒷골목,2
달려오다,2
준석,2
세원,2
로웰,2
추하다,2
게이머,2
참패,2
열병,2
칼럼니스트,2
향유,2
산화,2
자동사,2
통천,2
들보,2
일해,2
율휘,2
이자나,2
달아나다,2
렐라,2
무상,2
디안,2
포즈,2
카카오,2
히키코모리,2
예진,2
지금껏,2
강휘,2
보필,2
짱짱맨,2
해동,2
잠재,2
샤워실,2
유무,2
악어,2
파프리카,2
오마이갓,2
청담동,2
손대다,2
구사일생,2
마천루,2
가면무도회,2
러브레터,2
죠르디,2
랩소디,2
꼼수,2
신들리다,2
마키,2
후각,2
예민하다,2
일상다반사,2
제네시스,2
난투,2
주최,2
본명,2
팀원,2
참수,2
덜다,2
멜로디,2
감기,2
섞다,2
들이키다,2
개운하다,2
자아내다,2
영존,2
작곡,2
앙큼하다,2
단역,2
도발,2
한예인,2
세레,2
얀데레,2
그랬더니,2
전국구,2
웅패,2
횡령,2
권정록,2
올빼미,2
메트로폴리스,2
헤드,2
자물쇠,2
송도,2
초고,2
경악,2
가꾸다,2
정원사,2
누군데,2
도백,2
메이저,2
묵검향,2
포터,2
소란,2
실습생,2
태진쌤,2
피라미드,2
대고,2
심해지다,2
신채린,2
이탈,2
응급실,2
기민,2
오프라인,2
로열티,2
염민,2
기개,2
규연,2
자본주의,2
유혈,2
대규모,2
절단,2
과보,2
금손,2
역술,2
애완견,2
존잘님,2
라기,2
에게까지,2
조가,2
디바이스,2
높낮이,2
숨바꼭질,2
저물다,2
항구,2
플레로마,2
옐레나,2
아라비아,2
상윤,2
란제리,2
베,2
죄악,2
이사벨,2
환청,2
생인,2
늘어지다,2
련,2
재미없다,2
아르테,2
양아들,2
그늘,2
과격,2
금국,2
일평생,2
최우혁,2
밀어내기,2
소영은,2
셀라,2
약물,2
스위치,2
라피,2
취했,2
중상,2
채택,2
액,2
메스,2
라르,2
로미,2
음양,2
하일랜드,2
반했어,2
산맥,2
꼬봉,2
동창회,2
전무,2
구속,2
토스카나,2
마릴,2
신규,2
퍼포먼스,2
사천왕,2
지불,2
본진,2
우아하다,2
해솔,2
헬라,2
가리키다,2
시뮬레이션,2
몽룡,2
춘향전,2
신속하다,2
되돌아오다,2
무결,2
사후,2
철기,2
승희,2
등지,2
친아빠,2
천주,2
품행,2
윤희수,2
동지,2
웅자,2
미드,2
미노타우로스,2
장승,2
웨딩드레스,2
원칙,2
이따위,2
만이라도,2
새어머니,2
식다,2
공양미,2
윤상,2
효,2
천만,2
말고는,2
에잇,2
나인,2
신지연,2
고교시절,2
팬사인회,2
지루함,2
체육교사,2
허당,2
싸이다,2
환골탈태,2
어언,2
본색,2
방송인,2
권신,2
강신,2
어처구니,2
학당,2
반년,2
고대로,2
요코하마,2
일일,2
정녕,2
덴,2
식욕,2
통곡,2
만연하다,2
시칠리아,2
칼리스토,2
교차,2
보모,2
카산,2
아즈쿤,2
종속,2
호프,2
박새,2
로움,2
강세현,2
세현,2
강적,2
진강,2
매덕스,2
루시,2
레이어스,2
타오,2
무왕,2
풀템,2
어촌,2
소실,2
주나라,2
대차다,2
한의사,2
명확하다,2
비비다,2
직위,2
운청휘,2
안슬찬,2
신림,2
호락호락하다,2
유호,2
시설,2
먹거리,2
다희,2
소양,2
꽃값,2
이공,2
주니어,2
우지혜,2
팔인,2
딱지,2
예나,2
키워지다,2
내야,2
무수리,2
연마,2
고분,2
득시,2
하선,2
스바루,2
반수호,2
한니발,2
선셋힐,2
니야,2
탈환,2
군림단,2
정우인,2
패색,2
기문,2
숙면,2
짙어지다,2
쉽사리,2
검지,2
교문,2
현웅,2
매국노,2
환의,2
거품,2
피난,2
흉포하다,2
사족,2
제석천,2
서양,2
로써,2
라성,2
샘,2
현아,2
규제,2
도선영,2
휴머노이드,2
아사히,2
느닷없다,2
매사,2
신력,2
벤츠,2
박시은,2
날씨,2
라푼젤,2
우산,2
오정우,2
비상하다,2
하아,2
류려,2
불경,2
세손,2
자임,2
첫키스,2
레이먼,2
비추다,2
성혜,2
선풍,2
쥴리아,2
타격,2
설영족,2
서현우,2
머나멀다,2
어간,2
우강,2
신일숙,2
김준민,2
순진,2
태만,2
포탈,2
영험,2
상종,2
멘탈,2
비옥하다,2
으,2
효주,2
혐의,2
요일,2
천적,2
남방,2
스틸,2
결혼반지,2
혼전,2
려고,2
이연호,2
호색,2
중심지,2
우뚝,2
지독,2
나날이,2
알바로,2
랭커,2
민트,2
미카,2
엽진,2
백프로,2
핏줄,2
권모술수,2
판도라,2
철창,2
혼쭐,2
조만간,2
다임,2
한솔,2
청초하다,2
박박,2
청초,2
지출,2
비용,2
쿵,2
끌어안다,2
랴,2
종착,2
여원,2
의붓아버지,2
미자,2
몰두하다,2
취하,2
우상,2
경운궁,2
유폐,2
선미,2
진선미,2
큐티,2
배역,2
일인자,2
배열,2
내의,2
뽑히다,2
도빈,2
스쿨라이프,2
선황,2
수룡족,2
태평양,2
건립,2
가업,2
선포,2
등진,2
연작,2
패악,2
알텝,2
웜,2
싸늘하다,2
왕원,2
헤테,2
오피스텔,2
휴대폰,2
강진아,2
어수룩하다,2
고모,2
안면,2
존귀,2
연민,2
장현,2
연적,2
로드릭,2
구독,2
백진,2
초임,2
실례,2
개혁,2
쿠니미츠,2
장밋빛,2
초강대국,2
어리바리하다,2
흉악하다,2
슈르트,2
십왕,2
취,2
김정은,2
촌철,2
하월,2
육신,2
담향,2
대접,2
오아시스,2
폐업,2
킹캣,2
마토,2
칼리,2
오렌지,2
승패,2
지유,2
프랭크,2
대문,2
마동,2
여념,2
댓글,2
재민,2
이부진,2
연예기획사,2
니루,2
구로,2
도모,2
타오르다,2
수형,2
관람,2
갈기,2
봉착,2
크로스,2
들썩이다,2
초라하다,2
원신종,2
아버,2
약화,2
신한,2
나란하다,2
하이퍼,2
리얼리즘,2
몽케,2
천신만고,2
박태,2
도성,2
범접,2
하륜,2
광주,2
해외여행,2
픽션,2
아비규환,2
간신,2
골렘,2
내전,2
검파,2
백린,2
권율,2
젖다,2
의선,2
끝없이,2
은나라,2
중천,2
의형제,2
이어서,2
외유,2
이산,2
윤지수,2
정형외과,2
승화,2
우열,2
난류,2
한정우,2
윤민,2
반짝이다,2
살인죄,2
면회,2
깡,2
엔트워프,2
능가,2
고속,2
아예,2
비우다,2
저급,2
시진,2
훼방,2
정조,2
외과의,2
인큐버스,2
제사,2
사물함,2
짜증나다,2
실직,2
즈음,2
적자,2
윤영,2
상승,2
둔갑,2
레나,2
프랑,2
키알,2
경도,2
꿀잼,2
매드,2
바인,2
칼렙,2
블러드,2
의혹,2
고행석,2
수선하다,2
닥,2
어김없이,2
노숙,2
슬로,2
독보,2
로렌스,2
비사,2
열악하다,2
무적자,2
단정하다,2
잡부,2
생시,2
공원,2
밍,2
워블,2
탐색,2
무령,2
외야,2
브로맨스,2
돌물,2
풋맨,2
침소,2
금환,2
손바닥,2
냅다,2
시청자,2
미스터,2
진구,2
위서,2
라이즈,2
로완,2
냉,2
당나라,2
유유,2
이기진,2
묶인,2
나로,2
물속,2
호채,2
섬멸,2
카라반,2
디트로,2
끈기,2
아이작,2
돌체,2
세린,2
수락,2
이언,2
노벨,2
무정,2
벽난로,2
깊숙하다,2
종횡천하,2
안주인,2
팜므파탈,2
의붓,2
몽유,2
괴걸,2
향실,2
별도,2
정협,2
곤,2
건청,2
낙태,2
대악,2
발행,2
귀화,2
낙태죄,2
부회장,2
용법,2
소화,2
북방,2
구백,2
포켓,2
창존,2
좀더,2
남자라면,2
안일,2
초면,2
발칵,2
아무튼,2
양양,2
랩,2
벽돌,2
우석,2
외계행성,2
하강,2
예지력,2
서류,2
꼽,2
명나라,2
파괴신,2
굼벵이,2
제천대성,2
신전,2
신성하다,2
대검,2
독행,2
손오공,2
천부인,2
지랄,2
왈,2
야릇하다,2
만신창이,2
태평성대,2
재웅,2
민희,2
리쿠,2
상공,2
돈세탁,2
탈각,2
종횡,2
연령,2
출금,2
태섭,2
악세다,2
김희,2
쏟아내다,2
발버둥,2
강지훈,2
종사,2
퇴역,2
건영,2
명분,2
펀즈,2
마스코트,2
투수,2
스윗,2
쌉싸름하다,2
반영,2
담배,2
조명,2
발가락,2
기성,2
끝내기,2
포부,2
제로원,2
몰려들다,2
원조,2
육지,2
전란,2
왕지,2
어둑서니,2
제호,2
주고받다,2
형질,2
퓨어,2
척척,2
얼어붙다,2
사흘,2
플라토닉,2
똘똘,2
코제트,2
과시,2
모진,2
각오,2
천산,2
북풍,2
혈기,2
서먹하다,2
줄다리기,2
자히드,2
친부모,2
마르카,2
추악하다,2
신도,2
외다,2
알쏭달쏭하다,2
일련,2
학생증,2
폐부,2
우물,2
달님,2
열녀,2
류준,2
운빨,2
강연,2
명석,2
비둘기,2
갈팡질팡,2
강변,2
민철,2
미수,2
다부지다,2
솔이,2
부랄,2
꾸준하다,2
찾아다니다,2
수강생,2
별안간,2
청첩장,2
건민,2
헤어지자,2
피디,2
판박이,2
특선,2
수면,2
만취,2
오랑캐,2
어중간하다,2
자판기,2
호화,2
우르,2
유배,2
외로이,2
사이먼,2
난기,2
라운드,2
부대끼다,2
선입견,2
우리네,2
판사,2
실형,2
땡,2
럭셔리,2
이단,2
기구,2
곤란,2
동상,2
정지혜,2
정의감,2
쌈,2
특공대,2
은재,2
전리품,2
용도,2
구축,2
레바,2
휴재,2
주작,2
휴학생,2
민결,2
게임기,2
샬,2
파도,2
리오니,2
제트,2
징표,2
개미,2
땀,2
래빗,2
샐러리맨,2
얼빠,2
가우스전자,2
소로,2
독사,2
성사,2
반의,2
디디다,2
밀고,2
정주리,2
하나미,2
아역배우,2
은주,2
수강,2
마땅하다,2
무취,2
마켓,2
모면,2
참새,2
렌즈,2
올가미,2
도플갱어,2
펀칭,2
도난,2
리언,2
이목,2
다비드,2
오묘,2
꼭두각시,2
마술,2
세트,2
단정,2
엮어가,2
소신,2
이호진,2
탈탈,2
화악골,2
미루다,2
정윤,2
내츄럴,2
권태호,2
남제,2
출전,2
신봉,2
이희수,2
뽀삐,2
경자,2
이동건,2
참전,2
치카,2
의아,2
판치다,2
장광,2
서우,2
제우,2
김신,2
초식남,2
접촉,2
검존,2
권태기,2
골인,2
손쉽다,2
모바일,2
찮,2
흐릿,2
흑마,2
강대하다,2
수기,2
굴복,2
떼돈,2
환수,2
기억나다,2
수희,2
프로페셔널,2
렙,2
침착하다,2
은장,2
후천,2
영리하다,2
불안,2
실내,2
탈주,2
시연,2
칙칙하다,2
심평원,2
선희,2
환웅,2
필터,2
부라,2
존속,2
열광하다,2
러닝,2
김기범,2
이연,2
점심시간,2
사무직,2
연락처,2
비약,2
손안,2
웅,2
세종,2
핍박,2
무적핑크,2
김규삼,2
발신,2
촌스럽다,2
회부,2
간질간질,2
남파,2
유국,2
전력,2
나사,2
유해,2
섬기다,2
음흉하다,2
낌,2
가후,2
모임,2
알록달록,2
재생,2
기고,2
사배,2
진사,2
제과점,2
모건,2
인근,2
육성,2
미우다,2
바랬던,2
현역,2
칵테일,2
문어,2
자존감,2
레비,2
점거,2
얼간이,2
호랭총각,2
끼니,2
퇴치,2
달짝지근하다,2
호락호락,2
겉멋,2
한가득,2
브랜든,2
채운,2
오누이,2
평판,2
표행,2
부국,2
몬작,2
은거,2
연하늘,2
로마노프,2
조원,2
럭키,2
검증,2
해킹,2
차남,2
연못,2
그리기,2
어나더,2
이동욱,2
만으로도,2
추측,2
냇가,2
커버,2
제약회사,2
남도영,2
하랴,2
밤낮,2
국정원,2
사별,2
토종,2
담당자,2
천룡회,2
다이스,2
굴리,2
안도,2
낙방,2
현명하다,2
부속품,2
주유,2
부끄러움,2
서랍,2
사냥터,2
파이터,2
진실하다,2
주현,2
기수,2
한두,2
참가자,2
하교,2
용소,2
섭외,2
혈안,2
잡혀가다,2
장물,2
서운하다,2
핑크,2
겨눈,2
백화,2
저울,2
시누이,2
웃픈,2
전염,2
난쟁이,2
꿋꿋하다,2
계곡,2
교,2
터전,2
엮였다,2
도준,2
지점,2
집앞,2
연관,2
절반,2
설득,2
색감,2
탁월하다,2
컬러풀,2
재단,2
합작,2
태릉선수촌,2
운동선수,2
코치,2
샌프란시스코,2
제대,2
난투극,2
한스,2
불량하다,2
한민구,2
모몽,2
억이,2
전문의,2
순덕,2
무난,2
밍구,2
조정,2
모이,2
다수,2
안하무인,2
개장,2
예수,2
대만,2
유별,2
붕괴하다,2
자책,2
나중,2
은태,2
베스,2
운동신경,2
재물,2
빨르다,2
비현실적,2
찬탈,2
여상,2
시점,2
얹혀살다,2
잠식,2
묵적,2
재계약,2
취했다,2
덥다,2
심상윤,2
후범,2
싹,2
황색,2
망사,2
점균,2
블롭,2
선하다,2
독거,2
시끌벅적하다,2
이슈,2
로제,2
라커,2
볶다,2
제타,2
귀차니즘,2
마라샹궈,2
표절,2
알차다,2
엠젯,2
람,2
당영,2
오합지졸,2
싸이,2
이한철,2
채나라,2
인적,2
드물다,2
김인,2
모집,2
띠,2
김종서,2
인원,2
권세,2
답지,2
먹물,2
무의식,2
고결하다,2
적통,2
필름,2
어리둥절하다,2
지름,2
윌,2
염력,2
어쨌든,2
균열,2
협찬,2
지갑,2
개방,2
두봉,2
뒤덮히다,2
생방송,2
자연스레,2
살가죽,2
해괴,2
생물체,2
울음소리,2
강소현,2
정춘택,2
인접,2
학살,2
외교,2
손실,2
강행,2
그간,2
투자자,2
킬,2
요양원,2
봉사활동,2
까탈,2
삭막하다,2
네빌,2
조심스럽다,2
한평생,2
비형랑,2
스님,2
보배,2
물범,2
무분별,2
첫인상,2
전성기,2
계층,2
오신,2
롤랑,2
무아,2
충족,2
호두,2
구의,2
대충,2
어른스럽다,2
우려,2
파크,2
무모하다,2
영장,2
구사,2
긴박하다,2
육질,2
그램,2
습관성,2
핑크레이디,2
은반,2
우유부단,2
뛰어내리다,2
타래,2
준호,2
몸값,2
지급,2
닥터,2
민감하다,2
심리학자,2
교수인형,2
뿜뿜,2
실질,2
이기심,2
애매,2
강인하다,2
해갈,2
성현,2
공백기,2
성스럽다,2
숨쉬다,2
영향력,2
거짓말쟁이,2
장래희망,2
열무,2
울컥,2
금보,2
필살,2
뜰,2
번데기,2
야구단,2
뭉치,2
김진,2
법인,2
카이사르,2
의심스럽다,2
극지,2
정이현,2
화목,2
여탕,2
일편단심화,2
눈썹,2
벚꽃,2
천상계,2
서나래,2
간사하다,2
적나라하다,2
캔버스,2
보호자,2
드럽다,2
검투,2
포근하다,2
은은하다,2
도래,2
기동대,2
후광,2
트럼프,2
츄리닝,2
시에라,2
학급,2
런,2
뭉클하다,2
움직임,2
학업,2
추모,2
용호,2
디스,2
농구,2
쓸모없다,2
대룡,2
빠찌,2
악전,2
혈액형,2
화기,2
순박하다,2
마다의,2
유학생,2
퇴학,2
축구선수,2
으로써,2
광년,2
풍랑,2
육식동물,2
즐비하다,2
발끝,2
의기,2
레인저,2
투합,2
연약하다,2
아이딘,2
긴장,2
임박,2
격정,2
구아바,2
도적,2
꾀임,2
세계대전,2
포악하다,2
묵,2
자재,2
하이브,2
벼슬,2
광마,2
박수호,2
출세,2
맨몸,2
공약,2
로드무비,2
터스,2
확립,2
스테이,2
싹수,2
스페셜,2
세금,2
백방,2
내과,2
집주인,2
냉이,2
헬스장,2
연옥,2
건너다,2
김창남,2
견학,2
연주가,2
계나리,2
황미애,2
밀리터리,2
곽재용,2
상목,2
융화,2
정필,2
강점,2
전자,2
루키루,2
터널,2
다큐멘터리,2
천진난만,2
요리왕,2
화초,2
온실,2
출구,2
덧,2
대들다,2
고교야구,2
씌우다,2
금동,2
박물관,2
와루,2
많아지다,2
줌,2
고삼,2
동명이인,2
백모란,2
찜질방,2
메뉴얼,2
창창하다,2
안위,2
너비,2
대학가,2
차도,2
월드컵,2
자율,2
채플린,2
루저,2
편집장,2
쾌적하다,2
에디터,2
해만,2
어렵사리,2
프리미엄,2
탕진,2
자미,2
베트남,2
골칫덩이,2
통쾌,2
거금,2
루트,2
펜싱,2
물감,2
흐,2
애니멀,2
무수,2
솔직담백하다,2
최소,2
깔끔하다,2
국서,2
이수,2
속박,2
가시,2
제한,2
성균관,2
민중,2
레즈,2
쿠,2
겟네임,2
피장파장,2
좁히다,2
왜곡,2
우월한하루,2
서재,2
정은,2
킨,2
십수,2
깊숙이,2
전무후무,2
노노,2
흑백,2
곁들이다,2
백도현,2
최창식,2
의상,2
낚는,2
조교,2
형조,2
오어,2
헤이트,2
이솝,2
낚시꾼,2
이솝우화,2
다이빙,2
게이바,2
흉가,2
나태,2
마지못하다,2
후련하다,2
백산,2
구질구질,2
오동통하다,2
흉내내,2
중매,2
일꾼,2
심층,2
권용현,2
반대편,2
하소,2
밀도,2
연유,2
영위,2
마비,2
클론,2
수용,2
바리데기,2
토막살인,2
매년,2
급작,2
외도,2
빅터,2
위안,2
생략,2
갈망,2
경민,2
딥,2
미터,2
꽃점,2
이불,2
하란,2
반박,2
러블리,2
민후,2
공항,2
어마,2
제인,2
특정,2
전염병,2
금세,2
파랑,2
식탁,2
항문,2
삼수생,2
재홍,2
포토툰,2
중구,2
돈독하다,2
수퍼,2
값어치,2
땅속,2
버섯,2
강지영,2
달려들다,2
갈피,2
원고,2
노출,2
유니버스,2
인생역전,2
중범죄,2
박태준,2
한천,2
일수록,2
관광,2
싱가포르,2
혼탁,2
당대,2
흡,2
채현,2
투견,2
균,2
빛눈,2
저열,2
은덕,2
전속,2
이즈미,2
여보,2
계심,2
사쿠라,2
엉덩이,2
진성,2
치닫다,2
바른,2
방과후,2
쫓아가다,2
재미있다,2
개편,2
팍팍,2
슈,2
넓히다,2
태웅,2
석우,2
옆방,2
상진,2
펀치,2
귀의,2
메모,2
정남,2
복서,2
캐슬,2
지화,2
기재,2
김찬규,2
쾌활하다,2
원룸,2
차림,2
주주,2
반점,2
페르세포네,2
허송,2
사탄,2
꼴다,2
무리하다,2
오성,2
셜록,2
김혜정,2
털리다,2
그러면,2
무의미하다,2
팝콘,2
진솔하다,2
모세,2
교환,2
깐깐하다,2
촉망,2
파랗다,2
각시,2
심야,2
후안,2
고려시대,2
흐리다,2
지하세계,2
레드카펫,2
임진국,2
전입,2
신고,2
막무가내,2
인척,2
투척,2
똥통,2
커튼,2
콜,2
공고,2
평강,2
불성,2
습득,2
사설,2
비기다,2
스터디,2
콜라보,2
모니터,2
의자,2
매가,2
장통,2
시인,2
개싸움,2
추신수,2
태초,2
설계,2
위드,2
시내,2
탈선,2
산송장,2
랜딩,2
빌딩,2
쌍용,2
위퍼,2
제작사,2
이천,2
마시다,2
산신령,2
장필,2
침범,2
작곡가,2
스카웃,2
공신,2
미호,2
김기봉,2
집도,2
불씨,2
기겁,2
발각,2
산이,2
은율,2
사이좋다,2
재학,2
낱낱이,2
실용음악,2
우애,2
차우,2
합주,2
재동,2
불화,2
하슬라,2
봄날,2
시계,2
뤄밍,2
홍콩인,2
동부,2
우두머리,2
심화,2
선장,2
노화,2
말아먹다,2
무지개,2
외치,2
인주,2
새우,2
김진호,2
루베,2
곽,2
나탈리,2
마기,2
가져가다,2
강수,2
미대,2
고고학,2
산호,2
공통점,2
숙성,2
끓다,2
짓누르다,2
칭찬,2
오싹,2
멸종,2
광수,2
차가워지다,2
가능,2
휴식,2
분주하다,2
도현,2
주황,2
주호,2
뇌섹남,2
운동장,2
프로필,2
속편,2
짤,2
싣다,2
할미,2
김연,2
제조,2
언데드,2
궁전,2
괴현상,2
봉구,2
강아훈,2
최승현,2
현대인,2
천진,2
둘러쌓다,2
상실하다,2
미노,2
꼬물이,2
서리다,2
전우치,2
찌,2
일당,2
비웃다,2
주호민,2
이듬해,2
백의,2
태궁,2
수발,2
데이즈,2
은수,2
듣기,2
친형,2
서울역,2
지룡,2
서쪽,2
시베리아,2
리베,2
천문학,2
강북,2
빌라,2
날뛰다,2
악랄하다,2
진척,2
바야흐로,2
집요하다,2
진천,2
젊은이,2
병행,2
닭강정,2
김유리,2
급성,2
붙이,2
깡촌,2
전두엽,2
솔직,2
일러스트,2
방지,2
손가락질,2
팔레트,2
찬양,2
서영,2
의인,2
빈자리,2
서희,2
농구부,2
솔플,2
적룡,2
덴마,2
태용,2
대담하다,2
보답,2
바퀴,2
시범,2
선각자,2
서건우,2
체인,2
재녀,2
눈독,2
잡귀,2
욱하,2
혼밥,2
군복무,2
하디,2
스럽지,2
개조,2
싸이코,2
아벨,2
빼먹다,2
늙은이,2
잘살다,2
꿀벌,2
사해,2
꿀잠,2
조짐,2
개강,2
아포칼립스,2
특명,2
이보람,2
장비,2
구도,2
혜라,2
정착,2
해오,2
상연,2
성범죄자,2
미혼,2
오물,2
제시,2
일삼,2
제각기,2
구타,2
초상화,2
전인,2
밤새,2
쩨쩨해,2
퀴퀴하다,2
김건,2
툭툭,2
갑질,2
횟집,2
가감,2
뻔뻔스럽다,2
기습,2
치사스럽다,2
자질구레하다,2
멋쩍,2
추대,2
밋밋하다,2
문희,2
부림,2
우체부,2
변질,2
최규석,2
견습,2
구마,2
감시자,2
전복,2
성전,2
잭,2
다섯째,2
거미줄,2
훈장,2
유원,2
시험지,2
불안감,2
수감,2
이채,2
개차반,2
융통성,2
통째,2
보좌,2
대수,2
성불,2
메시아,2
년도,2
굴곡,2
패치,2
신앙심,2
미스코리아,2
퍼즐,2
틀리다,2
경영학,2
유나,2
한눈팔다,2
초기,2
마고,2
백정,2
대수롭다,2
한바탕,2
건조하다,2
비타민,2
공평하다,2
신락도,2
애도,2
신락,2
힘내다,2
필데트,2
외아들,2
ㅃㅑㅂ,2
불패,2
지진,2
장막,2
소년만화,2
혼내다,2
자위,2
검정고시,2
박차다,2
신음,2
학교폭력,2
진희,2
용비,2
나열,2
가브리엘,2
도부,2
이강,2
고단,2
유기한,2
난입,2
어지럽히다,2
의학,2
뽀뽀,2
송골,2
천박하다,2
병적,2
불순,2
이영은,2
스플릿,2
미영,2
아니스,2
영적,2
곯다,2
알아주다,2
장휘민,2
초상,2
가치관,2
좌천,2
오리온,2
특출나다,2
프로레슬러,2
사적,2
참회,2
남영,2
버너,2
환멸,2
보드,2
욕설,2
주사,2
최강희,2
득세,2
하든,2
택하,2
유복하다,2
오사,2
억수,2
샥스,2
박열,2
등록금,2
합세,2
기녀,2
강박,2
응징,2
어찌어찌,2
버팀목,2
배터리,2
가만,2
반려견,2
모래바람,2
땅콩,2
연정,2
사칭,2
촉법,2
서머,2
아이러니,2
재창,2
영수,2
은침,2
벌벌,2
조이다,2
섭취,2
푸드,2
백서,2
튕,2
코지,2
오로라,2
만행,2
아리아,2
짝퉁,2
술꾼,2
연습,2
전령,2
올라타다,2
초이,2
설욕,2
수린,2
개최,2
음탕,2
실습,2
앞집,2
고지원,2
영원불멸,2
아임펫,2
고전,2
매미,2
넘겨받다,2
브릭,2
자연인,2
해양,2
설계자,2
일념,2
방랑,2
라바,2
일제강점기,2
오정,2
경미,2
나희,2
여자도,2
결하,2
학회,2
연주,2
피아,2
점철,2
운전사,2
제도,2
가해,2
프로그래머,2
굴욕,2
묘령,2
저잣거리,2
비하인드,2
진술,2
전파,2
바이올린,2
비경,2
진태,2
박주연,2
천우신조,2
해사,2
틀어박히다,2
그레이,2
비디오,2
퇴원,2
계일,1
허드,1
렛,1
벌떡,1
력사,1
브이,1
퇴거,1
간이,1
기계공학,1
도원경,1
배지현,1
우주력,1
윤가민,1
미도리,1
도회,1
승선,1
강도경,1
폐기물,1
말법,1
피시방,1
밀행,1
백이,1
아웃팅,1
박우현,1
순하다,1
아주머니,1
영검,1
들먹이다,1
소시,1
썩,1
이익,1
보도,1
수군거리다,1
인극,1
몸뚱아리,1
동참,1
립앤힙,1
오우거,1
군데,1
적합하다,1
폐장,1
요가복,1
하태수,1
핵인,1
덜커덕,1
발림,1
작물,1
메이린,1
푸욱,1
꽃미녀,1
엽사,1
독학,1
인위,1
방지원,1
자강,1
여장남자,1
여색,1
정오,1
차량,1
고금,1
정쟁,1
교습,1
목덜미,1
향사,1
잉여,1
저팔계,1
개시,1
대입,1
쟁탈,1
애석하다,1
월등하다,1
구구,1
근후,1
호풍,1
심의,1
평화선,1
진경,1
도란도란,1
명언,1
사오정,1
향각,1
부관,1
관통,1
요시츠네,1
권법,1
현정,1
루시펠,1
강한울,1
변장,1
견해,1
복반,1
김수아,1
물복반,1
스노,1
벤케이,1
광신도,1
생명보험,1
입담,1
뜸,1
비행사,1
바루,1
나빠지다,1
판타스틱,1
윤상필,1
모드,1
청림,1
와일드,1
지배인,1
주선,1
핍박하다,1
김용,1
박정우,1
파레,1
존엄,1
폐쇄,1
구조조정,1
불안정하다,1
성수,1
담하다,1
호언,1
탐사선,1
봉우리,1
홉,1
위인,1
어여쁘다,1
최하,1
유력하다,1
휘황,1
관속,1
실컷,1
아홉수,1
주책,1
팡팡,1
무르익어,1
재직,1
다이나믹,1
메트로,1
구봉,1
붕어빵,1
말랑말랑하다,1
놨다,1
모처럼,1
커피점,1
심드렁하다,1
베댓,1
콤보,1
합중국,1
이청,1
공화국,1
예언자,1
지하철역,1
커피전문점,1
펜스,1
신은혜,1
오십,1
일후,1
외줄,1
겉돈,1
카터,1
심취,1
갓길,1
영정,1
성범죄,1
비장하다,1
기차표,1
상류층,1
행선,1
원두,1
헬크,1
애애,1
제일여고,1
성태,1
독재자,1
청람,1
다공,1
인종차별,1
구석기,1
탁탑,1
금성,1
태백,1
노자,1
신지,1
떡락,1
청양,1
안준우,1
인망,1
정당하다,1
유토피아,1
완포세대,1
코마,1
송유관,1
석유,1
온순하다,1
은녹령,1
도유꾼,1
에서야,1
복달,1
유일신,1
윤소라,1
이해랑,1
혈관,1
버스킹,1
스미레,1
홍대,1
가려내다,1
륜건,1
악독하다,1
별장,1
강운,1
사이코메트리,1
민서연,1
라카,1
관능,1
이수혁,1
저항,1
업주,1
경기장,1
블레스,1
아키,1
오프,1
교시,1
방공호,1
도심지,1
괴식물,1
지하수,1
방역,1
대정,1
방어,1
임소영,1
알제,1
한대용,1
친화력,1
아바,1
파일럿,1
부바,1
반로환동,1
윙,1
한윤정,1
석기,1
마경,1
이드를,1
디건,1
일목요연하다,1
떨어트린,1
광공,1
사고사,1
학습만화,1
한주,1
연일,1
일차,1
퇴화,1
이력,1
어우렁더우렁,1
썸머,1
종영,1
론도,1
엮어내,1
범생,1
강당,1
포고,1
축사,1
대디,1
잔업,1
강하나,1
은설,1
장난꾸러기,1
정신병,1
아리송하다,1
찻잎,1
명백하다,1
흡족하다,1
틈새,1
글러트,1
혼나다,1
아등바등,1
조승훈,1
당상,1
김정훈,1
윌리엄,1
진필,1
전야,1
축일,1
아무르,1
무관심하다,1
장선호,1
무협지,1
너리,1
은지,1
야말로,1
우승자,1
선금,1
시리아,1
횡사,1
한시준,1
구성작가,1
았,1
어쨌거,1
빠빠,1
전음,1
양극,1
뒤엎어,1
임찬,1
간언,1
국토,1
모로,1
신교,1
봉령단,1
입마,1
경비원,1
주화,1
자동,1
흐트러져,1
첩첩산중,1
어려워지다,1
입궁해,1
청부,1
명함,1
결점,1
무지,1
변환,1
이승경,1
프,1
달님이,1
밧줄,1
갈가리,1
올려다보다,1
정신과,1
실정,1
기유,1
다지,1
무력감,1
방영,1
경제위기,1
싸움터,1
화근,1
내려다보다,1
온전,1
허드렛일,1
여관,1
윤성아,1
중대하다,1
무부,1
닥터프로스트,1
깨끗하다,1
대보다,1
해츨링,1
희한하다,1
한가롭다,1
악하다,1
세련,1
풀란,1
데드맨,1
으로부터의,1
수출,1
단행본,1
김민석,1
모슴,1
제기차기,1
화하다,1
근거,1
잠토,1
좌지우지,1
전선,1
설렁설렁,1
표행기,1
웨,1
약진,1
과학기술,1
위엄,1
고르가,1
암흑시대,1
모호,1
진원,1
윤초,1
안빈,1
리뉴얼판,1
입헌군주제,1
낙도,1
난감,1
앵초,1
거북이,1
웨스트,1
빠방,1
가식,1
몽홀,1
해달,1
함대,1
의협,1
스크린,1
스턴,1
캐링,1
방탕하다,1
암약하다,1
한태성,1
최겸,1
한명우,1
자단,1
열한,1
창녀,1
보내오다,1
신채,1
만금,1
축적,1
단검,1
밀실,1
도라지,1
온유,1
트라이버,1
김철민,1
토목공학,1
늑댕,1
갑사,1
의강,1
김수호,1
노도,1
우문,1
객점,1
엎기위,1
여유롭다,1
밭,1
가우리,1
빡치다,1
시시덕거리다,1
유골,1
포획,1
밀폐,1
애절하다,1
발족,1
강성재,1
무릉원,1
무능력,1
쫄딱,1
사이렌,1
경황,1
문전,1
통달,1
규정,1
군생활,1
질타,1
롬바르디,1
취사,1
사물,1
니요,1
분통,1
오류,1
노말,1
그었던,1
풍선,1
캄캄하다,1
장편소설,1
신귀,1
격인,1
유키,1
기념비,1
맞닥뜨린,1
접목,1
다시없다,1
트랩,1
노바라,1
조정원,1
스티그마,1
착호,1
유대,1
이스터,1
김채하,1
백초,1
기특하다,1
민세,1
컹,1
가솔,1
헛짓,1
초장,1
정모,1
뇨,1
고백록,1
주오,1
선착순,1
파르페,1
성배,1
클릭,1
막막하다,1
프론테,1
란데르트,1
강권,1
해월국,1
자각몽,1
회비,1
커밍,1
도서실,1
와이,1
유디,1
흑기사,1
합당,1
어림,1
킹스턴,1
번쩍,1
칼잡이,1
알림,1
탈락,1
알레,1
겐지,1
나일,1
이뷔엔로즈,1
반인반수,1
품위,1
일종,1
블레아,1
태비,1
수수,1
뻥,1
키코,1
급증,1
저번,1
중지,1
흑마술,1
공중,1
건망증,1
아스티,1
연례,1
시조,1
성품,1
힐러,1
에어로빅,1
산더미,1
순심,1
원스톱,1
꽃봉오리,1
재환,1
쪽지,1
김주원,1
낙엽,1
절실,1
딜레마,1
묵금,1
식스,1
점주,1
부계,1
문서,1
기막히다,1
조리,1
낮술,1
명맥,1
절명,1
가쁜,1
권좌,1
잿밥,1
묶이다,1
모계,1
폭발물,1
약품,1
변국,1
이차원,1
김재환,1
외관,1
일자리,1
번복,1
오냐,1
화학,1
김소진,1
청순하다,1
태왕,1
광개토,1
택한다,1
살일,1
한지훈,1
연씨,1
절노부,1
속칭,1
봉준,1
어리광,1
사법고시,1
명화옌,1
아우르다,1
주먹질,1
빈손,1
테러범,1
치도,1
팔이,1
점령,1
루테,1
먹튀,1
독안,1
비돈,1
곰돌이,1
시엔,1
카류,1
놀이동산,1
김태경,1
미필,1
춘장,1
마피아게임,1
고압,1
엊그제,1
변성기,1
꼬셔놓,1
김승민,1
은결,1
스트레이트,1
농염,1
곤두박질,1
넬,1
대리인,1
장손,1
전달자,1
전우진,1
블러디,1
크롤,1
추장,1
베르크,1
리녹,1
물류,1
마이크로,1
남일,1
이유진,1
보구,1
알펜시아,1
동영상,1
격기반,1
약탈혼,1
경찰청,1
상쇄되,1
달리아,1
차애,1
드라이,1
이영도,1
화선,1
친일,1
당하,1
징크스,1
어트랙션,1
또렷하다,1
순찰차,1
허용,1
볕,1
최정우,1
응급의학,1
웨이,1
작년,1
버스정류장,1
뺘아,1
호르몬,1
공명,1
달동,1
열자,1
남도,1
젊음,1
호소,1
래퍼,1
범우,1
팬심,1
중단,1
주적,1
완전체,1
상반기,1
가정폭력,1
댄서,1
힝,1
시상식,1
화석,1
에서라도,1
츠지,1
참치,1
한주리,1
중간계,1
돌고래,1
여조,1
루치,1
알리시아,1
재발,1
가륜,1
다름없이,1
죗값,1
오프너,1
세탁,1
정유림,1
규리,1
희소,1
김순,1
봬,1
담영,1
대환영,1
금세기,1
이수연,1
불시,1
비엔,1
창의,1
데카르트,1
록흔,1
초란,1
어사,1
어메니티,1
공짜,1
뫼신,1
여생,1
숙식,1
투르,1
후일담,1
실용,1
규명,1
파비오,1
경쾌하다,1
김경호,1
외교부,1
흥부,1
순순하다,1
손고,1
알렉세이,1
사활,1
응당,1
직행,1
교생,1
대지주,1
공손하다,1
바르르,1
나이츠,1
퇴보,1
식민,1
군산,1
식생활,1
친일파,1
첩첩,1
양과자,1
독립운동가,1
의현,1
회중시계,1
에어소프트,1
경주로,1
암호,1
오벨리스크,1
돌림병,1
로섬,1
헤어스타일,1
비상구,1
박성기,1
가망,1
퍼뜩,1
호평,1
휘감다,1
앙금,1
안식,1
환각,1
비스트,1
란델,1
드하,1
부위,1
빵상,1
자뻑,1
이시언,1
찐빵,1
다다르다,1
박진,1
스리,1
삐뚤어지다,1
안보,1
황금색,1
신세계,1
이중인격,1
애처,1
공처,1
가사노동,1
피골,1
페르카,1
로안,1
간청,1
야기,1
캐리어,1
노니,1
간두다,1
혈해,1
시산,1
짐작,1
비축,1
오늘이,1
꿀떡,1
명줄,1
전형,1
사냥개,1
한호,1
리트,1
알리바이,1
서일,1
법률가,1
조각가,1
에르덴,1
레티샤,1
프로파일러,1
핏자국,1
궤,1
하일,1
총사령관,1
보더,1
로이몬드,1
패망,1
흉기,1
패션모델,1
젠트,1
극상,1
양부,1
슬하,1
산등성이,1
본파,1
결실,1
체조,1
방안,1
이지환,1
봉팔,1
동태,1
박의,1
공방전,1
응사,1
비공,1
수재민,1
로구나,1
장원,1
아둥바둥,1
빼어나다,1
결속,1
괴멸,1
회임,1
충직,1
뻣뻣하다,1
레이싱,1
오중석,1
중석,1
마구마구,1
잉첩,1
매끈하다,1
큰소리치다,1
쌔끈빠끈,1
스킨십,1
바름,1
어여,1
김현,1
삐,1
조강지처,1
소박,1
절기,1
장마,1
부전,1
양련진,1
요승,1
학승,1
알라,1
해영,1
할렘,1
텐데요,1
맹목,1
쓰다듬다,1
올미,1
인간찬가,1
인게,1
부채,1
고리타분하다,1
뮈엘라,1
뮈엘,1
에카,1
입양아,1
진분홍,1
급격하다,1
양쪽,1
주바,1
업체,1
고독사,1
소현,1
소시민,1
정의롭,1
대법,1
보쌈,1
장마철,1
사자혁,1
장경,1
김공자,1
패션왕,1
윤선,1
속사정,1
귀부인,1
근대화,1
염제,1
티어스,1
압력,1
복사,1
전전긍긍,1
카넬,1
단델,1
명옥,1
속보,1
태영,1
블레이드,1
뻥뻥,1
자색,1
알못,1
은색,1
발치,1
정보기관,1
땡땡,1
신식,1
관광버스,1
가드레일,1
거르,1
취임식,1
철문,1
사망플래그,1
코딩,1
라비린토스,1
작전명,1
지쇄,1
마네,1
승리자,1
스테어,1
완,1
총명하다,1
테스,1
열혈따윈,1
원샷,1
완두콩,1
황무,1
장화,1
천봉,1
인천,1
반도,1
무명도,1
무어,1
청량미,1
한라,1
빗나가다,1
승강장,1
사과나무,1
부서뜨리다,1
낙동강,1
소마,1
뒈지다,1
제피르,1
블론디,1
몬,1
외로워,1
간식,1
풀칠,1
빈약하다,1
마령,1
관심사,1
다크서클,1
성추행,1
호드,1
음식점,1
피팅룸,1
루딘,1
분배,1
착륙,1
역겹다,1
강룡,1
복숭아,1
함지,1
랜선,1
폰,1
블레샤로,1
반려자,1
히카리,1
쪽잠,1
조수희,1
치의,1
양보,1
동인녀,1
문지원,1
청학동,1
브리스,1
학도,1
브,1
백사,1
나대다,1
도지훈,1
짝남,1
정신차리다,1
금일,1
애정결핍,1
비행청소년,1
근대,1
퇴마록,1
명복,1
면도칼,1
호유,1
카리,1
여의사,1
민담,1
적녀,1
홀연,1
쪼,1
주치의,1
류완,1
소녀가장,1
숙주,1
무치다,1
부랑,1
날다람쥐,1
빠트린,1
용족,1
한진호,1
황혼,1
이탈리안,1
앰버,1
토리아,1
키시,1
페스,1
모음,1
한유리,1
자그마하다,1
야명욱,1
강압,1
사혼,1
국사,1
천식,1
제갈,1
태순,1
카이저,1
헤비급,1
쿠무치,1
심씨,1
심일,1
여의,1
최태웅,1
통칭,1
사고팔다,1
구실,1
런처,1
스미다,1
흩다,1
엔드,1
동원,1
기여,1
뒹구,1
통수,1
궐안,1
내조,1
후려,1
초감각,1
급속도,1
일사천리,1
체계,1
광야,1
재한,1
대행수,1
황호,1
변화무쌍하다,1
화풍,1
성산,1
신윤복,1
김홍도,1
지성훈,1
주룩주룩,1
건데,1
기담,1
대런,1
랍,1
디펜스,1
제라,1
오백,1
보주,1
중위,1
육경,1
성주,1
과거시험,1
미츠루,1
최첨단,1
특이점,1
삭막,1
사토,1
영화관,1
박하,1
요새,1
스키장,1
이방인,1
화보,1
부녀,1
드라코런,1
전교회장,1
영예,1
극락왕생,1
초대장,1
왕립,1
네오,1
나카,1
쟁,1
클레이모어,1
연꽃,1
쾅,1
강세,1
화형,1
양장본,1
들락거리,1
사법부,1
아악,1
독실하다,1
주드로,1
식단,1
워킹,1
범한,1
자백,1
률,1
무효,1
전근,1
유리하다,1
족족,1
마파람,1
즉석,1
양치기,1
달토끼,1
류자키,1
신디케이트,1
꽈배기,1
다마스,1
핏,1
장만,1
어원,1
아이돌스타,1
겨날,1
도완,1
달궁,1
호자,1
짠하다,1
쟁고,1
사각,1
플렉스,1
선남,1
어덜트,1
김주연,1
자발,1
시간관리,1
사생결단,1
헛간,1
사포,1
틀어막다,1
의과,1
탈피,1
마리안,1
쾌감,1
따라잡다,1
위투버,1
방도,1
비보이,1
스텝,1
벙커,1
이다몽,1
주얼,1
전혜진,1
로망따윈,1
선원,1
난장판,1
유리컵,1
게시판,1
고진호,1
노사,1
홍시호,1
헤엄,1
만주,1
실무,1
크로스오버,1
상해,1
탄압,1
방긋방긋,1
총독부,1
수트,1
헌팅,1
상리,1
토로,1
다운로드,1
양주,1
심리상담,1
역정,1
여심,1
안데르센,1
자유도,1
그이,1
스포,1
관직,1
쉴드,1
감전,1
문외한,1
삼복,1
몰이,1
채식,1
건내다,1
송지원,1
홍시,1
연신내,1
단내,1
민정우,1
한동우,1
실망하다,1
진유,1
모던보이,1
기주,1
뉴월드,1
도널드,1
사망률,1
잠그다,1
박성현,1
검둥이,1
헹기못,1
국무당,1
도린,1
듀오,1
평행우주,1
김전,1
놀이터,1
이도우,1
멜릭,1
완력,1
윈체스턴,1
노다지,1
신상,1
극락,1
차사,1
경로,1
천문학자,1
조난,1
부재,1
츠쿠바,1
럼블,1
육교,1
아민,1
행패,1
교화,1
영고,1
흑영,1
부리고,1
채린,1
과목,1
제하,1
최준,1
원귀,1
에다가,1
스투피,1
공찬,1
페르샤,1
삼각,1
살육,1
모텔,1
숨지다,1
배기,1
측은,1
허튼,1
강차,1
지성인,1
배드,1
호강,1
김영희,1
쾌걸,1
아슬하다,1
한껏,1
아슬,1
남아나다,1
김민수,1
서진우,1
맹렬하다,1
독설,1
골드미스,1
무법천지,1
박정수,1
백두산,1
되새기다,1
카를,1
추출,1
메모리,1
출력,1
문인,1
격려,1
파열,1
보살,1
외문,1
법화,1
소규모,1
소드,1
반역죄,1
선대,1
구국,1
천랑,1
월정족,1
황량,1
눈보라,1
상나라,1
소행성,1
달연,1
주정이,1
비천,1
금융시장,1
절멸,1
미네르바,1
원희,1
다문화,1
그릇되다,1
영악,1
광부,1
돌로,1
명감,1
몽들,1
베스타,1
고위,1
정몽,1
낙명,1
난폭하다,1
치타,1
키라,1
테미스,1
평등,1
원픽,1
사내연애,1
김충,1
이상연,1
박선용,1
영상편집,1
김예림,1
가넷,1
이경태,1
페르데릭,1
광산,1
몸싸움,1
한림,1
깨뜨리다,1
규환,1
대거,1
가지각색,1
토미,1
엽총,1
금릉,1
강좌맹,1
움츠리다,1
누적,1
뷰,1
존예,1
스위트홈,1
수위,1
이신,1
예정일,1
체크아웃,1
도둑질,1
낙담하다,1
낭패,1
컨시어,1
압수,1
쏠쏠하다,1
무형,1
악종,1
개밥,1
프리트,1
고옥,1
왜란,1
통틀어,1
팔계,1
태을,1
버겁다,1
훈묘,1
애완묘,1
퍼니처,1
선로,1
음으로,1
적염령,1
적멸,1
뛰어오르다,1
법보,1
고천,1
대제,1
구유,1
야만스럽다,1
미인계,1
정선영,1
소태,1
태권,1
여한,1
뉘우치다,1
종결자,1
마킹,1
언급,1
혼백,1
회랑,1
뵈다,1
강성,1
정복자,1
힌타,1
미현,1
레트로,1
캄신,1
꺼름칙,1
활기차다,1
캐넛,1
김태림,1
실비,1
문병원,1
석촌,1
뮤렌,1
갓난,1
네움,1
악신,1
야만인,1
일약,1
푸대접,1
호원,1
천존,1
물푸레,1
허영,1
호르데,1
설사,1
애처롭다,1
계집아이,1
비인간,1
쥬다,1
서부,1
임원,1
하이트,1
이광,1
웅크리다,1
저스티스,1
대응,1
사이보그,1
아쿠아,1
플래시,1
랜턴,1
생동감,1
질감,1
어찌하여,1
잘만,1
좌초,1
경품,1
예인,1
진리,1
따내다,1
벌리다,1
서우현,1
반듯하다,1
제헌,1
눈웃음,1
명헌,1
상책,1
설윤,1
간결하다,1
백월,1
전치,1
감치,1
기틀,1
여제,1
공우,1
돌진,1
혜문,1
화면,1
감전사,1
차라,1
출근길,1
멘토링,1
세련되다,1
뚜치,1
뚜,1
박민기,1
챈슬러,1
장서,1
킹메이커,1
미안,1
교집합,1
더듬이,1
하와이,1
정책,1
생년,1
홍서혜,1
시안,1
효용,1
연승,1
독식,1
의빈,1
김현심,1
피접,1
화연,1
능숙,1
붓끝,1
문무,1
에델가르드,1
딜로,1
종신직,1
올레,1
백치,1
모로스,1
리니지,1
카야,1
연합정부,1
에페,1
멕,1
죄다,1
스포트라이트,1
겸손하다,1
손권,1
진압,1
봉쇄,1
궁상맞다,1
육박,1
크레이지,1
견주,1
직박구리,1
해충,1
쓰나미,1
침습,1
곰팡이,1
과습,1
퓨처,1
몬스테라,1
다육,1
종은,1
수표,1
공국,1
자제력,1
터트려,1
송혜민,1
필남,1
정실,1
하급,1
문밖,1
분신,1
광중,1
부스러기,1
해소,1
종신,1
지피다,1
얼다,1
춥다,1
골키퍼,1
미수범,1
이승욱,1
일황,1
되씹다,1
임상실험,1
혁운성,1
의수,1
너드,1
리킹,1
할리,1
스머프,1
당수,1
수라도,1
송림,1
들여놓다,1
약오르다,1
일견,1
심상찮,1
잘근,1
평온,1
흘러내리다,1
진땀,1
등줄기,1
상체,1
혜민,1
포개다,1
핥다,1
뿜으,1
우월,1
해금,1
정벌기,1
무재,1
디엠,1
종남파,1
파일,1
런칭,1
임해연,1
이중주,1
꿰차,1
정경윤,1
터프가이,1
타샤,1
끈적끈적하다,1
갑술,1
디케이,1
렉스,1
발자국,1
텔레파시,1
선심,1
김무일,1
돌발,1
랭커들,1
프라스,1
배상금,1
신제,1
대원씨아이,1
초고리,1
성지인,1
진연,1
단경,1
룸,1
잔당,1
위도,1
중혁,1
아퀼,1
애달프다,1
퓨리,1
미세,1
자버,1
남도형,1
안젤라,1
성우진,1
신도림,1
항설,1
송하림,1
하림,1
잔악,1
니나,1
벌거숭이,1
천둥,1
유치,1
천민,1
뽕짝,1
지리,1
고려사,1
포핀,1
콘셉충,1
포르쉐,1
극치,1
일처다부,1
어벤저스,1
레슬러들,1
말랑하다,1
텐트,1
창술,1
나침반,1
로스쿨,1
분납,1
변복,1
선머슴,1
데빌,1
붉은빛,1
진귀하다,1
신속,1
골짜기,1
탈영병,1
특임조,1
상무,1
방화,1
후속,1
누굴까,1
맹희제,1
남쪽,1
찬탄,1
소년병,1
한물가다,1
청순,1
근면하다,1
왼,1
대로가,1
룰렛,1
김민정,1
여행자,1
민정,1
분열,1
백은영,1
위세,1
선제,1
밤낮없이,1
천화,1
안지연,1
캣츠,1
이동해,1
오드아이,1
홍민주,1
비틀어지다,1
동요,1
언브레이커블,1
방심하다,1
젤로,1
넥,1
귀염뽀짝,1
저트,1
냠냠,1
코드네임,1
카르마,1
화우,1
몬터규,1
무드,1
코리아,1
최적,1
오월,1
제남,1
주도하다,1
인더스,1
인피니티,1
어썸,1
자시다,1
치사,1
걸핏하면,1
건물붕괴,1
족쇄,1
산전수전,1
단언,1
서두르다,1
물르다,1
정황,1
밀실살인,1
갑지,1
혜조,1
두통,1
자하,1
오라비,1
쌍생아,1
무극,1
파관소협,1
무성의,1
별자리,1
주방,1
더욱더,1
단역배우,1
님이시,1
출세시키다,1
렝,1
탁무,1
골디,1
류민,1
안이하다,1
사심,1
패러리걸,1
구설수,1
꼬셨다,1
취임,1
랭,1
로윈,1
이야말로,1
칠흑,1
역류,1
점수,1
성적표,1
판타지아,1
스팸문자,1
탄산수,1
알람,1
있으렸다,1
쓰러트린,1
아폴로니아,1
아둔하다,1
오순도순,1
다차원,1
나발,1
이그드라실,1
필리,1
고품격,1
렉시,1
라서,1
하르벤키아,1
양으로,1
협정,1
하르벤키,1
자크,1
작심삼일,1
쌉쌀하다,1
만다린,1
라일락,1
승현,1
불확실하다,1
민지현,1
공능,1
구직,1
진동,1
제이크,1
부르르,1
위암,1
한동안,1
나산파,1
맹주같,1
빅토르,1
피조,1
조물주,1
단치히,1
찬사,1
삼국시대,1
용맹하다,1
카르타고,1
일말,1
최삡,1
소멸,1
주노,1
퍼렁,1
멸족,1
서민준,1
억제,1
귀걸이,1
훤히,1
노여움,1
최약,1
중병,1
신라,1
골칫,1
툭하면,1
수식어,1
굳어지다,1
상구,1
팔고,1
육아용품,1
신라시대,1
하늘나라,1
자윤,1
법민,1
류량,1
처럼은,1
맘씨,1
마례,1
코뼈,1
시늉,1
홍마례,1
오리가,1
양기,1
탈기,1
백송,1
볼류머,1
탑랭커,1
악플,1
소정,1
데이비드,1
비평,1
조유락,1
오지랖,1
괜,1
기철,1
윤장우,1
보호국,1
단번,1
실각,1
나화,1
거물,1
현질,1
혁진,1
이진욱,1
가십,1
한가람,1
적어도,1
전투원,1
권호,1
라이딩,1
사레,1
방옥숙,1
애니,1
똥개,1
강정원,1
암모나이트,1
광휘,1
견,1
앤드,1
파검법,1
딴판,1
최한욱,1
은빛,1
구술,1
마사지,1
여우사냥,1
송설,1
난처하다,1
고준혁,1
행자,1
국외,1
카타리나,1
더니,1
선근,1
리엘,1
아트,1
변변찮,1
셔플,1
만큼만,1
신은채,1
강려,1
뱃사공,1
플러스,1
무책임하다,1
닭살,1
방불,1
사파리,1
오점,1
사면초가,1
샴쌍둥이,1
명꼴,1
신생아,1
양사언,1
안서도호부,1
서해,1
개경,1
서신,1
매치,1
무료함,1
러브게임,1
메뉴,1
보안,1
은폐,1
엄폐,1
숨통,1
실감,1
친족,1
망가뜨렸다,1
하물,1
세남자,1
여음,1
조바심,1
날쌘,1
교파,1
사교,1
백일,1
의적,1
피식,1
멍하다,1
시방,1
이만,1
줄기차다,1
버몬트,1
남정,1
모성애,1
우글우글,1
성곽,1
기어이,1
학적,1
설령,1
호송,1
사촌오빠,1
박하영,1
예견,1
대낮,1
기울어지다,1
서얼,1
김준,1
화전,1
활자중독,1
일구다,1
임종,1
유해하다,1
리처드,1
외과의사,1
방긋,1
주행,1
이시윤,1
느,1
요컨대,1
윔블던,1
오펠,1
페드,1
이솔,1
이외,1
택했,1
공감각,1
김공,1
무니,1
외국어,1
강철민,1
반짝임,1
판게아,1
로산,1
암담하다,1
와쓰,1
소우,1
피곤하다,1
김치,1
병인,1
썬시티,1
우기다,1
말귀,1
입구,1
고라니,1
보증금,1
달빛조각사,1
게임판타지,1
주야장천,1
노가다,1
민성은,1
아부,1
로열,1
루갈,1
보복,1
직선,1
안락,1
장교,1
하우스키퍼,1
거동,1
정진우,1
할애비,1
케어,1
눈알,1
헌옷수거함,1
송아람,1
대군,1
헬조선,1
겹치,1
퇴폐,1
청아하다,1
킹스,1
휘청이다,1
재무대신,1
크라운,1
폭투,1
에이준,1
살랑,1
발렌시아,1
빙그레,1
깜빡이다,1
일전,1
응시,1
아람,1
화의,1
머슴,1
거람,1
블루밍,1
우리엘,1
냉담하다,1
어기,1
윌라드,1
지언,1
머리칼,1
이제야,1
체형,1
연상연하,1
울먹이다,1
시래기,1
뽀,1
대공국,1
마굴,1
리츠,1
흑단,1
위태롭,1
노점,1
슈안,1
얼음장,1
아르헨,1
수영장,1
나무늘보,1
게으름뱅이,1
비천하다,1
편애,1
딱딱하다,1
쓰리다,1
숙제,1
지아비,1
길드장,1
포레,1
파탈,1
팜므,1
해롭다,1
자결,1
김상,1
일용직,1
옹뇨,1
부케,1
노동자,1
인수,1
티아라,1
명차,1
압,1
어젠,1
분풀이,1
쫄깃,1
서림,1
염병,1
사치품,1
바트,1
내쫓다,1
꼬맹,1
아스카,1
라파엘,1
크로노스,1
한빈,1
썰다,1
스탯들,1
무지막지,1
마견,1
셀,1
졸,1
라트,1
귀하,1
적합,1
싱긋,1
김군,1
의붓딸,1
남조,1
주소,1
유니,1
소의,1
루카,1
발트,1
빈터,1
까지만이라도,1
이미테이션,1
반짝,1
젓다,1
헐벗,1
진욱,1
앓이,1
고어,1
만큼도,1
기맹기,1
끊음,1
캠페인,1
위용,1
오하루,1
북검,1
혐,1
어쩌다가,1
어머,1
강태무,1
류영준,1
저걸,1
췌장암,1
폐암,1
배아줄기세포,1
배지,1
뒤통수,1
띠링,1
라비,1
치릴로,1
갉아먹다,1
건형,1
위장취업,1
초코,1
메멘토,1
로마제국,1
대교,1
만고,1
황조,1
불후,1
복용,1
뭍,1
유리아,1
탐험가,1
스테치,1
아텔리어,1
헨,1
잔소리,1
독립전쟁,1
쪼그,1
엮는,1
포토샵,1
부류,1
슈퍼모델,1
선남선녀,1
근엄하다,1
법무,1
내재,1
안무,1
뇌우,1
무환,1
광룡,1
고리국,1
무능력하다,1
억원,1
안즈,1
프레드,1
엎어지다,1
부견,1
그리움,1
이윽고,1
동떨어지다,1
쥬스,1
기아,1
자녀,1
천제,1
신역,1
슈나이더,1
단테,1
소유권,1
석방,1
사형선고,1
은정,1
패륜,1
세라프,1
마한,1
혼합,1
웨일,1
여랑,1
안팎,1
도재헌,1
면전,1
심호흡,1
하고는,1
인터내셔널,1
온도,1
승계,1
온주,1
도용,1
아이디어,1
득실대다,1
망령,1
뭐길,1
운행,1
흉수,1
검룡,1
야성,1
변치,1
박락,1
진선,1
쥐락펴락,1
국운,1
무르익,1
안드로메다,1
김진희,1
외톨,1
뒤안길,1
기보,1
랑은,1
이임,1
별처럼,1
유령도시,1
슬기,1
동진,1
강준,1
랑데르케셀,1
엘른,1
버선,1
가든,1
해치,1
평탄,1
유경,1
뿌리치다,1
레라지에,1
도국,1
무거워,1
황재호,1
차리기,1
최저,1
웅패하리,1
미하일,1
저렇다,1
간접,1
용체,1
곰인형,1
윤의,1
재빨리,1
자룡,1
마츠리,1
분홍색,1
케이크,1
무존,1
칭해,1
피신,1
시위,1
변덕쟁이,1
아르르,1
고지식하다,1
뒷덜미,1
상념,1
북극곰,1
평강공주,1
고서점,1
무투,1
파티원,1
고브칸,1
당선자,1
무용,1
강동,1
이점,1
설키,1
창세기,1
호통,1
방실이,1
중턱,1
예슬,1
소득,1
미성년,1
이영민,1
솟구치다,1
징계,1
수반,1
권세가,1
시골뜨기,1
유협,1
날짜,1
역행,1
아나운서,1
김민준,1
아오,1
네안테르탈,1
원인류,1
사스,1
방송국,1
구시,1
한유진,1
둥지,1
만일,1
김해,1
마네킹,1
우발,1
공소,1
시효,1
로너,1
성심껏,1
망가뜨렸던,1
폐지,1
법안,1
제프,1
디노,1
홀몸,1
일격,1
회심,1
주영은,1
주입,1
희생양,1
민송아,1
실시간,1
철천지원수,1
다녀오다,1
아요,1
중계,1
귀어,1
얕다,1
박아,1
김찬,1
발톱,1
예리하다,1
묵살,1
맹금,1
야행성,1
알쏭달쏭,1
화친,1
젤디온,1
페르디,1
레이몬드,1
부엉이,1
탈영,1
강성태,1
임관,1
학사장교,1
드웰,1
러스,1
발레리,1
윙크,1
우담,1
유장,1
망자,1
사흉,1
초자연,1
출정,1
조르다,1
이용만,1
밍숭,1
말종,1
헛된,1
튜버,1
동심,1
배짱,1
복근,1
흉근,1
불끈불끈,1
육이,1
라그랑주,1
템빨,1
틀어쥐다,1
데드퀸,1
헤센,1
블랑쳇,1
민혁,1
류시아,1
하수,1
김유미,1
조율,1
빠릿,1
장재웅,1
재패,1
용두,1
하락,1
서천,1
양다리,1
가갸거겨,1
향상,1
중력,1
잼잼,1
곤지곤지,1
스페,1
당분간,1
가이사,1
만달,1
이라기보단,1
김아영,1
바람나다,1
죄목,1
지름신,1
친딸,1
욜,1
께선,1
명망,1
서준호,1
진사고,1
주희,1
에어리,1
나긋하다,1
전임,1
촌각,1
티비,1
투어,1
저렴하다,1
대협,1
이사오,1
아래층,1
장예,1
전용,1
블링블링,1
악화,1
고등,1
괴리감,1
래지,1
기색,1
체념,1
각지,1
진달래,1
모델링,1
빈민촌,1
뭄바이,1
착취,1
월간,1
결함,1
애완,1
힐데브란트,1
각광,1
만족도,1
판관,1
헬스,1
두마면,1
졸이다,1
케이블카,1
장고,1
베테,1
감명,1
개인주의,1
백서영,1
가출팸,1
일률,1
주재,1
만유,1
패쓰,1
다져지다,1
잠꼬대,1
추락사고,1
드루이드,1
폐교,1
난리,1
화만,1
치즈인더트랩,1
순끼,1
숨쉬기,1
출처,1
엘퀴네스,1
앙골모아,1
걸세,1
연오,1
무릅쓰,1
궁수,1
아서는,1
부단하다,1
다잡다,1
어리석음,1
명과,1
시계탑,1
덕만,1
삼은,1
증조부,1
세르윈,1
관인,1
막장드라마,1
둔하다,1
렘브러리,1
둘둘,1
지혜롭,1
노하우,1
얼렁뚱땅,1
평안하다,1
랑그,1
만둣가,1
체육,1
각혈,1
구기,1
용이산다,1
푹푹,1
루퍼스,1
얼결,1
는데,1
수순,1
퀴록,1
코기,1
저금,1
연금,1
외제차,1
수도권,1
루이사,1
거랄,1
낙점,1
어시스턴트,1
최단,1
가신,1
대사제,1
교단,1
단죄,1
말씀드리다,1
개도,1
불면,1
듣보다,1
초낙운,1
땅굴,1
주술사,1
디온,1
아르키,1
다스,1
레트,1
대현,1
소리치다,1
활짝,1
닦달,1
절었다,1
창조자,1
뉴웨이브,1
철옹성,1
일색,1
막바지,1
덕구,1
일통,1
남하,1
노트,1
마승,1
황금비,1
진중하다,1
망겜,1
햇볕,1
시원찮다,1
삽화가,1
천신,1
잠수,1
패가망신,1
런가,1
대접받다,1
홍차,1
거지같다,1
허수아비,1
관상,1
부레,1
윤리,1
마지노선,1
금속,1
공예,1
권유리,1
망치,1
대동단결,1
간단,1
무보수,1
숙청,1
칼라일,1
구조대,1
응급처치,1
반군,1
동력,1
갈림길,1
최승,1
박도영,1
누비,1
망토,1
켄트,1
로이스,1
부부싸움,1
아발란셰,1
크립,1
돌변,1
혼종,1
뮤턴트,1
벗겨지다,1
강온,1
론칭하,1
운강온,1
거스른다,1
적수,1
피맺힌,1
앞장서다,1
백운혁,1
영종,1
공력,1
시언,1
실로,1
전해질,1
물질,1
디케이터,1
오파츠,1
깨우치다,1
멸칭,1
조의,1
씨방,1
오죽하다,1
동일,1
오스만,1
몹,1
남산,1
처량하다,1
태을성수,1
전랑,1
돈황,1
남만,1
힙,1
해리포터,1
통솔,1
공급,1
퍼스트클래스,1
육식남,1
맥그류드,1
파릴,1
특권,1
소거,1
생기지,1
미세먼지,1
이시우,1
상대등,1
즉위,1
통일신라,1
치고는,1
철벽러,1
킬베,1
심약하다,1
동화책,1
호숫가,1
전원주택,1
비어,1
완주,1
호운국,1
위력,1
벤치,1
김우진,1
주전,1
드라이브,1
이진수,1
준우승,1
농구대회,1
조완,1
수토,1
좌평,1
업적,1
애정도,1
독수리,1
구우리,1
가동,1
해난,1
여객선,1
갈라지다,1
수레바퀴,1
부록,1
별책,1
결혼식장,1
정지원,1
유지원,1
김지원,1
마삼룡,1
라욱,1
류재린,1
각본,1
소공자,1
응석,1
인과율,1
스케치북,1
샤니,1
정진,1
천하오,1
디렉터,1
워낙,1
도마,1
성하,1
억지,1
주무르다,1
서서,1
덕의,1
은비,1
메종,1
쁘띠,1
쉐프,1
창의성,1
역다,1
명미,1
연분,1
쏠녀,1
멘토,1
머스킷티어,1
꼬질대,1
쇠,1
화약,1
흑색,1
성능,1
하반신,1
부사관,1
말뚝,1
만발,1
중사,1
빅맨,1
제프리,1
찰거머리,1
윈스턴,1
증식,1
용철,1
유력,1
내강,1
외강,1
주안,1
진탕,1
콘티,1
남성향,1
이군,1
헐값,1
청소기,1
무례하다,1
마카,1
히든카드,1
셀레스틴,1
서은,1
키즈,1
이주원,1
무능력자,1
직시,1
선연하다,1
별채,1
간웅,1
야욕,1
떠받다,1
궁귀,1
판무,1
추공,1
에서조차,1
성진우,1
통로,1
하을,1
업성,1
황릉,1
산채,1
병마용,1
네시,1
알카이드,1
사브리나,1
평화협정,1
저편,1
이인,1
남성은,1
유라,1
다트,1
쿠쿠,1
스톡옵션,1
문구,1
스티커,1
조돈,1
조훈,1
구합,1
최무,1
이세준,1
휴고,1
루시아,1
옥좌,1
작자,1
겁나다,1
아그리젠트,1
레스,1
르그,1
리아드,1
민작,1
셀바,1
불구덩이,1
스페라,1
지평,1
층층,1
괴하,1
봉강,1
텄다,1
과내,1
취약,1
연달,1
버스사고,1
중평,1
대손,1
원형,1
군무,1
교장,1
홍삼,1
노잼,1
리움,1
천애협로,1
피습,1
사사,1
맏,1
삼진,1
혈마,1
신스,1
진자,1
남남,1
절곡,1
남김없이,1
유구,1
포드,1
본국,1
사하다,1
대가족,1
아시,1
등쌀,1
별밤,1
열세,1
늦,1
오두막,1
이린,1
로티,1
황손,1
제이드,1
에타,1
요부,1
미남이시네요,1
에스티,1
민간요법,1
볼보이,1
자자하다,1
이성윤,1
어게인,1
헤브리온,1
망은,1
펜듈럼,1
생김새,1
엘핀,1
루디,1
그랜드,1
마탑,1
나신,1
건후,1
엄격하다,1
금욕,1
총알,1
추종,1
수니파,1
울릉도,1
웬디,1
꼴등,1
요약,1
영구,1
시기하다,1
겁탈,1
강간,1
서슬,1
웨이터,1
번화가,1
명반,1
재아,1
한장,1
은하수,1
내뿜으,1
퍼렇다,1
낭자,1
이괄,1
어처구니없이,1
등수,1
고렙,1
순간이동,1
장관,1
징징,1
사이비종교,1
아프리카,1
메사,1
외인부대,1
식도락,1
먹고다,1
아테네,1
결여,1
상희,1
팽배,1
남존,1
도천동,1
서투룬,1
선보다,1
노닥거리,1
사치스럽다,1
신일,1
독창,1
이화여대,1
인사동,1
경복궁,1
가세,1
살생,1
이상향,1
우동,1
조력,1
에의,1
비정하다,1
황태손,1
자연사,1
칼도르프,1
켈리,1
레일,1
클라라,1
투옥,1
꼬셔보기,1
홀려,1
디아블로,1
듣보잡,1
도비,1
볼피르,1
밤샘,1
박도혁,1
웰턴,1
억분,1
아샨,1
뒤렌마트,1
프리드리히,1
우연이,1
흑랑,1
호인,1
강민재,1
단도직입,1
울란바토르,1
몸살,1
송별,1
게르,1
일락,1
철회,1
얼토당토않다,1
신원,1
치면,1
넘사벽,1
신랄하다,1
금제,1
십만,1
대산,1
김재,1
간지,1
리사,1
돌발행동,1
리플리,1
통화,1
안이,1
착,1
딱좋다,1
노곤,1
자릿수,1
이국,1
떠나오다,1
술에취해,1
랑데부,1
생매장,1
불로초,1
얄짤없,1
사유,1
뒤엎기,1
노스트,1
앞잡이,1
간질,1
정인,1
모하,1
희극,1
위탁,1
변경백,1
에펜하르트,1
단돈,1
노스트라,1
논문,1
줄곧,1
데메,1
쏙,1
난방,1
불쾌감,1
ㅈㅓㄼ,1
유니온,1
프로필사진,1
혁련무,1
어딘,1
중소,1
무당산,1
동의,1
정정,1
노블레스,1
정동,1
손제호,1
번영하다,1
딜런,1
소녀더와일즈,1
로넌,1
선하,1
계집애,1
오줌,1
으아,1
옮,1
세균,1
구역질,1
똥밭,1
추종자,1
무량수불,1
무관용,1
무자비,1
흐흐,1
평정,1
김소희,1
임대,1
김홍,1
블라디미르,1
인용,1
마사토끼,1
신주,1
기동,1
고건우,1
애비,1
검산,1
도림천,1
예사롭다,1
흉악,1
박찬기,1
찬기,1
흐릿해,1
비숍,1
줄리,1
하민이,1
연후,1
회화,1
염탐,1
카피캣,1
성가,1
괴기하다,1
적자생존,1
불건전,1
버젓이,1
김태웅,1
데도,1
블라클,1
카이스트,1
내숭제,1
천동설,1
제도로,1
점괘,1
물량,1
지혁,1
래야,1
아리마,1
류작,1
쿠사,1
투구,1
일관,1
꿈쩍,1
조아영,1
플러팅,1
어나더월드,1
미역국,1
해장,1
북엇국,1
영화리뷰,1
잘알다,1
레진코믹스,1
재계,1
해일이,1
빈둥,1
대란,1
은사,1
말석,1
전상우,1
잠복,1
황책,1
군세,1
님들,1
레이저,1
양승조,1
셀카,1
잠시간,1
수사반장,1
노래방,1
대우주,1
수강신청,1
인스타그램,1
십장생,1
이념,1
내정간섭,1
오방,1
국익,1
아만,1
짜임새,1
보직,1
결별,1
장설영,1
심사평가원,1
남해안,1
심펭져스,1
복역,1
상열,1
김수연,1
번외,1
이나마,1
유수현,1
간만,1
도록,1
요물,1
구천팔,1
백절불굴,1
오래오래,1
떳떳하다,1
잡아가다,1
홍씨,1
교가,1
뒹굴,1
닭고기,1
분주,1
월봉,1
인디고,1
물결,1
새장,1
쿠타,1
북두칠성,1
김형우,1
유적지,1
분홍,1
백세주,1
넥타이,1
황매화,1
지상계,1
머뭇거리다,1
분담,1
상아색,1
눈매,1
축생,1
제철,1
게임개발사,1
신기원,1
성지,1
문수,1
돗,1
왕초,1
삼이,1
납,1
승연,1
물빛,1
넘어뜨리다,1
금방,1
정혁,1
노크,1
이조,1
죄명,1
동양인,1
캘리포니아만,1
방충,1
태산,1
투야,1
후령,1
오문,1
창룡,1
추살,1
천리,1
얼빠였,1
천무,1
담력,1
음산하다,1
노량진,1
우두커니,1
질리,1
잠룡기,1
패군,1
용쟁,1
키비,1
군위군,1
김정윤,1
혈루몽,1
올리버,1
타이푼,1
사천조,1
쌍룡후,1
보검,1
군자,1
준휘,1
관여,1
벤다,1
맥시,1
평행선,1
베니스,1
자장가,1
백장미,1
주력,1
주로,1
허니,1
허우적거리다,1
감고,1
정직하다,1
장롱,1
장하다,1
달마,1
김첨,1
김남팬,1
다례,1
이생,1
본분,1
에스코트,1
드레스,1
권승태,1
붕대,1
스토리텔링,1
어바웃,1
커서,1
엠,1
아르카,1
비엘,1
간간히,1
덕밍하,1
민씨,1
벙어리,1
극성팬,1
디디,1
직세,1
타이거,1
대부,1
바나나,1
껍질,1
쟁투,1
신세기,1
지칭,1
신보수주의자,1
상사병,1
무력하다,1
군말,1
떠들다,1
차단,1
출입,1
목전,1
봉합,1
마돈나,1
캐럴,1
특징,1
액괴,1
순애보,1
호반,1
김수혁,1
에세이,1
유전병,1
메추리,1
조림,1
빙글빙글,1
회전초밥,1
포르투갈,1
독도,1
에그타르트,1
오비,1
해일,1
사비,1
숙박,1
국한,1
박남주,1
큐트,1
슬라정,1
수풀,1
필호,1
하므다,1
네버엔딩,1
월광,1
자격증,1
춘몽,1
박세영,1
그깟,1
이장원,1
불선,1
개꽃,1
윤태루,1
폐위,1
개리,1
축전,1
오키나와,1
배낭여행,1
루리,1
매콤,1
콤,1
한무,1
명진,1
펭키,1
우렁강,1
반나절,1
성연,1
존슨,1
수레기,1
부정부패,1
저공,1
귀중,1
오피,1
운반,1
시드니,1
강태식,1
모랑,1
친송받던,1
공수,1
디엘,1
나탄,1
테르사,1
친어머니,1
누구세요,1
철철,1
잠옷,1
고병철,1
세도정치,1
루크레티우스,1
권종,1
에메랄드,1
리하,1
짭짤하다,1
간장게장,1
비화,1
영양,1
구함,1
급구,1
유로,1
똥손,1
걸론,1
미니어처,1
이쁘다,1
살적,1
피우지,1
먹어주다,1
외곽,1
김치찌개,1
앙탈,1
마초,1
클라이맥스,1
질시,1
여타,1
불량가족,1
가상공간,1
산타,1
낭,1
노먼,1
병문안,1
환심,1
꽁꽁,1
껌,1
캐비닛,1
환일,1
비월,1
설산,1
고음,1
보민,1
혈련환,1
혈견휴,1
일드,1
엥,1
세긴,1
신곡,1
뮤비,1
허사,1
친절,1
곰신,1
부점,1
노처녀,1
취월,1
무명초,1
바캉스,1
팀워크,1
음제,1
백인천,1
도수,1
동방불패,1
특무,1
코피,1
패턴,1
맑음,1
쾌재,1
일바지,1
깃털,1
군침,1
다람쥐,1
포동포동하다,1
생필품,1
아낌없이,1
어쩜,1
한의원,1
연진,1
선글라스,1
실혼객,1
침술,1
삐걱,1
박연,1
호점,1
지겹다,1
괴로움,1
맛깔나다,1
루미,1
피로연,1
방탕,1
게헨,1
김미소,1
명장,1
운전기사,1
의전,1
선선,1
상하이,1
마스터피스,1
계주,1
혈리표,1
몽한,1
양가,1
달러,1
김성종,1
사생,1
슨,1
용궁,1
베로나,1
쌉싸래하다,1
된장찌개,1
파르네세,1
삼박자,1
도아,1
수영강,1
박홈,1
고무신,1
그땐,1
질린다,1
은준,1
기성복,1
외나무다리,1
열망,1
젠틀맨,1
투검,1
디어,1
범법,1
오선지,1
크레센도,1
여우비,1
종착역,1
고마움,1
시세,1
스레,1
난생,1
이견,1
정월,1
친한친구,1
앤솔로지,1
박승택,1
방대하다,1
드레서,1
동성애자,1
톨킨,1
박종원,1
뚫리다,1
명물,1
확장,1
아자르,1
엎친데,1
이로써,1
용혈무황,1
강씨,1
이루리,1
세력권,1
동북아시아,1
자주성,1
여간,1
판권,1
드높이다,1
들이밀다,1
광개토태왕,1
망돌,1
워니,1
하백,1
구석구석,1
윤미경,1
형성,1
팬덤,1
신청서,1
오천만,1
야후,1
얄상,1
부머,1
씀씀이,1
추어,1
ㅂㅏㅈ,1
기본권,1
조그마하다,1
크로키,1
핑크색,1
더군다나,1
배꼽,1
차야,1
통용,1
기울다,1
달도,1
청춘만화,1
골방,1
환상곡,1
신혼여행,1
신아,1
갉다,1
무간지옥,1
유기,1
친모,1
고달프다,1
도화서,1
민홍,1
내정,1
쀼,1
안과,1
환온,1
명절,1
민족,1
서안,1
장원급제,1
애욕,1
괴종,1
포획해,1
굽,1
빙안,1
색도,1
고루,1
뇌신,1
금오,1
틔우다,1
패가,1
지장,1
이신아,1
삼십,1
무남독녀,1
추혼엽사,1
이튼,1
체스,1
태범,1
곽태범,1
문화재,1
술술,1
도자기,1
켄신,1
사절,1
막부,1
전세훈,1
불렛,1
도시전설,1
감성터치,1
수채화,1
뱅,1
만세,1
장검,1
이오오오,1
한단,1
몸서리,1
오래도록,1
기럭지,1
사노라면,1
심청전,1
전륜마룡,1
표협,1
은총,1
풍요롭,1
서나,1
조촐하다,1
새아버지,1
메가쑈킹,1
백설공주,1
에런,1
도보,1
밀회,1
하이킹,1
경찰서,1
김방자,1
울렁이다,1
이향,1
멋,1
대희,1
객기,1
연쇄살인범,1
나주시,1
전과자,1
애착,1
가작,1
팍,1
수로,1
금현성,1
정선,1
석현,1
일백,1
사악,1
일군,1
하모니,1
군더더기,1
요우,1
쿠라,1
교류,1
쫙,1
몸짱,1
언덕,1
설씨,1
숫,1
마술사,1
몽상,1
거상,1
김만덕,1
까발리다,1
연대,1
상류,1
중졸,1
주의보,1
포스,1
염색,1
찌빠,1
김상욱,1
고봉,1
베이글,1
이강민,1
꽃말,1
로키,1
로버,1
로보트,1
골방환상곡,1
마천,1
월보,1
결기,1
공적,1
보표,1
율리우스,1
코털,1
마누라,1
대종,1
대포,1
쾌활,1
비지니스,1
플루,1
신문수,1
남작부인,1
네팔,1
도그,1
식물학자,1
격심,1
화관,1
치자,1
홍화,1
쾌,1
고심,1
김봄,1
에이전시,1
쪽빛,1
꺼벙,1
합의,1
센트럴,1
명랑만화,1
효시,1
길창덕,1
합체,1
깜박임,1
홀어머니,1
일독,1
걸물,1
애독,1
천구,1
불개,1
정국,1
블리자드,1
컷용,1
용처,1
구룡,1
빠알간,1
몽사,1
몽생,1
유찬,1
항룡,1
투사지,1
흡입,1
태후,1
리미트,1
가운,1
린지,1
오마르,1
리무진,1
침실,1
발레리나,1
ㄹㅔㅆ,1
동성혼,1
프라이,1
음양도,1
합법,1
에쒸비,1
사용권,1
금강,1
고지라,1
녹조,1
미동,1
과방,1
바깥,1
원색,1
톤,1
파스텔,1
이선희,1
칼퇴,1
홧술,1
인더,1
에라도,1
하늘이시여,1
성년,1
아장아장,1
지엔,1
즉시,1
광대,1
트위터,1
특별판,1
까마득하다,1
격퇴,1
구차하다,1
불루,1
검총,1
과실,1
헐리웃,1
중동,1
사전,1
버티고,1
호밀,1
행정,1
흠칫,1
덜컹,1
만년설,1
김달,1
대타,1
아라비안나이트,1
세헤라자데,1
별빛,1
인신매매,1
다비,1
트레이닝,1
가다가,1
혈붕검왕,1
잔월,1
층수,1
비장,1
숙수,1
별식,1
김도훈,1
호출,1
고월,1
프롤로그,1
들뜨다,1
혼인신고,1
소율,1
성운협,1
휴머니즘,1
귀계,1
무룡,1
암호명,1
서당,1
단일,1
체술,1
누르기,1
기능,1
유성은,1
고깃집,1
계로,1
다윗,1
불평,1
이척,1
브러시,1
은기,1
박담,1
살맛,1
알뜰살뜰,1
깔끔쟁,1
임인,1
리늄,1
식신,1
지식인,1
스콘,1
콜롬보,1
이오나,1
영락,1
퍽,1
룸메,1
쌍방,1
강범철,1
김선진,1
진영,1
투타,1
킹덤,1
김진욱,1
미셰,1
모던,1
연잎,1
정유년,1
이런저런,1
윤도,1
나승엽,1
우노,1
아포,1
대체에너지,1
도란,1
의약품,1
카우보이,1
므앵갱,1
오노,1
아우팅,1
십삼조,1
전진파,1
도황,1
난타,1
쾌도,1
남동,1
복직,1
하곤,1
안지원,1
무늬,1
수호천사,1
단독,1
정직,1
애잔하다,1
부패,1
사람살이,1
말미암아,1
아포리늄,1
첨단,1
간구,1
깡그리,1
담그다,1
누군,1
골칫거리,1
공격대,1
금룡,1
원만하다,1
횟수,1
일정하다,1
트레비,1
수괴,1
마궁,1
채굴,1
아련,1
멍뭉,1
노역,1
이음,1
디드,1
대범하다,1
성윤,1
대꾸,1
이브,1
낙화,1
장도,1
살비,1
창백,1
적혈,1
적운,1
만두머리,1
선태,1
판하,1
흐릿했던,1
승원,1
대장간,1
식대,1
전도,1
젤리,1
부비부비,1
베베,1
얼기설기,1
해선,1
별칭,1
무장해제,1
동질감,1
타카,1
렙업,1
실망,1
피티,1
임자,1
피트니스,1
전조,1
술잔,1
새벽녘,1
꽃그늘,1
발승암,1
홈드라마,1
그림형제,1
언어유희,1
박남,1
재토,1
남성만,1
만담,1
배움터,1
영월,1
자율학습,1
김삿갓,1
암탉,1
정시,1
은철,1
새끼손가락,1
수다,1
통렬,1
골치,1
바운,1
항우,1
기우제,1
구이,1
거위,1
덕현,1
위안부,1
브레이커,1
린치,1
묵직,1
서정훈,1
흉물,1
불상,1
병풍,1
주철,1
유빈,1
버디스,1
건축학,1
재개,1
첩보,1
컴퓨터,1
엘리시움,1
한남동,1
조영수,1
윷놀,1
윷판,1
종목,1
불합격,1
윷놀이,1
아이스댄싱,1
해성,1
홍주,1
계세,1
바삭,1
밀치다,1
트랄,1
카사노바,1
파출소,1
추승룡,1
민규,1
태양빛,1
겨울나기,1
피자,1
신정민,1
정민,1
태신,1
김유신,1
한해원,1
용한,1
판결,1
양순호,1
무연,1
입상,1
삼존불,1
마애,1
국보,1
구성원,1
튼튼하다,1
하얀거탑,1
장준혁,1
벽안,1
마침표,1
나빌레,1
꿈틀,1
부터가,1
광저우,1
광둥요리,1
애제,1
막걸리,1
가짐,1
디테일,1
찰지구나,1
잔학,1
빈둥빈둥,1
한정판,1
라네,1
창단,1
빡빡,1
기차역,1
고소하다,1
과장,1
원유진,1
미결,1
베란다,1
여서,1
더키,1
키오,1
머무르다,1
아름이,1
배구,1
꽝철,1
아유타국,1
이분,1
친분,1
대명사,1
해밀,1
왜군,1
무등산,1
게릴라,1
퍼레이드,1
띤,1
현숙,1
짧아지다,1
빈곤하다,1
자치구,1
서울시,1
브레이,1
광장,1
무선,1
천사장,1
면역,1
놀러와,1
성모,1
얌,1
단념하다,1
하버,1
심쿵심쿵,1
스타캣,1
카지노,1
동강,1
곽기용,1
팁,1
하숙집,1
알아채다,1
생체실험,1
꿀매,1
신안,1
마피아,1
괴변,1
백발,1
옵니다,1
흥분,1
밥정,1
무미건조하다,1
바짓가랑이,1
오택,1
사막화,1
치삼,1
웃대,1
한식대첩,1
살포시,1
베리,1
한달음,1
라그나로크,1
김선비,1
어루만지다,1
설봉,1
형식,1
분식집,1
민속,1
첨가,1
뇌성마비,1
친부,1
외딴섬,1
갤럭시,1
라디오,1
풍뎅이,1
양식,1
김경아,1
옥탑,1
매니지먼트,1
치밀다,1
틀어놓다,1
냉정,1
드라마틱,1
초록색,1
도형,1
진혼곡,1
파이널,1
규수,1
유명인,1
무조,1
뺑뺑,1
치마,1
율법,1
걸이,1
수녀,1
십이지신,1
대표팀,1
구연산,1
방랑자,1
석훈,1
극화,1
마리얌,1
상극,1
영국인,1
대천사,1
에비츄,1
아이스크림,1
치즈,1
까망베르,1
트레져,1
연단술,1
향락,1
무뎌져,1
유야,1
인육,1
이과,1
묘약,1
소장,1
억눌리다,1
아라,1
득템,1
보정,1
혼외,1
킬로,1
무너뜨릴,1
토너먼트,1
정신병원,1
정아영,1
유영,1
김성원,1
진도,1
이라기,1
일진회,1
띵작,1
만큼의,1
김형곤,1
이하임,1
야동,1
우범소년,1
성업,1
제각각,1
아차산,1
임세준,1
넘겨주다,1
점심,1
믹스,1
부왕,1
방아,1
하해,1
이호찬,1
월연,1
콰,1
아앙,1
벽간,1
지찬열,1
유튜버,1
얼스,1
찬열,1
호찬,1
뻗치다,1
불호령,1
불손하다,1
간섭,1
태종,1
고종,1
슬이,1
곽부언,1
설리번,1
확고하다,1
군필,1
질의,1
브릿지,1
막론,1
발상,1
폭증,1
증가,1
유도완,1
꽃잎,1
특단,1
묘진,1
피노키오,1
복위,1
단종,1
뱉다,1
양말,1
볼트,1
시아버지,1
야구인,1
기기묘묘하다,1
뒤엎으려,1
트릴,1
방기,1
헬리,1
무신정권,1
국내외,1
성악가,1
제이슨,1
찐득찐득,1
대감,1
매듭,1
호학,1
이빨,1
청송,1
서인,1
서글프다,1
웬만하다,1
야학,1
론칭,1
폴라로이드,1
제주,1
황진,1
존재도,1
안찬희,1
짖다,1
이처럼,1
여름밤,1
몇번,1
사돈,1
의중,1
전시회,1
은연중,1
여해,1
효청,1
천지인,1
총잡이,1
다세대,1
고래,1
뽁스,1
멀티플렉스,1
총포사,1
주검,1
곽씨,1
식귀,1
백지은,1
사력,1
오백원,1
삥,1
멘솔,1
는고,1
폭력배,1
불곰,1
간부,1
법망,1
종전,1
뱀단,1
영약,1
고수로,1
턱,1
불완전하다,1
빅보스,1
예담,1
퇴적물,1
암울하다,1
유사과학,1
상업,1
귀촌,1
교체,1
표시,1
삼신,1
리리,1
열흘,1
튕기,1
내관,1
천장,1
걷히다,1
렛츠기릿,1
공장,1
병간호,1
어린이,1
자랑거리,1
수심,1
얇다,1
실재,1
케케묵,1
퇴적,1
여읜,1
업종,1
나무숲,1
청록,1
식물원,1
구더기,1
유태,1
명도,1
사체,1
이온,1
고요하다,1
격랑,1
족보,1
어디가,1
솜방망이,1
보문,1
학우,1
고충,1
꿀꺽,1
포장마차,1
쑈,1
청원,1
구두쇠,1
폐쇄하,1
끅끅하,1
보글보글,1
해대,1
전보,1
써주다,1
맞닥뜨릴,1
뤄밍이,1
제보,1
무비,1
과로,1
우연찮,1
참모,1
장유진,1
무소속,1
입국심사,1
차필웅,1
한민족,1
추앙,1
택해,1
학규,1
칼끝,1
이어도,1
춘기,1
크라이시스,1
리바,1
니코,1
비참,1
전후,1
흠모,1
찡하다,1
순응,1
강원랜드,1
시공사,1
뱅크런,1
마늘,1
소송,1
비상,1
소윤,1
한동,1
싸움판,1
콜린스,1
위원회,1
명숙,1
칠검,1
무식,1
일자,1
동고,1
코란,1
이백사십팔,1
가물가물,1
허공,1
백팔십,1
곡성,1
꿩깃,1
끼울다,1
철촉,1
과오,1
뼈대,1
귓전,1
자산,1
발갛,1
눈가,1
고인,1
씌,1
콩깍지,1
철갑,1
그렁그렁,1
헐다,1
베리아,1
터프,1
십자수,1
인스타,1
강물,1
임성군,1
정재,1
수양딸,1
호조판서,1
구해진,1
사숙,1
생면부지,1
부고,1
화폐개혁,1
훨친,1
대나무,1
앞줄,1
프란체,1
정우현,1
신드롬,1
정치권,1
프리드,1
예비신랑,1
샤르,1
삿된,1
알티,1
트랙,1
육아휴직,1
기일,1
구색,1
선뜻,1
공가,1
유보,1
저격총,1
니텐스,1
동침,1
미팅,1
매개,1
뒤편,1
부숴,1
옥선,1
베로니카,1
묘은,1
시끌시끌,1
군노,1
왁자지껄하다,1
치루,1
은자,1
군역,1
전공자,1
업다,1
수도원,1
이황,1
비쇼,1
해민,1
대명,1
전교생,1
고질,1
은행원,1
카스,1
추리물,1
기점,1
미연,1
파묻히다,1
소란하다,1
따름,1
혜원,1
먹듯,1
육남매,1
헤딩,1
타지,1
내려앉다,1
제윤,1
개량,1
통금,1
발명품,1
청삿골,1
조명하,1
안간힘,1
보행,1
본기,1
포졸,1
십도,1
평지풍파,1
무림지존,1
김태훈,1
여론,1
실추,1
단도,1
사사롭다,1
일터,1
충분,1
안녕하다,1
투병,1
가시다,1
개나리,1
한복,1
재결합,1
뚱스,1
들쥐,1
야생마,1
아콰마린,1
판단,1
열사,1
광풍,1
유성훈,1
기세,1
베니,1
단원,1
재량,1
무속인,1
일시,1
축배,1
목하,1
리버,1
환율,1
대로의,1
윤정,1
찬스,1
세컨드,1
꽃다발,1
엮일,1
자정,1
프리랜서,1
솜,1
닭둘,1
높이다,1
인목대비,1
영창대군,1
아름아름,1
풍요,1
이윤수,1
쿼터,1
순무,1
심혈,1
부조리하다,1
앉히다,1
위트,1
계집,1
육상,1
기증,1
텅,1
보탬,1
생채기,1
무르,1
멍뭉미,1
모에,1
딩스,1
질거,1
시무룩하다,1
문지기,1
정명공주,1
총애,1
메일,1
꿀팁,1
허현주,1
에덴,1
카운슬링,1
홍지아,1
테크,1
김나영,1
한철,1
제비꽃,1
브라,1
플랫폼,1
상궁,1
샴페인,1
나아지다,1
속도위반,1
하르퓌,1
장물아비,1
탄로,1
하르퓌아들,1
날인,1
난산,1
김개시,1
동결,1
투데이,1
이은아,1
절절,1
꽁,1
문조,1
대한제국,1
배팅,1
진실되다,1
종자,1
중딩,1
여교사,1
얼짱,1
시시콜콜,1
수컷,1
이강진,1
곽노,1
과일,1
궤도,1
삼풍,1
평등하다,1
최우,1
큐피트,1
사무소,1
서정,1
카산드라,1
잔치,1
윤필,1
행복찾기,1
과를,1
기이,1
뽀또,1
조치,1
랄라,1
코알,1
게장,1
팥빙수,1
계란후라이,1
얌이,1
코알라,1
색기,1
쪼꼬,1
레이스,1
패션계,1
교본,1
담벼락,1
포비,1
아이스박스,1
런던올림픽,1
기선,1
수여,1
국자,1
시초,1
야담,1
도준혁,1
기학,1
우국,1
위원,1
다큐,1
나태하다,1
맞춤,1
화성,1
이원진,1
메트로놈,1
조아,1
서주,1
보약,1
할인,1
우편,1
등굣길,1
미끄러지다,1
놀이기구,1
외국산,1
뇌진탕,1
사형수,1
트릭,1
렉,1
승승장구,1
출격,1
바북,1
찬민,1
모르모트,1
심사,1
순금,1
뒷담화,1
학대받다,1
다운타운,1
교향악단,1
시립,1
투닥,1
일상툰,1
무채색,1
자동차,1
동구,1
경쟁심,1
말빨,1
문답,1
왕구리,1
물음표,1
페이스,1
안중,1
땡기다,1
동그랗다,1
찹쌀떡,1
어두워지다,1
셸,1
본토,1
실의,1
쫀득쫀득,1
불길,1
당부,1
조장,1
천공,1
씨즌,1
네티즌,1
캐러맬,1
편곡,1
자화상,1
고리타,1
채비,1
군사력,1
서북,1
태권브이,1
반경,1
시적,1
손재주,1
행로,1
데자뷰,1
코너,1
하염없이,1
갖,1
최종훈,1
박스,1
컨테이너,1
윤다솜,1
레지스탕스,1
복제인간,1
신중하다,1
인류사,1
관해,1
스펠,1
데카,1
성자,1
광석,1
이리스,1
발굴,1
아이스,1
서막,1
탈마,1
좇던,1
링클,1
레터,1
윙첼,1
원리,1
내적인,1
고요한,1
갓집,1
풍비박산,1
깨끗이,1
승과,1
폭넓다,1
뛰어가다,1
송래현,1
다솜,1
모레,1
에서만큼은,1
된장녀,1
바느질,1
회복기,1
아롱,1
베이징,1
홍실,1
삼시,1
마파두부,1
행적,1
왁자지껄,1
거북,1
비산동,1
대구,1
잔악하다,1
무패,1
콧대,1
춘씨,1
꺽,1
절하,1
페리,1
촉촉하다,1
말랑말랑,1
지하경제,1
모독,1
민트사탕,1
바람결,1
심장마비,1
무차별,1
위주,1
워리어,1
미심,1
유죄,1
하반기,1
빈집,1
자폐,1
게임중독,1
학원만화,1
최아진,1
인디아나,1
속으,1
조금산,1
우리동네,1
짓거리,1
쇠사슬,1
중화요리,1
극혐,1
마르지,1
낳을,1
존스,1
북극,1
지진해일,1
미술사,1
속상하다,1
언럭키,1
까무러,1
박인권,1
맨션,1
승부사,1
피피,1
전봇대,1
쏜살같다,1
오도카니,1
복실복실하다,1
검도장,1
치밀,1
운전대,1
쩔다,1
안주,1
천군,1
도안,1
협조,1
씨리얼,1
사발,1
신드바드,1
칠해,1
파르테비,1
비수,1
득시글대다,1
알짱거리다,1
강윤,1
프록시마,1
장양,1
선무,1
와룡,1
사자후,1
영해,1
에밀리,1
단순,1
은메달,1
락구,1
양궁,1
밀접하다,1
박정,1
이노아,1
박지훈,1
탁치,1
나기,1
득,1
강석,1
동석,1
암흑가,1
폭동,1
보신,1
경전,1
토마호크,1
잠룡혈,1
선준,1
해안,1
도지슨,1
파파라치,1
기웅,1
직할,1
인체,1
정지훈,1
빽빽하다,1
렉시스,1
경시청,1
비비안,1
파쿠르,1
라니까,1
으른들,1
멘티,1
인더헬,1
하이패스,1
덕심,1
분출,1
하지욱,1
적립,1
질질,1
콜센터,1
건어물녀,1
삼포세대,1
윤건영,1
키메,1
펀츠,1
엠보,1
솟다,1
스팟,1
덩치,1
행색,1
총각,1
행랑,1
열매,1
개암,1
뒷이야기,1
징악,1
권선,1
미라클,1
백승혁,1
구걸,1
다이렉트,1
수빈,1
육즙,1
패스트푸드,1
츄카피,1
에게서는,1
현자,1
왕성,1
순찰,1
간곡히,1
부침개,1
누드모델,1
나르시스트,1
전자기기,1
야크,1
관문,1
어지러움,1
메트로폴리탄,1
미술관,1
숏애,1
시집살이,1
마구간,1
니콜,1
중성,1
부풀,1
랍니,1
널린,1
냉소,1
쌔끈,1
책방,1
성기,1
수험,1
적성,1
스트라이크,1
사진가,1
엠티,1
실생활,1
서은영,1
말소,1
신분증,1
내부고발자,1
설치,1
한직,1
최용규,1
술수,1
인스턴트,1
천벌,1
데코,1
세프,1
일러스트레이터,1
색맹,1
버거운,1
삼엄하다,1
차윤,1
맛깔,1
진나,1
지세,1
별난,1
시윤,1
무척,1
시덕,1
면치,1
레토,1
이은호,1
직제,1
측정,1
향료,1
재위,1
판명,1
방정,1
실효,1
농장,1
추살객,1
백련,1
색골,1
무었,1
팥죽,1
아아루,1
파운데이션,1
쿠션,1
화떡,1
신토,1
발등,1
월급,1
고료,1
작업실,1
파트타임,1
베타,1
천평,1
별감,1
절규,1
재배,1
전도자,1
신실하다,1
재수강,1
익음,1
밀접,1
학부,1
공연예술,1
대난투,1
적색,1
설뢰,1
사양,1
누라리횬,1
총대,1
화상,1
혼혈인,1
강돌,1
티격태격하,1
사이프러스,1
지신,1
학비,1
트이다,1
아로마,1
조선조,1
송시,1
호기,1
예롬,1
애송이,1
민욱,1
생황,1
허우대,1
바랬,1
볼법,1
촬영감독,1
척도,1
변명,1
하동현,1
신간,1
졸다,1
강동구,1
강태공,1
계은,1
는걸,1
치러지다,1
미시령,1
건장하다,1
어이,1
화현,1
냉전,1
저녁식사,1
복희,1
사진작가,1
임애주,1
풍작,1
강민주,1
종우,1
신해수,1
최혁준,1
혁준,1
주강현,1
남중,1
채권자,1
머리털,1
옳다,1
치근대다,1
규태,1
권유민,1
권상현,1
오중,1
짚다,1
암행어사,1
공정하다,1
주중,1
화운,1
연태,1
시들하다,1
덜렁대다,1
문화센터,1
수확제,1
에이전트,1
초국,1
화양연화,1
적후,1
안지,1
강구,1
도리,1
급습,1
무령검존,1
민박,1
소복소복,1
패킹,1
정미,1
단풍,1
군입대,1
녹음,1
나팔,1
이어폰,1
점호,1
차민,1
프렌즈,1
저스트,1
먹음,1
가혼,1
김자,1
과감,1
박령,1
두꺼비,1
담비,1
핫걸,1
행상인,1
복종,1
쇠퇴하다,1
족자,1
도담,1
운지,1
라고도,1
월패,1
일컫다,1
초강,1
투명인간,1
월마,1
일사,1
성벽,1
전업,1
손영,1
지적,1
썸녀,1
김주인,1
낌새,1
이상기후,1
청담,1
분간,1
재등장,1
컬트,1
건고,1
이수정,1
준인,1
김현정,1
간계,1
프라이드,1
성인식,1
남다름,1
마뜩잖다,1
동평,1
귀인,1
웨어,1
통통하다,1
한태수,1
꼭꼭,1
입가,1
오수,1
뚜렷하다,1
오검,1
아카시아,1
적용,1
배당,1
불로불사,1
토막,1
뚱냥,1
팬클럽,1
일상물,1
샅바,1
권투,1
글렌,1
모퉁이,1
수금,1
개털,1
전라,1
바이섹슈얼,1
신현수,1
공지우,1
남색,1
이성애자,1
성냥갑,1
입하,1
늘어서다,1
고갈,1
단조롭다,1
다방,1
자영,1
요조숙녀,1
형수,1
정경부인,1
토의,1
코헤이,1
끙끙,1
심리치료,1
솔깃하다,1
수비대,1
주성은,1
시무라,1
마종,1
환락,1
아키코,1
남변,1
휘슬,1
영화사,1
후방,1
데스크,1
정치자금,1
맥스,1
메이크,1
키친,1
우태,1
만료,1
김로,1
공포물,1
죄업,1
소우주,1
서인주,1
코엑스,1
진골,1
시름,1
해파리공주,1
단추,1
삼중고,1
인과응보,1
화요,1
살리에르,1
모차르트,1
한지붕,1
방학,1
순옥,1
현은미,1
씌기,1
섭렵,1
혼령,1
막타,1
매시간,1
외통,1
통신,1
역작,1
퀼라,1
퀼,1
부숭부숭,1
김정호,1
뿐더러,1
유강,1
가벼워지다,1
복구,1
대변인,1
길타,1
전적,1
미네,1
토호,1
스케,1
아키바,1
옷장,1
성소수자,1
덕영,1
줄타기,1
팽팽했던,1
폭정,1
시생,1
배리,1
잔상,1
무덥다,1
마유,1
약탈,1
모제,1
종결,1
퇴직금,1
넷,1
퀸,1
순정녀,1
카르테,1
평안,1
크리처,1
메로,1
심예훈,1
탄환,1
발의,1
독립군,1
후원,1
육군,1
코네티컷,1
꼬셔보려,1
김영,1
독립운동,1
떵떵거리,1
요코,1
소곤소곤,1
아랑,1
백선,1
초로,1
밤하늘,1
신성은,1
하이스쿨,1
타키,1
평양,1
마리모,1
자공,1
소일,1
맴돈다,1
글자,1
홈마,1
프로메테우스,1
옥수역,1
네트워킹,1
변형,1
스팀,1
봉천동,1
벨트,1
공수도,1
랄라라,1
꽐,1
기안,1
목사,1
영화제작,1
변호,1
낙인찍히다,1
아동,1
마운드,1
황지,1
빡세,1
고액,1
괴기현상,1
썸뜩하,1
정판,1
셴위,1
현혹,1
주식회사,1
생기발랄하다,1
디앤,1
왠,1
남양주,1
세율,1
생글생글,1
방미,1
떡집,1
일사병,1
표범,1
붓감,1
설표,1
쟁쟁,1
센세이션,1
이례,1
카나리아,1
달걀,1
복원,1
왕부,1
투자가,1
촉나라,1
관우,1
반짝반짝하다,1
엄청,1
씨미디어,1
키크,1
찜찜하다,1
한대호,1
행위,1
장례,1
살금살금,1
요시노,1
지영은,1
유난히,1
개학,1
독서,1
김하늘,1
사찰,1
지도사,1
나주,1
허황,1
급부,1
유포,1
스플래시,1
서지,1
찰,1
동짜리,1
차혜성,1
기와,1
명치,1
길냥이,1
백색,1
불론,1
야시,1
강풍,1
중요성,1
프리스타일,1
쌍수,1
팝,1
난새,1
텃틀,1
공연장,1
이인범,1
드론,1
헤이키,1
이키,1
싱어송라이터,1
최텃틀,1
특훈,1
걸걸하다,1
교과서,1
버디,1
번역,1
야오,1
진절머리,1
먹구름,1
쑥쑥,1
평가자,1
장희경,1
윤수아,1
페인,1
카인,1
박동하,1
스키,1
조지아,1
카타르,1
지사,1
한세영,1
도레앙,1
몽월,1
해진,1
혼재,1
김진서,1
치사하다,1
김유진,1
원점,1
풀어지다,1
기생충,1
알맹이,1
상장,1
송강기,1
류빈,1
감쪽,1
분수,1
활발하다,1
폭설,1
펫시터,1
옷자락,1
치워지다,1
잡아끌다,1
시미,1
집기,1
문화상,1
사무,1
일본만화,1
부문,1
항체,1
맹물,1
씨름판,1
탑인,1
품격,1
꽃단,1
한성은,1
철앞,1
부교수,1
왕호,1
고동,1
스즈나,1
남상현,1
에이치,1
클래식,1
야금야금,1
못마땅하다,1
재경,1
강백현,1
쿠폰,1
차곡차곡,1
덩칫값,1
우암,1
몽실몽실하다,1
수증기,1
빛깔,1
ㄸㅒ,1
팔다리,1
탤런트,1
다방면,1
판단력,1
속눈썹,1
충분하다,1
승준,1
발송,1
띵동,1
의연,1
도가니,1
목록,1
먹통,1
여행지,1
골통투,1
구주,1
중국집,1
알뜰하다,1
갈취,1
슬찬,1
콩쿠르,1
제정,1
결전,1
샤마칼,1
생태학,1
불가침,1
탐방,1
초대륙,1
드랍,1
에이리언,1
레츠기릿,1
아무렴,1
활력소,1
민태준,1
도지,1
혼동,1
비트,1
인현왕후,1
철렁,1
떠버리,1
피렌체,1
텃밭,1
김진주,1
음기,1
운전,1
운수,1
달콤새콤,1
허겁지겁,1
꽃바구니,1
루노,1
육식,1
큰곰,1
페티쉬,1
후준,1
화실,1
이근영,1
뒤뜰,1
바닷물,1
밀착,1
창밖,1
춘자,1
신해,1
팜킨,1
착잡하다,1
궁도,1
준민,1
송나라,1
남인,1
양요나,1
상원의원,1
관대하다,1
엮여온,1
필립,1
모해,1
싹트기,1
진혼,1
교환학생,1
빠루,1
최창무,1
세진,1
김신욱,1
수맥,1
유선호,1
번듯하다,1
기계로,1
조직폭력배,1
국제사회,1
엉엉,1
셧,1
하르모니아,1
유수,1
연명,1
어진,1
짊,1
메구미,1
츠카,1
영화감독,1
음악실,1
즉흥연주,1
최환,1
까딱,1
와르르,1
마일,1
웅이,1
거미,1
꼰,1
반니,1
듬뿍,1
보은,1
동우,1
추격자,1
자파,1
가표,1
위저드,1
고해성사,1
조심하다,1
므,1
우즈,1
쐬다,1
카노,1
다나카,1
사이즈,1
파투,1
세찬,1
락샤사,1
사시,1
의치,1
다세포,1
팬싸,1
도시락,1
스탭들,1
중국인,1
추궁,1
겨누,1
싹싹,1
스네이크,1
이예,1
활활,1
다주,1
데이팅,1
만복,1
착용,1
머리핀,1
앤티크,1
티타,1
바스,1
배트,1
후려치다,1
캔디,1
껄렁하다,1
박복하다,1
강주현,1
연애경험,1
중퇴,1
집값,1
다혈질,1
근신,1
연보,1
김윤지,1
천남,1
블로섬,1
남욱,1
족피,1
부감,1
도생,1
격세,1
해신,1
정가,1
벌교,1
모기,1
효과,1
부터의,1
닝,1
무관심,1
스트라이프,1
언뜻,1
체결,1
도수혁,1
사관학교,1
교육과정,1
조로,1
치과의사,1
무토,1
하운드,1
한발,1
태형,1
그랬구나,1
고배,1
택했던,1
민증,1
박복,1
우슬,1
터치,1
단백,1
송곳,1
장착,1
신지상,1
칠정,1
오욕,1
대일,1
바티칸,1
술리,1
함경도,1
통장,1
안효섭,1
박보영,1
친근하다,1
야메,1
태열,1
근근히,1
영영,1
바르도,1
원안,1
교무,1
임광,1
평이,1
장영,1
아쿠아리움,1
봉오리,1
백만장자,1
김죄,1
레인보우,1
마르티스,1
도베르만,1
백투더퓨처,1
준재,1
견문,1
놔두다,1
디맨,1
일밤,1
위촉,1
레종데트르,1
홋카이도,1
백제인,1
김요,1
중원대,1
장치,1
비올,1
렛타,1
상쾌,1
흉하다,1
밀교,1
령주,1
로얄,1
용호상박,1
사수생,1
으아아,1
샤방,1
발걸음,1
현수,1
꼬꾸라지다,1
삼수,1
선전포고,1
의거,1
서먹서먹하다,1
쭈뼛하다,1
예습,1
신기로,1
고구려인,1
영웅시대,1
보보,1
재인,1
미화,1
혜택,1
게을리,1
꼬꼬댁씨,1
투닭투닭,1
일상날개짓,1
상주,1
완성형,1
때무터,1
농부,1
코미디언,1
헤어디자이너,1
만가,1
사고방식,1
남산타워,1
은희,1
색시,1
까지도,1
스쿨홀릭,1
안대,1
틀어지다,1
나타내다,1
남아프리카,1
육씨,1
남기한엘리트만들기,1
옐레,1
신유,1
왕리,1
이현민,1
김인호,1
꽃투,1
가릉빈,1
맥킨지,1
변덕,1
오산,1
트리스,1
강타,1
작별,1
이어링,1
기타리스트,1
포츠,1
달밤,1
불합리,1
근심,1
앙큼발칙,1
행여,1
지라,1
아마란스,1
바울,1
빠듯,1
블로거,1
헤븐,1
위룡,1
구미,1
유레카,1
카라멜,1
변비,1
웃,1
스케줄,1
마끼아또,1
김명현,1
지란,1
피리,1
만천하,1
파릇파릇,1
신유정,1
옥루,1
지애,1
기전,1
신포,1
박민경,1
절세미인,1
흐릿하,1
미우라,1
여장부,1
산타클로스,1
쓴맛,1
다듬다,1
강일,1
연가,1
해묵,1
스마일,1
키프로스,1
에로티카,1
쌩,1
모로코,1
프레젠트,1
위반,1
라스베이거스,1
홍석준,1
절교,1
선시,1
만사,1
권고,1
강냉이,1
철구,1
이태성,1
흑곰,1
야영지,1
블루홀,1
재치,1
부띠,1
김영자,1
점화,1
제출,1
유년기,1
주류,1
저스틴,1
용골,1
제룡지,1
마중,1
우습다,1
기사도,1
분실,1
여우별,1
공금,1
유인나,1
고소,1
존버할,1
켄,1
소감,1
고부,1
또띠또띠,1
뀌꼬르떼,1
페르소나,1
루머,1
구생,1
활기,1
혈도,1
용검,1
돌풍,1
정재민,1
근황,1
동화작가,1
국숫집,1
폐관,1
모국,1
중세,1
후은,1
오늘날,1
철가면,1
프로스트,1
잔고,1
미달,1
강하늘,1
우승상금,1
괌,1
광고지,1
성관계,1
이즈,1
물망초,1
엔딩크레딧,1
미스테리물,1
동주,1
물길,1
스쿠버,1
다이버,1
코넬,1
워셔,1
호순이,1
캐치,1
기념일,1
실신,1
미주신경,1
지병,1
하제,1
고시텔,1
패밀리맨,1
능글공,1
차도혁,1
하이브리드,1
로비,1
본사,1
식도,1
일면,1
장점,1
우해,1
자체발광,1
저건,1
헉,1
사우나,1
떡하니,1
이준익,1
최현우,1
그리핀,1
지팡이,1
칼릴,1
잠자코,1
꽃님,1
자료,1
멍,1
대학입학,1
커피우유,1
정현주,1
우리형,1
분개하다,1
형우,1
강형우,1
박하민,1
융자,1
대충대충,1
경매,1
순진무구,1
치웅리,1
비탄,1
펜트하우스,1
이대환,1
세태,1
아브라카다브라,1
김우민,1
비너스,1
이제석,1
최희,1
바둑,1
이유정,1
무감,1
주기도,1
아날로그,1
백수경,1
외동,1
축구공,1
일화,1
축구팀,1
시스터즈,1
옹이,1
쿨,1
바쉬,1
셈,1
이빈,1
울림,1
타박,1
중용,1
징글,1
나샤,1
고물,1
훌리건,1
성진,1
조항리,1
약국,1
리마,1
쇼크,1
금오대,1
각계,1
각층,1
검계,1
천복,1
달기,1
정통하다,1
정보통,1
고집불통,1
조양,1
강박증,1
라신,1
풍류,1
이삭,1
명랑하다,1
건아,1
경운,1
김정현,1
단아,1
정해준,1
까불다,1
전표,1
위조,1
팀겟네임,1
샛골,1
트렌드,1
헨젤,1
사카,1
폐도령,1
대두,1
태음,1
화랑,1
치프,1
톡톡,1
운송,1
액체,1
녹색,1
묘실,1
민훈이,1
니스,1
박건,1
홍어,1
뎌,1
어쩌라고,1
영훈,1
김윤재,1
최영훈,1
달구다,1
검찰청,1
가로지르다,1
여자라서,1
쇠퇴,1
토키,1
엄보란,1
에볼루션,1
김선희,1
나이스진타임,1
투일,1
지법,1
방량,1
환관,1
불공평하다,1
굶주림,1
단합,1
역모,1
지령,1
위장결혼,1
순전하다,1
외할아버지,1
구욱,1
천마도,1
로토,1
빵점녀,1
삼뇌,1
재활,1
열전,1
명포,1
정운경,1
천후,1
오홍련,1
산티아고,1
만화인,1
신년,1
무념,1
남아공,1
쾌락,1
오마주,1
광고대행사,1
카논,1
축구장,1
스즈키,1
쯔,1
캣닢,1
불사조,1
미완,1
목장,1
팰컨,1
변기,1
밀애,1
달아오르다,1
파라,1
꼬시려,1
우왕좌왕,1
보란,1
저자,1
출두,1
질식,1
치루어,1
오경,1
리틀,1
들판,1
교관,1
창욱,1
검군,1
설견,1
혈조,1
향기롭다,1
승유,1
데스,1
선화,1
혈황,1
성협,1
임달영,1
이수현,1
악성,1
상생,1
만만,1
유철,1
쇄키들,1
포두,1
구천십,1
테킬라,1
주년,1
생선,1
빵빵,1
동식물,1
이병,1
페르젠,1
맏아들,1
스웨덴,1
탈남,1
오스트리아,1
오스,1
지휘,1
스푼,1
산촌,1
김주,1
김달수,1
일회용,1
누굴,1
기원전,1
잡다하다,1
민들레,1
오즈,1
반달가슴곰,1
안경진,1
첨예하다,1
장애인,1
디스토피아,1
낭비,1
호에,1
대단원,1
홍보물,1
우우,1
원서,1
잡아내다,1
이블,1
남해,1
족장,1
원족,1
통괘,1
시샘,1
혼례복,1
냉장고,1
홍상완,1
아비드,1
권태,1
목욕관리사,1
간극,1
윤희,1
때밀이,1
효과툰,1
절묘하다,1
몽환,1
체감,1
교재,1
김기두,1
무궁,1
찮다,1
오인,1
스크롤,1
스위트,1
통통,1
또렷,1
세습,1
텍사스,1
짓궂다,1
분실물,1
감미롭다,1
피앙세,1
왈츠,1
카오리,1
맹인견,1
가늠,1
렁,1
까지가,1
무임,1
승차,1
호크,1
밥풀,1
건배,1
카리브,1
고찰,1
에필로그,1
후속작,1
큘,1
정자,1
선그,1
외동아들,1
노스,1
아틸란,1
곡절,1
주성훈,1
보물섬,1
븟새,1
해명,1
만물,1
매트,1
폐후,1
펫,1
김혜진,1
과격하다,1
텔레포트,1
근본,1
홀릭,1
크리퍼스,1
시실리,1
미혹,1
꿀맛,1
오오,1
행동거지,1
자세하다,1
송해나,1
휴양지,1
남국,1
비루하다,1
야채,1
봄방학,1
아젠틸,1
바예른,1
담요,1
떡,1
병약,1
꼴찌,1
들추다,1
블레넘,1
유술,1
우승하다,1
프라나,1
무제한,1
로마시대,1
나이프,1
짊어질,1
복병,1
습성,1
문과,1
정우진,1
일석이조,1
삼천갑자,1
휴양,1
샷,1
어플리케이션,1
중신,1
슈페,1
스토,1
기립,1
스카,1
몸안,1
알렉산더,1
시시콜콜하다,1
반포,1
몸소,1
훈민정음,1
참뜻,1
마이너스,1
늦덕,1
오른손,1
안경희,1
박치기,1
오해해,1
메이비,1
패티,1
알라딘,1
장보고,1
팔팔,1
치한,1
최충,1
태클,1
후지,1
몸짓,1
센고쿠,1
오수빈,1
진검,1
갸오오,1
유선영,1
대학시절,1
나눠지다,1
퀸카,1
계룡산,1
낙천,1
우와,1
호준이,1
평탄하다,1
가스,1
파드,1
혈풍,1
사부인,1
말초,1
향유고래,1
김성모,1
텐션,1
털북숭이계,1
강명욱,1
이선영,1
이루,1
환혼제,1
꿈일,1
애지중지,1
되다최삡,1
뭉그적거리다,1
금연,1
지저분하다,1
더티캅,1
게임메이커,1
동족,1
테바,1
고온,1
범상,1
알비노,1
저가,1
글쓰기,1
작용,1
김모,1
며느라기,1
상길,1
메브,1
의당,1
호색쌍웅,1
엎,1
맞춤법,1
췐무,1
ㄱㅞㅇ,1
대윤,1
번외편,1
묵회,1
차장,1
시국,1
한가하다,1
찻집,1
다실,1
승민,1
하현,1
데시벨,1
혈겁,1
금미,1
안녕하십니까,1
잠기,1
혜선,1
팽했던,1
소영,1
완님,1
리턴,1
찍,1
묵룡,1
불만족,1
뮤덕,1
공동,1
졸리다,1
진지,1
게임제작사,1
방자,1
광한루,1
소프트,1
명목,1
살집,1
앗다,1
제동,1
겜,1
노이지,1
존폐,1
모시,1
허물,1
영화배우,1
신지호,1
츤츤,1
량,1
마후,1
일만팔천,1
동방,1
재천,1
연제원,1
유명인사,1
독불,1
오페라,1
완자,1
장회,1
벌주다,1
주왕,1
은천,1
오이,1
봉신,1
수호전,1
국지연,1
점보늬,1
손맛,1
레이서,1
내장,1
븍븍,1
이상신,1
미식,1
최송이,1
주모,1
오동나무,1
정글고,1
김만,1
고명딸,1
병조,1
화족,1
고투,1
봄바람,1
잔인함,1
혈곤향,1
의생진검,1
사료,1
잎,1
살랑살랑,1
유기동물,1
금남,1
오케스트라,1
김원준,1
마닐라,1
절륜,1
방구,1
왜냐면,1
원주민,1
내신,1
습지,1
호스트,1
생태,1
분석,1
떼쟁이,1
비취,1
탱고,1
한인,1
검객,1
선행,1
깔리다,1
창피하다,1
아키라,1
은하계,1
직선제,1
마림검추,1
대장부,1
시행,1
박성용,1
사선,1
인자하다,1
고막,1
모녀,1
넋,1
영길리,1
소복,1
차석,1
선서,1
투탕카멘,1
성문,1
한음,1
잔망수,1
유승진,1
강공,1
패러디,1
중얼거리다,1
트윗,1
수감자,1
어브,1
때기,1
다이내믹,1
마카오,1
산초,1
구장,1
아이소포스,1
우화,1
다독이다,1
턱걸이,1
가축,1
웹사이트,1
초콜릿,1
박시현,1
범재,1
세실고,1
흉노,1
적벽,1
장판,1
형주,1
전면,1
영웅호걸,1
요란,1
노멀,1
남아도,1
전투기,1
태양신,1
제로스,1
스킨,1
손태,1
바바리맨,1
아기자기하다,1
경찰관,1
주차,1
원효대사,1
하산,1
경비,1
무자,1
한치,1
버드나무,1
항저우,1
앵몬,1
아릿하다,1
홍령,1
귀귀,1
금씬,1
차투스,1
시저,1
초점,1
엄중하다,1
조자룡,1
난감하다,1
씽씽,1
쌉싸르,1
중시,1
어릿광대,1
생중계,1
레알,1
속출,1
팽창,1
사공,1
비정성시,1
시끌벅적,1
오소,1
근위대,1
편리하다,1
본원,1
수당,1
요령,1
반환,1
와이번,1
만분,1
소포,1
곽백수,1
신성록,1
김소은,1
이상윤,1
린펑,1
