,title,author
0,사귄건아닌데,민홍
1,바니와오빠들,니은
2,액괴,서강용
3,그책에마음을주지마세요,문시현
4,오무라이스잼잼,조경규
5,뱀파이어님의대리식사,멜리
6,쓰레기머학생,수레기
7,환율이바뀌었나요,YB
8,기숙사死,이제환
9,교수님을빚는중,서아
10,독고3완전판,민meen
11,강호표사,OZi
12,이대로멈출순없다,자룡
13,환골탈태,마고mago
14,그라티아,상민
15,흑우,늙슬
16,사랑하면디져트,참치캔
17,천인의신부,문솔
18,아싸가알아버렸다,곰브
19,집행자여,종수
20,조류공포증,조눈
21,유부녀의탄생,김환타
22,롱리브더킹,버드나무숲
23,일단질러질렐루야,yami
24,무지개다리파수꾼,이서
25,타원을그리는법,섬멍
26,연습생고영신,정현수
27,현세이의보이는라디오,이제환
28,니니툰즈,니니즈
29,지옥사원,네온비
30,아비무쌍,노경찬
31,비밀사이,맥퀸스튜디오
32,너를만나다,다노아
33,멸종인간,디디
34,사랑하는존재,향유크리에이티브
35,딩스뚱스,딩스
36,우리집이거든요,공룡
37,기프트,정이리이리
38,단두斷頭,붉은발
39,골드핸즈,박하
40,환상의아이들,김다
41,아싸클럽,랑쓰
42,화폐개혁,윤필
43,해피하우스,장삥준
44,트리거,불만있냥
45,악한기사,글가애
46,그녀의앵무새,금계수
47,개목걸이,김종욱
48,대선비쇼에어서오세요,아람
49,신성한이혼,강태경
50,악마의편집,건초
51,신랑이사라졌다,방자
52,뱀파이어신드롬,이충호
53,닥터파인의하루,김용회
54,니니툰즈,니니즈
55,말하지말까,마루
56,유부녀킬러,YOON
57,쌍갑포차,배혜수
58,천광명월,석빈
59,21LCK서머SummerisComing,빛돌
60,수린당비늘고치는집,일링스
61,후크,나진수
62,두번째썸,비아이
63,금수친구들,짤태식
64,하나하나둘,고은
65,블랙베히모스,케이지콘
66,칼집의아이,김형민
67,방구석여포,키미하이
68,구원,Axis
69,좋아하면울리는,천계영
70,이미테이션,박경란
71,악녀의탄생,TB
72,죽어도치우,만백
73,미드나잇블루,보보군
74,소쩍이운다,박흥용
75,저승사자온라인,쑨
76,우리가사랑하는방법,기비
77,CELL,강형규
78,조국이당신을원한다,숭어
79,키스해주세요,한지혜
80,아버지의복수는끝이없어라,강태진
81,니니툰즈,니니즈
82,프레너미,돌석
83,블랙윈터,정이나
84,러브스트리밍,마영신
85,샬롯에게는다섯명의제자가있다,용용
86,뽀짜툰,유리
87,신의태궁,해소금
88,관존이강진,노경찬
89,함께춤을,도연
90,시간이머문집,헤고
91,재벌과의인터뷰,우다
92,침묵의정원,염라
93,나를지켜줘,동남
94,26번째살인,수오
95,록산,백작
96,울화통고등학교,박세가
97,쑥,문홍조
98,도깨비언덕에왜왔니,김용회
99,저기요손님,강소소
100,시월드게임pleasesavemyhusband,송백
101,논현동장사꾼,김영현
102,스타의학교생활,올챙구리
103,조국이당신을원한다,숭어
104,백의사자,체사
105,살어리랏다,김민소
106,갱스쿨,taibogi
107,백로식당,확천금
108,트러블,NASTYCAT
109,중고거래,주명
110,니니툰즈,니니즈
111,나만아는사랑,아임
112,바리공주,김나임
113,소녀신선,효미
114,헤븐투헬,김종훈
115,불합격인간,Sepia
116,남남,정영롱
117,퀴퀴한일기,2B
118,열무와알타리,유영
119,신락도,다원
120,지금은연애를쉽니다,유현숙
121,플러스마이너스제로,마영신
122,전생에나라를구한자,현마담
123,키몽의호구로운생활,키몽
124,체벌교사,시노키오
125,파륜아이,박은비
126,불러줘내이름만,꿀삼
127,21LCK서머SummerisComing,빛돌
128,닭은의외로위대하다,미역의효능
129,날씨의요정,이이영
130,유리의벽,조호
131,너에게투혼魂,롱토피아
132,우리가헤어진사이에,오하
133,크레센도,김탐미
134,김탐정사용설명서,이장희
135,미완결,네온비
136,폭군황제의첫사랑,김수오
137,니니툰즈,니니즈
138,주말도미시식회,이용우
139,천연天緣,ALIC
140,백작가의불청객들,아르누니
141,허약선생,철범
142,반지하셋방,평범한자매
143,후궁공략,봉봉
144,할매,재후
145,풍검,김철현
146,별똥별이떨어지는그곳에서기다려,만물상
147,쥐덫,오닛
148,오늘은꼭고백할거야,CHYA
149,이세계전담반,손희준
150,선택은하나,박만두
151,어린물고기비늘,윤태호
152,이뤄질수없는마녀의소망,해청
153,부기영화,급소가격
154,랜딩,설구
155,정의는죽지않는다,크레용
156,순정히포크라테스,골드키위새
157,너에게가는거리2091km,빵시헌
158,멀리서보면푸른봄,지늉
159,이토록보통의,캐롯
160,랑데부,Hun
161,구슬의주인,갸가
162,우리반숙경이,해밀외1인
163,샤크,운雲
164,취향저격그녀,로즈옹
165,내일도출근,맥퀸스튜디오
166,주간소년열애사,박시인
167,남의사랑이야기,사란
168,퀴퀴한일기,2B
169,가드패스,오손도손
170,슬프게도이게내인생,슬
171,트레이스리마스터,네스티캣
172,백의조각,홍일
173,언데드킹,윤준식
174,우범소년,병장
175,질투유발자들,김꽁
176,무법대학,기령
177,일진에게찍혔을때,언정이
178,그아해,권계림
179,이상징후,잇선
180,이토록보통의,캐롯
181,내친구는선녀보살,챰
182,크라우드,만두비
183,씨방것들,오청
184,미래의사진,낑깡
185,하렘생존기,오리발
