,title,day,story,platform,author
0,바니와 오빠들,월,"외모 따지지 않는 개념녀 ? 아니, 나 완전 얼빠 야! 신입생 시절, 남자의 외모를 따지지 않는 개념녀라고 떠들었던 주인공 바니! 그러나 첫 남자친구에게 쉬운 여자 로 낙인되며 신입생 바니의 첫 연애는 쓰게 막을 내린다. 그리고 드디어 인정한 바니 자신의 얼빠 속성 ! 잘생긴 남자가 좋다 는 사실을 외쳐댄 지 얼마 후, 웬일인지 잘생긴 남자들이 자꾸만 꼬인다? 연애에 있어서는 자존감이 낮은 평범한 21살, 그런 바니에게 호감을 표현하는 5명의 미남자! 누구나 흑역사일 수밖에 없는 20대 초반의 연애, 바니는 자신을 진심으로 사랑해주는 좋은 사람과 행복한 연애를 꾸릴 수 있을까?",카카오웹툰,니은
1,사귄 건 아닌데,월,"스물아홉 살, 서른을 목전에 둔 나이. 고수아는 그 나이가 괜히 심란하다. 고향을 떠나 서울에서 일을 하고 있지만, 미래를 생각하면 고민이 많아진다. 이곳에서의 삶에 대한 확신이 없기에. 그러던 중 대학 시절에 짝사랑했던 후범과 재회하게 된다. 9년 만의 재회에 다시 살아나는 그때의 감정. 과거에 상처받았던 후범에 대한 마음을 봉합해 나가며 어린 시절에는 몰랐던 후범에 대해서 알아가게 된다. 수아에게 다가온 또 다른 남자, 상사 기초롱. 속 깊은 어른의 다정함을 보여주는 그가 당황스러우면서도 마음 한쪽에선 호감이 싹 튼다. 고민이 깊어진 스물아홉 살 수아가 자신의 마음을 찾아가는 이야기.",카카오웹툰,민홍
2,액괴,월,"일진들에게 수모를 당하며 황색망사점균을 먹게 된 교내 왕따 수와 진오. 그로 인해 신체에 변이가 일어나고 황색망사점균 블롭 의 특징과 힘을 가지게 된다. 여전히 학교 내에선 무시 받거나 괴롭힘 당하는 두 명의 아이들은 힘의 정체를 숨긴 채 차근차근 교내 먹이사슬을 장악해 가지만 하나 둘 나타나는 액괴의 흔적이 사회의 이슈가 되고, 변이된 블롭의 실험체를 만든 김수혁의 등장으로 싸움은 점점 커져 간다.",카카오웹툰,서강용
3,그 책에 마음을 주지 마세요,월,"로맨스 피폐 소설 루스벨라의 빛 엑스트라인 황제의 여덟 번째 황녀로 환생에 새로운 삶을 꿈꾸던 아실리 로제, 그런 그녀의 앞에 미래를 예지하는 일기장이 나타나는데 . 너에게 난 어떤 의미인가? 질문이 끝나자 황태자님이 예쁘게 웃더니, 날 죽였다. 피도 눈물도 없는 황태자에게 살해당할 미래만을 예고하는 일기장. 불행히도 아실리는 죽어도 죽어도 다시 살아나 계속 살해당했다. 반복되는 죽음 속에서 천천히 미소를 잃고 변해가는 아실리. 도무지 피할 길이 없는 죽음, 이 미래를 피해 생존할 수 있을까? 한데 어째서인지 메말라 갈수록 아실리 곁에는 사랑을 갈구하는 남자들이 모여드는데 . 제가 오라버니에게 무엇을 줄 수 있는데요? 이름을 불러 봐. 이 사랑은 모두가 진짜일까? 사랑합니다. 당신을 갖고 싶은 욕심은 사랑이 아닙니까? 다가오는 남자들의 진심은? 웃기지 마. 내 삶은 내 거야.",카카오웹툰,문시현
4,오무라이스 잼잼,월,"음식 과 가족 의 이야기를 담은 에세이 만화. 몇 개라도 먹을 수 있을 것 같은 메추리알 조림 , 빙글빙글 돌아가는 회전초밥 , 지구 반 바퀴 돌아 포르투갈에서 맛본 에그타르트 , 매콤상콤하게 볶아 입맛 도는 마라샹궈 , 짭짤한 밥도둑 간장게장 등 우리가 사랑하는 모든 음식들에 얽힌 흥미진진한 비화와 따스한 이야기가 펼쳐진다. 엄마, 아빠, 딸, 그리고 아들로 구성된 작가의 가족이 전하는 음식의 알찬 정보! 몸과 정신의 영양까지 챙기는 건강한 작품, 지금 시작됩니다!",카카오웹툰,조경규
5,독고3 [완전판],월,모든 일에 의욕을 잃고 표류하던 태진은 과거 당영고 씨름부 주장이었던 심상윤으로부터 영입 제안을 받게 되고 결국 현실과 타협하고 주먹의 세계에 몸을 담게 된다. 그리고 그 세계에 적응해나가면서 점차 나락으로 떨어짐을 느끼게 되는데... 독고 시리즈 중 가장 처절한 이야기가 펼쳐진다.,카카오웹툰,민(meen)
6,사랑하면 디져~트,월,"짝사랑에게 직접 구운 과자와 함께 고백하고 싶다는 로망이 있는 베이킹 똥손 시현. 드디어 인생 처음으로 단 하나의 쿠키를 만들어냈다. 어, 그런데 이걸론 고백 못 하겠다. 왜냐? 살아 움직이니까! 시현이 만든 쿠키인간 ? 진저는 시현의 고백을 돕겠다고 나서지만 하는 짓이 영 못 미덥다. 인간으로 변신해 말썽이나 피우지 않으면 다행. 제발 가만히 있어줘! 짝사랑의 고비는 진저뿐만이 아니다. 결정적으로 짝사랑 상대인 하성이 과자를 싫어한다... 엉망진창 험난한 세 사람의 사랑 이야기. 사랑하면서 무사히 살아남아라!",카카오웹툰,참치캔
7,뱀파이어님의 대리식사,월,"대신 먹어주기만 하면 되는 입주 대리식사 알바?! 가난한 대학생 강시영은 입주 대리식사 알바 면접을 위해 서울 외곽의 저택을 찾아가고, 어두운 방에서 김치찌개 먹는 면접을 보고 덜컥 채용되지만 보름달이 뜬 어느 밤, 고용주 피선호 의 정체를 알게 된다. 사실 그는 200년간 자가격리 중인 자살하기 직전의 우울증 클라이맥스를 겪고 있는 뱀파이어! 정체를 들킨 그는 최면을 걸어 기억을 지우려 했지만, 알 수 없는 이유로 실패하고 100일 뒤 다시 기억을 지우는 조건으로 재계약을 한다. 기억을 지우기까지 남은 100일. 동거하며 먹고 마시고 보고! 씁쓸한 인생에 찾아온 달콤한 먹부림 로맨스!",카카오웹툰,멜리
8,기숙사(死),월,사람이 네 명이 모이면 한 명은 정상이 아니다 요리과가 있는 세이 미디어 고등학교로 2학기 편입을 한 평범한 학생 김민제는 기숙사 4인실에 입사하게 된다. 하지만 룸메이트들은 모두 하나같이 정상이 아니었고 오히려 평범한 김민제를 이상한 사람 취급을 한다. 다수에 의해 결정되는 비정상. 김민제는 1학기 때 자신과 같은 일을 겪었던 고병철과 함께 살인 계획을 짜며 정말로 점점 정상이 아니게 되어가는데..,카카오웹툰,이제환
9,그라티아,월,"예수가 창조했다고 알려진 무한한 힘을 지닌 권능의 열쇠 ! 10년 전, 그것을 얻기 위해 나타난 대악마 사탄으로 인해 뉴욕이 붕괴하고, 살아남은 유일한 생존자, 전설의 엑소시스트 진오기는 악마에게 빼앗긴 권능의 열쇠를 찾아 전 세계를 돌아다닌다. 열쇠의 흔적을 쫓아 서울에 도달한 진오기는 씩씩한 소녀 길가온을 만나고, 반 년 전에 자살로 죽은 친구 귀신을 지키는 가온에게서 엑소시스트 가능성을 본다. 진오기를 만난 후, 친구를 지키지 못했다는 자책감을 지니고 있던 가온도 소중한 사람을 지키기 위해 엑소시스트가 되기로 결심한다.",카카오웹툰,상민
10,쓰레기 머학생,월,"나는 흔한 대학생, 수학을 아주 싫어하지 학교 수업은 출튀. 방에서 하루 종일 게임. 전공이지만 수학을 가장 싫어하고 나중엔 주식투자로 돈도 잃어보기까지. 수레기 작가의 다소 쓰레기 같은 대학 생활, 그리고 졸업 후의 일상 이야기!",카카오웹툰,수레기
11,유부녀의 탄생,월,누구도 알려주지않은 결혼식 준비에 대한 리얼리티 카툰!,카카오웹툰,김환타
12,강호표사,월,"정 과 사 의 협객과 악당들이 힘을 겨루는 곳, 강호무림 ! 조정의 부정부패와 무림인들의 패권 다툼 가운데 백성들의 안전이 위협받는다. 이에, 귀중품을 안전히 운반해 주고, 신변을 경호하거나 재물을 지키는 등의 일을 업으로 삼는 이들이 생겨났으니, 병장기 를 들고 재물 을 지킨다 하여 그들을 표사 라 불렀다. 강호제일협 으로 친송받던 노공수 로부터 힘을 물려받은 무영 이 강호의 정의를 바로 세울 협객이 되기를 바라지만, 무영은 언제나 돈 되는 의뢰만 밝히는 속물근성 가득한 표사인데... 그는 과연 강호무림의 사건들을 헤쳐나가며 사부의 바람대로 강호제일협 으로 거듭날 수 있을 것인가?",카카오웹툰,OZi
13,이대로 멈출 순 없다,월,"사상 최악의 막장 쓰레기 문제아 학교, 정문여상에서 살아남기! 자타공인 날라리 소연은 폭력 사건 주동자로 지목되어 똥통 학교인 정문여상에 전학을 가게 된다. 친어머니 집에 얹혀살게 된 소연은 자신을 둘러싼 모든 부당한 대우에 분노한다. 설상가상으로 전학 첫 날, 왕따 폭행으로 전학 왔다는 오해 가 퍼지고, 상상도 못 할 만큼 저질인 양아치들과 보이지 않는 암묵적인 규칙이 소연을 압박해온다. 민주와 엮여 엉겁결에 오합지졸 배구부까지 가입하게 되어 자연스레 온갖 사건에 휘말리지만... 소연의 오해 에 대해 쉽게 판단하지도 않고 정면으로 부딪치는 친구들과 함께하며 점점 녹아들기 시작한다!",카카오웹툰,자룡
14,환골탈태,월,"부드러운 살가죽, 짧고 까칠한 털, 작고 조그만 발.... 이 해괴하고 귀여운 생물체는 대체 무엇?! 해골 스켈레톤 은 독립하면서 아기 고양이를 기르기로 한다. 드디어 이사 날에 인간계 대행 서비스를 이용해 받은 아기 고양이! 그런데 몸에 털도 별로 없고... 아기 고양이가 원래 이렇게 생겼었나? 인간계 대행 서비스 센터는 연결이 되지 않고, 졸지에 돌연변이 아기 고양이를 떠맡은 해골! 설상가상 아기 고양이의 울음소리에 옆집에서 항의가 쏟아지는데.... 아기 고양이... 키울 수 있을까?! 마계에서 벌어지는 해골과 악마 아담, 서큐버스 릴리의 좌충우돌 아기 고양이 육아 대작전이 시작합니다!",카카오웹툰,마고(mago)
15,롱리브더킹,월,"한 여인을 위해 불가능에 도전하는 남자가 있다. 의리와 사랑을 빼고는 아무것도 없다고 말하는 남자 장세출! 사랑하는 여인 강소현을 위해, 목숨보다 더 소중한 친구 정춘택을 위해, 목포 건달 장세출은 대통령이라는 꿈에 도전한다.",카카오웹툰,버드나무숲
16,니니툰즈,월,"베일에 쌓인 스노우타운. 지금까지 숨겨왔던 니니즈의 수줍은 귀여움이 공개된다. 코미디, 드라마, 우당탕탕 액션, 병맛까지! 다섯개의 챕터로 찾아올 니니툰즈! 과연 다음 챕터의 주인공은 누구?! 까면 깔수록 매력적인 니니즈를 니니툰즈에서 만나보자!",카카오웹툰,니니즈
17,흑우,월,"무리하지 말고, 5프로만 먹고 빠지는 거야 불현듯 불어닥친 가상화폐 광풍. 주변에서 다들 돈을 벌었단 소식에 주인공 유성훈 도 질세라 코인판에 뛰어든다. 초반엔 기세 좋게 벌었지만 결국 큰 손실을 입은 성훈. 그는 손실을 주식으로 만회하고자 다시 한번 큰 투자를 강행한다. 그러나 또다시 모든 것을 잃은 성훈은 그간의 경험을 살려 유사투자자문업으로 개인투자자들의 돈을 끌어모으기로 작정하는데... 목숨을 건 거래, 그리고 대기업의 음모까지! 과연 성훈은 거대 기업을 무너뜨리고 평범한 일상으로 돌아갈 수 있을 것인가?!",카카오웹툰,늙슬
18,환율이 바뀌었나요?,월,"은행의 신입사원 이 율 , 부탁을 거절하지 못하는 착한 아이 콤플렉스가 있는 그녀. 친오빠의 빚을 갚기 위해 대출까지 알아보다 꽃미남 사채업자 최 환 을 만나게 된다. 그런데 우연한 사고로 두 사람의 몸이 뒤바뀌게 되고, 둘의 기묘한 관계가 시작된다! 무속인의 도움도 구해보고 과학적으로도 알아보려 하지만 몸이 돌아오는 일은 일시적일 뿐, 계속 몸이 바뀌게 되는데 결국 환과 율 두 사람은 서로 너무 달라 이해하기 힘들지만 어떻게든 맞춰 각자의 생활을 해 나가게 된다. 그러면서 생기는 사건사고들로 두 사람은 서로를 이해하기도 하고 반목하기도 하며 점점 변화해 가는데... 과연 환율은 바뀔 수 있을까요?",카카오웹툰,YB
19,교수님을 빚는 중,월,"이 분을 제가 가르쳐야 한다구요? 재능의 벽 앞에 가수의 꿈을 포기한 도경. 보컬 트레이너로 일하는 그녀 앞에 나타난 매력적인 목소리의 수강생. 교수님이 여길 왜 ?! 심각한 무대공포증을 앓고 있는 희원은 오로지 도경 만이 자신의 병을 고쳐줄 수 있다고 확신한다. 그리고 도경에게 첫눈에 반한 희원은 교수와 제자 관계로 모든 것이 조심스럽기만 하다. 그러던 중, 갑자기 나타난 도경의 제자. 아이돌 메인 보컬로 되어 돌아온 서호는 오래 짝사랑했던 도경에게 연하의 귀여움으로 직진하는데... 혼자 애만 타는 희원이는 과연 어떤 선택을 하게 될까!?",카카오웹툰,서아
20,아싸가 알아버렸다,월,학교 최고 인싸 윤정의 비밀을 쥔 존재감 제로! 극한의 아싸 두봉. 물과 기름처럼 엮일 리 없는 둘의 학교 적응기!,카카오웹툰,곰브
21,집행자여,월,"자정이면 인적이 드물어지는 통금의 시대, 1969년. 군부의 통제는 극심해지고 언론은 때마침 청삿골 고택에서 벌어진 살인사건을 앞다투어 조명하며 군부의 눈밖에 나지 않으려 안간힘을 쓰는데... 한편 살인범으로 몰린 친구를 구하고자 현장에 뛰어든 김종서 기자는 상상조차 할 수 없었던 괴이한 현실을 눈앞에서 마주하게 된다. 인간도 아니요, 짐승도 아닌 존재가 세상에 드러나면서 혼란에 빠진 정세..! 여론을 움켜쥐려는 중앙정보부가 치안국 수사에 개입하고, 군부의 권세를 실추시키려는 비밀조직 제2술사단도 은밀히 사건의 실체를 쫓게 되는데... 척박한 시대에 사사로운 환상을 꿈꾸는 먹물 김종서의 오컬트 추적기!",카카오웹툰,종수
22,천인의 신부,월,"채나라의 적통 공주인 채연 은 어린 시절 황후인 어머니를 일찍 여의고, 황제에게 사랑받는 총비 고 귀비 에게 목숨을 위협당하며 궁에서 살아왔다. 자신, 그리고 사랑해 마지않는 동생 성종 의 운명을 바꾸기 위해 천인의 신부가 되기로 마음먹은 채연은 제천 의식을 올리고 사당으로 향한다. 하지만 고 귀비는 채연이 천인의 신부가 되어 새로운 권위를 얻는 것을 저지하고자 병사들을 보내 채연을 쫓는데 사당으로 향하던 채연이 고 귀비의 병사들에게 붙잡히려던 찰나, 날개를 단 남자가 나타나 채연을 구해준다. 네 남편이 될 자 라고 소개한 그 남자는 병사들을 따돌리고는 채연을 데리고 가버리고, 채연은 정신을 잃는다. 다음 날 채연이 눈을 뜬 곳은 낯선 침대였는데 !",카카오웹툰,문솔
23,현세이의 보이는 라디오,월,방송 시작합니다! 안녕하세요 여러분 현세이 입니다! 백혈병 투병을 마친 고등학생 현세이는 예전부터 꿈이었던 스트리머가 되어 자신의 과거 이야기를 들려주기 시작한다. 독자들과 소통하며 따뜻한 이야기를 전달해주는 스트리머 현세이의 일상 소통 이야기 현세이의 방송 보러 가실까요?,카카오웹툰,이제환
24,일단 질러! 질렐루야,월,"사회초년생 개나리와 퇴사 후 프리랜서가 된 닭둘이의 소소한 지름 일상. 생활의 질을 높여주는 꿀팁 용품부터 지친 하루를 달래줄 힐링 물건까지, 일단 지르고 본다! 등장하는 지름 물건들은 아무런 협찬없이 작가의 지갑에서 나온 것 입니다",카카오웹툰,yami
25,무지개다리 파수꾼,월,"돈과 성공만을 전부로 알던 유명 수의사 이한철. 그는 어느 날 사고 이후, 동물들의 목소리를 들을 수 있게 된다. 그렇게 동물 병원을 찾은 여러 동물들의 이야기를 듣던 어느 날, 길에서 만난 강아지 밍구의 살려달라는 목소리를 듣게 되는데.. 동물의 목소리를 듣는 수의사 이한철, 동물을 사랑하는 수의 테크니션 김나영, 한철의 뒷조사를 하는 동물 뉴스 플랫폼의 기자 이동욱. 그리고 꼬리 달린 웰시코기 밍구와 수많은 동물들의 이야기..!",카카오웹툰,이서
26,조류공포증,월,"어린 시절 시골에서 닭을 잡는 모습을 본 후로 조류공포증 을 겪고 있는 철민. 그의 눈에 회사 부장이 자꾸만 새로 보이기 시작한다. 착각일 거라고 생각하지만 증상은 나아지지 않고, 이를 눈치 챈 회사 동료인 오컬트 매니아 광빈은 부장의 정체가 사람의 탈을 쓰고 사람을 잡아먹는 전설 속 새 괴물 하르퓌아 가 아닐까 추측한다. 철민은 믿지 않지만 회사 동료 한 명이 의문의 실종이 된 후 광빈과 함께 부장의 정체를 파헤치는데... 정체가 탄로 난 부장은 이들을 잡아먹으려고 하고 철민과 광빈은 간신히 도망치지만, 곳곳에 숨어있는 하르퓌아들의 위협을 받는다. 도망만 다니던 철민은 가족까지 타겟이 되자 가족을 지키기 위해 조류공포증을 극복하고 맞서려고 한다..!",카카오웹툰,조눈
27,타원을 그리는 법,월,오합지졸들과 함께 회사의 비밀 프로젝트를 밝혀내고 연인을 과거에서 구출하라! 제약회사에 이직하게 된 광고쟁이 유주하는 자신의 이직에 연인의 과거가 얽힌 계략이 숨겨져있음을 알게 된다. 참하고 조신한 줄로만 알았던 애인 민성이 사실은 천재해커였단 사실과 이를 노리고 접근하는 서로 다른 사람들로 인해 유주하의 일상은 혼돈해진다. 분명한 것은 이 모든 게 회사의 비밀 프로젝트와 관련 있다는 사실 연인의 과거를 쥔 회사의 높으신 분들에 맞서 유주하는 자신을 돕겠다는 정체불명의 콤비와 손을 잡고 마는데...,카카오웹툰,섬멍
28,연습생 고영신,월,"내가 너, 예전에 좋아했었다? 아이돌 연습생 고영신 앞에 비주얼 실력 천재 연습생이 나타났다! 그런데 그는 다름 아닌 초딩 때 건방진 뚱보, 남도영 ?! 아르바이트 하랴, 밤낮으로 연습하랴 몸이 두 개여도 모자란 영신의 팍팍한 일상 속에 자꾸만 스며드는 도영. 하지만 영신은 데뷔를 위해선 그 무엇에도 흔들리지 않겠다고 결심하는데...! 파란만장 아이돌 지망생의 고군분투기 연습생 고영신",카카오웹툰,정현수
29,아비무쌍,화,"무협웹툰? 육아웹툰? 하늘의 뜻을 아니 아비는 무쌍이다! 고아로 떠돌다가 운 좋게 만난 스승에게 무공을 배워 칼 밥을 먹으면서 이름을 날리던 노가장. 행복한 결혼 생활의 기쁨도 잠시 노가장은 난산으로 하루아침에 아내와 사별하게 되고, 홀아버지로서 어미를 떠나보낸 세쌍둥이를 키우기 위해서 천하 삼대 문파 중 하나인 천룡회의 갑급 무사로서 들어가 문지기 생활을 시작하며 아이들을 더욱 잘 키우기 위해 출장 임무들을 떠맡게 된다. 하지만, 그 임무들은 갈수록 위험해져서 갔고, 그 속에서 노가장의 활약은 아름아름 알려져 나가게 된다. 그 와중에 너무나도 잘 큰 세쌍둥이의 재능을 사방에서 눈독을 들이는데 .",카카오웹툰,노경찬
30,지옥사원,화,"인간의 음식에 매료된 악마 쿼터, 사고로 흙수저 인간에게 빙의하다?! 능력을 모두 잃고 인간 고순무 의 몸에 갇힌 악마는, 낮은 등급 인간의 삶이 지옥에서의 삶보다 질이 떨어지자 높은 등급 인간이 되기로 결심한다. 한 편, 국내 최고의 대기업 선호 그룹 에선 학력과 경력을 보지 않는 특별 신입 사원 채용이 열리고, 악마는 식품 사업의 말단 직원으로 입사하는데 회사원이 된 악마는 무엇을 얻어가고, 주변 인간들에게 어떤 영향을 끼치게 될까? 인간처럼 생각해서 정답이 안 나올 땐, 악마처럼 행동해. 회사는 그걸 더 좋아할 거야! 세상의 부조리함을 위트 있고 날카롭게 파고드는 판타지 드라마!",카카오웹툰,네온비
31,사랑하는 존재,화,"육상 유망주였으나 급성 심장병으로 모든 것을 잃은 소유. 시한부를 선고받지만 기적적으로 심장을 기증받아 살아난다. 쌓아왔던 것을 모두 잃어버리고 또래보다 1년 늦게 고등학교로 복귀하지만 친구 관계도 꿈을 찾기도 쉽지는 않다. 그러다 2학년 새 학기, 교실에서 어떤 남자애를 보는 순간 갑자기 심장이 뛰고, 눈물이 날 것 같은데... 그날 밤 꿈에 만난 아저씨는 자신이 바로 이식받은 심장의 주인이자 오늘 처음 본 남자애의 아빠라고 소개하는 것이 아닌가? 아저씨의 아들인 재하는 가족을 모두 잃고 이 세상에 혼자라고... 소유는 아저씨의 부탁에 재하에게 응원의 메시지를 건네고, 행동 하나하나로 텅 빈 소유의 삶에 소중한 사람들이 생겨난다. 삶의 이유, 관계, 꿈. 소유는 느리지만 하나둘씩 살아가는 방법을 배워나간다.",카카오웹툰,향유 크리에이티브
32,비밀 사이,화,"가난한 어린 시절로 마음이 온통 결핍투성이인 다온. 가난의 부속품처럼 찾아오는 부끄러움에 아무렇지 않은 척 굴지만 속은 생채기로 아프다. 날을 세우고 경계하지만 한 번 마음을 내주면 누구보다 무르다. 다온은 관계를 잇지도 끊지도 못하며, 그렇게라도 자신의 옆을 채우고 싶어한다. 어쩌면 상처를 감싸줄 사람을 찾아 헤매는 걸지도 모른다. 사랑의 모양은 사람의 수만큼 다양하다. 같은 모양을 찾는 일은 수만큼이나 소용없다. 그저 서로의 모양을 쫓아 맞춰가는 게 사랑일 뿐이다. 내게도 그런 사랑이 올까?",카카오웹툰,맥퀸스튜디오
33,딩스뚱스,화,"토종 한국인 딩스와 뚱스, 타지에서 맨 땅에 헤딩하기!",카카오웹툰,딩스
34,우리집이거든요!,화,"힘든 형편으로 온갖 알바를 해야만 했던 은우. 절망의 끝에서, 돌아가신 할아버지의 커다란 게스트하우스를 상속받게 되는데! 달짝지근한 상상을 만끽하며 찾아간 게스트하우스에서 은우는 뜻밖의 거주자들이 있다는 사실을 알게 된다. 그런데 딱 봐도 얘네들이 호락호락 나갈 것 같지 않다..! 겉멋 한가득 뺀질하게 생긴 인스타 날라리. 화장을 진하게 해서 성별이 모호한 꼬마. 시대지난 힙합스타일에 눈 마주치면 욕할 것 같은 여고생. 그리고 집을 가득 채운 동물들의 주인으로 추정되는 따뜻한 미소를 지닌 남자. 은우는 정체불명의 점거인들을 내보내고 무사히 게스트하우스를 상속받을 수 있을까?",카카오웹툰,공룡
35,기프트,화,"선수들의 등급과 능력을 볼 수 있는 감독과, 선수들의 고교야구 이야기",카카오웹툰,정이리이리
36,단두 (斷頭),화,"부모님을 죽인 원수를 갚기 위해 분투하는 단영, 단린 오누이의 복수 여정 창현표국의 국주는 가족과 함께 표행을 나섰다가 그를 죽이라고 사주 받은 두 낭인에 의해 아내와 함께 끔찍하게 살해된다. 오빠인 단영은 강에 빠졌고 단린은 살인을 사주한 부국주에게 구출되어 그의 수양딸로 자라난다. 은거고수 천태환에게 구해진 단영, 하지만 그의 명을 끊을 때까지 추적을 이어가는 부국주의 자객. 단영은 가까스로 사숙을 찾아 무술을 배우고 본격적으로 복수행의 여정을 시작한다.",카카오웹툰,붉은 발
37,화폐개혁,화,"몹시 곤란한 삶을 살고 있는 주인공 유일한 . 생면부지 아버지의 부고소식을 든 변호사가 그를 방문한다. 1조원이 넘는 상속 기회와 함께 ! 상속 조건은 다가올 화폐개혁에 대비해서 자산을 지킬 수 있는지 자격을 보는 것. 그 자격은 몇 가지 테스트를 통해 검증한다. 시공사 선택, 뱅크런, 마늘은행 신뢰 등 온갖 테스트를 진행하게 되는데 . 목숨을 건 상속 테스트, 유일한은 1조원을 지켜낼 수 있을까?",카카오웹툰,윤필
38,"신성한, 이혼",화,"결혼은 아름답고 이혼은 치열하다. 누구나 지는 싸움, 이혼 소송.",카카오웹툰,강태경
39,아싸클럽,화,"캠퍼스 라이프 로망을 가진 만년 아싸 새내기 소윤 . 유명 웹툰 작가지만 학교에서는 아싸인 학과 선배 의 진짜 내 사람들 만들기 프로젝트 에 참여하게 된다. 그렇게 만들게 된 수상한 동아리 아싸클럽, 이곳에는 저마다 특별한 사연을 가진 8인의 멤버들이 모여있다. 본격! 아싸 탈출 청춘 캠퍼스 성장 로맨스, 아싸클럽",카카오웹툰,랑쓰
40,악한 기사,화,"니제르 디에스. 몬트 왕국의 왕비로서 사랑하는 왕과 영원히 행복할 줄 알았다. 하지만 왕은 그녀를 배신하고 참수형을 내리고 만다. 죽음 후, 다시 눈을 뜬 곳은 마녀 사냥터였다. 사람들은 그녀를 마녀라 부르며 죽이려 하고, 필사적으로 도망치며 니제르는 왕을 향한 복수를 다짐한다. 우연히 도착한 곳은 이웃 나라인 이그니스 제국이었다. 그곳에서 신비로운 하얀 늑대를 만나게 되고 ! 늑대의 정체는 바로 이그니스 제국의 황제인 녹스였던 것! 첫눈에 니제르에게 반한 녹스는 정체를 숨긴 채 인간과 늑대를 넘나들며 그녀를 항상 곁에서 지켜준다. 한편, 이그니스 제국과 몬트 왕국의 전쟁이 머지 않았음을 알게 된 니제르는 제국의 기사단에 입단하기로 하고 , 하지만 기사단엔 오직 남자들만 들어갈 수 있을 뿐인데 ! 니제르, 남장 기사가 되기로 다짐하다?! 과연, 니제르는 복수에 성공할 수 있을까?",카카오웹툰,글가애
41,개목걸이,화,"갖고 싶다면 뺏어라! 겉으로는 평범해 보이는 한동 고등학교. 해가 지면 혈투가 벌어지는 도박 싸움판으로 변한다. 재벌 가문의 도련님들이 만든 학생결투위원회 는 비밀 격투 대회 을 열었고, 뛰어난 파이터들이 구경거리가 되는 것을 자처하며 싸움을 계속하고 있다. 그 이유는 단지 돈. 복수의 대상을 쫓아 한동고에 뛰어든 조상백 은 눈에 보이는 일진들을 전부 박살 내며 싸이코란 별명을 얻고 모두의 관심을 끄는데... 복수를 위해 싸움을 계속해 갈수록 강해지는 상대들과 힘겨워지는 상황들. 상백의 복수는 과연 성공할 것인가?",카카오웹툰,김종욱
42,골드핸즈,화,"스타 작가의 그림을 대작하라! 그림에 재능을 가진 이그린과 타고난 배경과 노력으로 스타 작가가 된 남현. 중요한 그룹전을 앞두고 팔을 다친 남현은 자신의 작품 절반을 대신 완성해 줄 사람을 찾고 있다. 를 통해 그린의 그림을 발견한 남현은 그녀를 직접 찾아가 설득하고 프로젝트 계약을 맺는다. 두 사람이 완성한 것을 숨기고 발표한 뒤, 대중들이 그 사실을 알아차릴 수 있을지 알아보는 프로젝트. 남현은 오랜 노력으로 쌓아온 자신의 독특한 필치와 색감은 누구도 흉내 낼 수 없다고 자신한다. 남현은 자신의 탁월함을 드러내는 것이, 그린은 완벽하게 자신을 숨기는 것이 목표인 것. 서로 다른 목표를 가진 두 사람의 합작 프로젝트가 시작된다!",카카오웹툰,박하
43,대선비쇼에 어서오세요!,화,"유도 전공자 황희 의 저세상 유튜브 방송기! 취업 활동으로 유튜브 먹방을 시작한 황희는 첫 방송에서 악플러들과 다투고 방송을 망친다. 같이 유도를 하던 지수와 만나 고등학교 시절 코치님을 찾아간 황희는 병원에서 만난 방송영상과 요한 을 악플러로 오해하여 마스크를 쓰고 업어 쳐 버리고 황희의 방송을 좋게 본 요한은 황희를 스카웃하여 이황희 이황 황희 라는 이름을 해석해 대선비쇼 를 만든다. 난투극으로 인연이 시작된 동근 , 요한의 졸업작품을 훔친 해민 , 요한의 절친 선우 와 서로 얽히며 황희의 본격적인 유튜브 방송이 시작된다!",카카오웹툰,아람
44,트리거,화,"불량하기로 유명한 대명 고등학교에 입학한 평범한 고등학생 남지일. 입학 첫날부터 일진들의 타깃이 되어 전교생이 다 아는 빵셔틀이 되고 만다. 고질적인 심장병을 앓고 있던 약한 몸으로 일진들에게 폭행과 괴롭힘을 당하며 괴로운 나날을 반복하던 중, 뜻밖의 변화를 겪고 인생의 전환점을 맞이하게 되는데",카카오웹툰,불만있냥
45,해피하우스,화,행복한 삶이란 무엇인가? 자신이 불행하다고 생각하며 행복한 삶을 꿈꾸는 주인공 고덕봉 은 어릴 적 머리를 다쳐 감정이 없지만 유일하게 사람들이 놀라는 표정을 보며 희열을 느낀다. 고덕봉은 자신의 삶을 망친 주범이라고 생각하는 기업의 부장 한민구 를 놀라게 하려다 회사의 비밀을 알게 되고 그로 인해 죽음의 고비를 넘어 폐가에 숨게 된다. 마침 폐가체험을 하러온 모몽 을 귀신인척 놀라게 하여 쫓아내는데 거기서 인생최대의 희열을 느낀다. 고덕봉은 정체가 들키면 안 되지만 이슈가 된 폐가엔 사람들이 계속 찾아온다. 한민구와 고덕봉과 모몽은 각자의 행복을 찾기 위해 고군분투한다.,카카오웹툰,장삥준
46,그녀의 앵무새,화,"이상적인 남자 현실적인 남자! 꿈을 포기한 채, 매 순간 이상과 현실 사이에서 갈팡질팡하며 살고 있던 은행원 진아 는 새로 인사이동을 하게 된 지점에서 우연히 이상적인 남자 호두 와 현실적인 남자 도준 을 만나게 된다. 진아 를 중심으로 펼쳐지는 성장 로맨스 드라마 너무나도 다른 둘 사이에서 진아 는 과연 앞으로 어떤 선택을 하게 될 것인가?",카카오웹툰,금계수
47,환상의 아이들,화,"귀신이라면 지긋지긋한 태경, 저주받은 학교에서 귀신보다 위험한 놈과 엮였다",카카오웹툰,김다
48,멸종인간,화,"인간의 신체를 흡수하는 미지의 생물 번인 를 기점으로 모습을 드러내며 인류를 공격한다. 70 이상의 인간이 죽거나 끌려갔고, 터전을 빼앗긴 채 살아남은 이들은 번인들을 피해 도망친다. 온미연 일행은 마지막 희망인 민기수 를 만나 최악의 상황을 반전시킬 목적지 로 떠나게 되는데... 인류의 생존 혹은 멸종, 과연 인간은 번인들로부터 살아남을 수 있을 것인가?! 관찰인간 , 생존인간 에 이은 세 번째 이야기!",카카오웹툰,디디
49,너를 만나다,화,"평소와 다름없던 열여덟 살의 여름날. 내가 좋아하는 아이돌을 꼭 닮은 남자애가 우리 학교에 전학을 왔다고?! 반드시 너와 친해지고 말겠어! 그런데 어째 날 싫어하는 것 같단 말이지? 밀어낼 줄만 아는 재영과, 굴하지 않고 다가가는 혜원. 그리고 그 둘을 둘러싼 사람들의 이야기. 우리 모두 각자 다른 이야기를 가지고 있으며 그만큼 다른 생각을 하고 살아간다. 그 안에서 과연 정답은 무엇일까? 다양한 생각과 사정 속에서 나 자신만큼은 잃어버리지 않기를 바라며, 우연히 너를 만나 변화하는 나의 이야기.",카카오웹툰,다노아
50,악마의 편집,화,"설이 의 인터넷 방송을 보는 게 유일한 삶의 행복인 백희수 . 우연히 그녀가 참가하는 호러 특집 의 편집자로 일하게 된다. 하지만 의도치 않게 호러 특집의 또 다른 참가자 정우현 이 저지른 끔찍한 살인사건에 휘말리게 되는데... 희수는 우현으로부터 설이와 그녀의 방송을 지켜내기로 결심하지만, 호러 특집의 마지막 참가자 한묘은 에 의해 사건은 예상치 못한 방향으로 흘러가기 시작한다. 점점 밝혀지는 살인사건의 또 다른 진실! 희수는 과연 끝까지 설이를 지켜낼 수 있을까?",카카오웹툰,건초
51,뱀파이어 신드롬,화,"뱀파이어신드롬 에 감염된 후, 죽음으로부터 자유로워진 선택된 소수들의 음모? 세상 사람들 모르게 자신들의 세계를 구축한 후 검찰, 경찰은 물론이고 정치권과 언론까지 지배하는 최강의 권력자로 군림하고 있었다. 아는 사람들은 그들을 죽음 뒤의 사람들 이라 불렀다. 한편, 그들로 인해 모든 것을 잃은 단태수는 자신의 복수를 위해 최강의 팀을 꾸린다. 그리고 그들과 손을 잡고 지상최강의 피 를 지니고 태어난 피주머니 이담을 구출하기 위해 피주머니 수용소 인 레드테이블 로 향한다. 과연 단태수는 어떤 방식으로 자신의 복수를 완성하려는 것일까? 과연 단태수와 친구들의 복수는 성공할 수 있을 것인가?",카카오웹툰,이충호
52,신랑이 사라졌다,화,"톱스타 진사랑의 사라진 ? 신랑을 되찾기 위한 고군분투 러브스토리! 광고 섭외 1위, 캐스팅 섭외 1위, 몸값 1위의 대한민국 톱스타 여배우 진사랑. 그녀가 깜짝 결혼을 발표했다! 진사랑의 갑작스러운 결혼 발표에 전국이 떠들썩한 가운데, 그녀의 예비신랑 무인하가 문자만 남긴 채 돌연 사라진다! 갑작스럽게 사라진 인하를 찾기 위해 사랑은 혈안이 되고, 그를 찾는 과정에서 인하의 진짜 모습을 마주하고 충격에 휩싸인다. 인하와 엮이면서 사랑이에게 알 수 없는 일들이 일어나고 설상가상으로 그녀의 주변에 삿된 것들이 접근하기 시작하는데...!",카카오웹툰,방자
53,닥터 파인의 하루,화,"세상에 존재하지만 어느 누구도 기억하지는 못하는 존재. 이조은 은 죽음을 맞이한 사람의 몸에서 나오는 작은 빛을 수거하여 에어트랙을 통해 우주 어딘가로 보내는 영혼수거원이다. 그의 담당 구역은 동부 가 3 지역. 어느 날 지역의 경계에서 옆 지역 담당의 여인 연화 를 만나고, 세상에서 서로만 기억하는 두 사람은 연인으로 발전한다. 한편, 죽음을 앞둔 일부 주변 사람이 그들을 기억하자, 남은 시간동안 감정적 관계를 나누고 지내며 이전과는 다른 일상의 이야기가 펼쳐진다. 조은과 연화의 사랑은 불멸의 존재인 둘의 생애처럼 영원할 것인가. 조은을 기억하는 주변 사람들은 어떤 죽음을 맞이하게 될까",카카오웹툰,김용회
54,유부녀 킬러,수,"육아휴직을 마치고 회사로 돌아간 5년차 유부녀 유보나. 보나는 저격총을 쥔 채 호텔에 있는 타깃을 향해 총구를 겨눈다. 탕! 복귀 후 첫 미팅은 암살업무, 보나는 유부녀 킬러 이다. 보나는 자신의 딸 율이와 시어머니가 운영하는 치킨집을 찾았는데, 테이블 뒤편에서 고아인 보나를 험담하는 시어머니의 소리가 들린다. 어느 날, 시어머니 옥선자와 보나의 첫째 시누이 순일은 월세를 올리지 않는 고마운 건물주에게 선물을 보내기로 한다. 밤이 되고 세입자가 선물을 보냈다는 문자 한 통을 받은 보나! 웃으며 월세를 동결하겠다고 말한 후 일상을 이어간다. 한편 현장에 도착한 형사들은 희대의 암살자 킹피셔 가 돌아왔다는 것을 눈치 챈다. 보나의 남편인 태성에게 상사인 낫투데이 신문사의 우국장은 킹피셔에 관해 알아오는 지시를 던지는데...",카카오웹툰,YOON
55,말하지 말까,수,첫사랑의 향기를 다시 기억하고 싶은 한마리 와 향기 나는 남자 길은수 가 서로 필요로 하는 이야기.,카카오웹툰,마루
56,칼집의 아이,수,"난쟁이 할아버지와 낚시를 즐기고 세상을 떠돌며 나름 행복하게 살아가던 주인공 비라 . 어느 날 할아버지는 비라에게 북쪽 끝에 있는 숲으로 가서 자신을 기다리라는 말을 남긴 채 어디론가 다급히 사라진다. 평소 절대로 사람들의 인생에서 끼어들지도, 호의를 받지도 말라던 할아버지의 가르침을 가슴에 담아둔 채, 비라는 곰 가족 보로 와 사람의 손길이 닿지 않는 깊은 숲속에서 꿋꿋하게 살아간다. 어느 날 계곡에서 낚시를 하던 비라는 북천마교에 쫓겨 위기에 빠진 탄유 라고 불리는 청년과 마주치게 되고, 자신과는 다르게 자신의 목숨이 위태로운 상황에서도 비라를 챙기는 탄유의 모습에서 옛 할아버지의 모습을 보게 된다.",카카오웹툰,김형민
57,블랙 베히모스,수,"태초에 세 명의 신이 있었다. 땅의 베히모스, 바다의 레비야탄, 하늘의 즈가. 그러나 베히모스와 레비야탄은 서로를 증오하였고 사투 끝에 둘다 죽게 된다. 이를 지켜본 즈가가 눈물을 흘렸고, 그 눈물이 탈리스라는 신비한 힘을 가진 광석이 공존하는 세상을 탄생시킨다. 이 탈리스를 두고 분쟁이 끊이지 않는 두 나라 이리스타와 폴만. 이리스타는 자원의 발굴과 관리를 위해 탈리스만 시험을 개최한다. 시험에 참가한 주인공들은 자신들의 과거와 마주하게 되고, 고통의 기억은 자꾸만 링클레터와 윙첼의 발목을 붙잡아 그들이 미래로 나아가지 못하도록 하는데... 과학적 원리가 곁들어진 판타지 세계관 속에서 주인공의 내적인 성장을 그리는 철학적이며 서사적인 이야기",카카오웹툰,케이지콘
58,금수친구들,수,"평범한 나무꾼, 금수 네 마리의 집사가 되다! 고요한 아침의 나라 조선, 어느 작은 마을 외딴 곳에 허름한 초갓집을 짓고 개 한 마리를 키우며 어머니와 살고 있는 나무꾼. 가난했지만 평화로운 삶을 살던 그 앞에 나타난 회색 아기 고양이...? 그리고 곧 나타난 비둘기와 하얀 쥐까지! 졸지에 네 마리의 집사가 된 나무꾼. 그런데 알고보니 조선의 공주가 키우던 왕실 혈통 고양이?! 그리고 회색 아기 고양이를 둘러싼 거대한 음모까지! 평화로웠던 삶의 나무꾼은 이제 잊어야 한다. 왕을 해하려는 악의 세력을 무찔러야 한다! 금수친구들과 벌이는 좌충우돌 사건의 소용돌이 속에서 과연 나무꾼은 조선을 구할 수 있을 것인가?!",카카오웹툰,짤태식
59,하나하나둘,수,"언제나 날 찾아냈던 네가 이번에도 날 알아볼 수 있을까? 25살 사회 초년생 란이에게 어느 날 3명의 ? 남자가 동시에 찾아온다. 어릴 적 같이 살았지만 미국으로 갔던 쌍둥이 형제 둘. 그리고, 자신이 미래의 남편이라고 주장하는 유령 하나. 그런데 그 유령이 쌍둥이 형제 중 하나라고?! 미래에서 사고를 당해 과거로 튕겨오면서 기억을 잃어 자신이 쌍둥이 중 누구인지 모른다니?! 10년 후 미래에서 현재로 타임 슬립한 유령 이 된 남편과 만나면서 생기는 로맨스 판타지.",카카오웹툰,고은
60,CELL,수,"어느 날 생긴 초능력. 희망 없는 청춘에게 힘이 생겼다! 모든 친구들이 선망하는 부유한 학생회장 상우. 아버지의 사업 실패와 연이은 부모님의 죽음으로 상우네 집안은 풍비박산이 난다. 홀로 남은 상우는 나름대로 성실하게 살아보려고 하지만 예상치 못한 교통사고가 발생하고, 누군가 상우에게 정체 모를 약을 투입하는데 . 그날 이후 상우는 엄청난 괴력과 함께 알 수 없는 능력을 얻게 된다! 이 엄청난 힘을 활용해 돈 벌 궁리를 해보지만, 배터리 충전 말곤 쓸모도 없는 쓰레기 같은 힘이다. 그러나 그 힘이 상우의 욕망을 충전하는 순간, 돌이킬 수 없는 소용돌이에 빠져 드는데 !",카카오웹툰,강형규
61,쌍갑포차,수,"예상치 못한 시간, 예상치 못한 장소에 나타나는 쌍갑포차! 쌍갑포차를 운영하는 월주는 과연 누구일까? 쌍갑포차에 찾아오는 다양한 손님들의 감동적인 이야기! 한국 전통 신화 이승과 저승을, 꿈의 세계 그승과 함께 재창조한 세계관으로, 덤덤하게 써 내려진 깊이 있는 사람들의 사연 속 조선 시대부터 현대까지 폭넓은 시대 배경을 가지는 각각의 에피소드가 거미줄처럼 서로 인연이 얽혀있는 주인공들의 각각의 인생 이야기를 통해 잔잔하게 위로를 받을 수 있는 힐링 웹툰 쌍갑포차에 여러분도 들려보시겠습니까?",카카오웹툰,배혜수
62,21’ LCK 서머 : Summer is Coming,수,2021년 서머 스플릿 공식 웹툰! 매주 핫한 경기 리뷰와 비하인드 스토리 대방출!,카카오웹툰,빛돌
63,천광명월,수,강자만이 살아남는 무림전국시대. 전쟁노예 천광과 중원제일의 기생 명월의 무림 생존기를 그린 가족 무협 액션 드라마.,카카오웹툰,석빈
64,구원,수,"인류사회의 문제 해결을 위해 만들어진 복제인간 카피! 그들은 빠른 속도로 사회에 퍼져 인간들과 조화를 이루었지만 어느 순간부터 인간들의 공격과 미움을 받기 시작했다. 한편, 삶을 살아가는 이유와 목적을 잃어버린 암살자 동언은 어느 날 생사의 기로에서 카피인 미나를 만난다. 삶에 대한 의지를 찾고, 그녀에 대한 사랑으로 다시 일어서게 된다. 동언이 속해 있던 암살조직, 카피를 타겟으로 폭발하는 사회, 그리고 암흑 속에서 이를 조장하는 지배세력과 이에 맞서는 레지스탕스 세력이 얽혀 벌어지는 치열한 사투! 그 속에서 동언과 미나는 서로밖에 의지할 수 없는 존재로서 사랑에 빠지고 점점 더 거대한 위험을 마주하게 되는데 동언과 미나, 서로의 존재는 구원이 될 것인가. 그리고 인간들에게 진정한 구원이란 무엇인가.",카카오웹툰,Axis
65,후크,수,"마법사들의 수호 아래 평화를 유지하고 있는 대륙 네버랜딩 . 하지만 갑작스럽게 등장한 천공대륙 신국 라바돈 의 침공에 네버랜딩은 정복당하게 된다. 그 후 네버랜딩은 신국의 차별과 억압에 시달렸고, 네버랜딩의 수호자들이었던 마법사들 역시 신국의 압도적인 군사력에 도망치게 된다. 그렇게 네버랜딩의 희망이 사라져가던 그 때..! 7년 전 사라진 10명의 혁명단체 서북의 바람 과 그들의 수장 후크 가 대 감옥을 탈출하고 세상으로 나온다. 혼자서 한 나라를 상대할 정도의 능력을 갖춘 후크 . 하지만 7년 동안 모든 능력을 잃은 그는 지금은 뿔뿔이 흩어진 10명의 동료들을 모아 신국 라바돈을 향한 혁명을 시작하려 하는데..!",카카오웹툰,나진수
66,좋아하면 울리는,수,지금 당신의 반경 10 안에 당신을 좋아하는 사람이 있습니다,카카오웹툰,천계영
67,미드나잇 블루,수,"특출난 손재주와 예술적 재능을 가진 오리온! 유복한 환경에서 태어나 성장한 라미르! 미르는 어렸을 때부터 알고 지낸 리온에게 애틋함을 갖지만, 어떤 이유에서인지 리온은 미르의 진심을 거절하기만 한다. 시간이 흘러 성인이 되고, 재회한 두 사람. 연예인이 된 미르는 작가가 된 리온의 호감을 얻기 위해, 친한 동생인 윤다솜을 전령으로 삼아 마음을 전달하지만 의도를 가지고 접근하는 다솜을 냉정하게 밀어내는 리온. 마주치고 부딪칠수록 둘의 관계는 점점 엉켜가는데.. 꿈을 좇는 남자 , 오리온과 쟁취하려는 여자 , 라미르. 현실과 이상을 둔 자존심 싸움에서 이들은 각자 어떤 선택을 하게 될 것인가?",카카오웹툰,보보군
68,이미테이션,수,"나는 진짜 를 꿈꿉니다. 약육강식과도 같은 연예계. 그곳에서 탑스타와 닮은 이미지로 간신히 발을 걸치고 있던 마하는 천우신조로 인기 방송 프로그램에 출연하는 기회를 얻게 된다. 어떻게든 대중들에게 눈도장을 찍기 위해 최선을 다하지만 결과는아이돌 그룹 샥스의 멤버를 다치게 만드는 걸로 끝이 나고 만다. 그저 열심히 했던 것뿐인데, 왜 이렇게 돼버린 걸까? 탑스타의 짝퉁 이미지인 마하가 자기 정체성을 찾아 진짜 가 되는 이야기.",카카오웹툰,박경란
69,죽어도! 치우,수,죽어도! 죽지 않고 더 강해지는 치우의 성장 모험기! 용병들이 득세하는 세상. 용병이 되기 위해 준비 중인 치우에게 어릴 적 같이 수련하던 메이가 찾아온다. 그녀의 부탁으로 치우는 주머니에 든 물건을 모래의 끝으로 전달하기 위해 마을을 떠나는데... 여정 중에 일련의 사건들을 겪으면서 자신에게 특별한 능력이 있다는 것을 발견하게 되는 치우. 그것은 바로 죽어도 죽지 않고 더 강해지는 능력! 한편 치우가 가진 주머니 속 물건을 노리는 세력들이 등장하고 치우 역시 주머니 속의 물건을 정체를 알게 되며 점차 더 큰 싸움에 휘말리게 되는데...!,카카오웹툰,만백
70,방구석 여포,수,방구석에서만큼은 천하무쌍! 찐따고딩 여포의 숨겨진 능력이 깨어난다! 인터넷에서 적토마18 로 활동 중인 고등학생 여포. 악명높은 키보드 워리어인 그는 슈퍼베어 라는 유저와 키보드 배틀을 벌이다가 다니는 학교를 적는 실수를 하게 된다. 선망의 대상인 학생회장을 사칭하며 여포가 쓴 과거의 게시글들을 보고 적토마18이 학생회장이라 생각한 슈퍼베어가 여포를 응징하기 위해 학교에 찾아오는 사건이 벌어진다. 어찌어찌 위기를 넘겼지만 이로 인해 자신이 적토마18이라는 사실을 한 일진에게 들켜버리고 약점을 잡힌 여포는 빵셔틀로 전락하게 된 것도 모자라 일진들의 술파티 장소로 자신의 빈집을 강제로 내어주게 되었지만 여포에게는 집 근처에서만 발휘되는 신기한 초능력을 지니고 있었으니....,카카오웹툰,키미하이
71,악녀의 탄생,수,"지옥에 떨어질 악녀라 손가락질 받는 그녀의 앞에 나타난 세 명의 남자! 첫 번째, 변방의 왕족으로 부와 권력을 가진 마르몽텔 공작 두 번째, 영국에서 프랑스로 유학 온 젊고 잘생긴 로한 백작 세 번째, 그녀의 영혼을 탐내는 악마 아즈라일까지. 이 세 명의 남자들을 이용해 원하는 것을 얻어내는 능력을 가진 똑똑한 그녀지만 남편인 마르몽텔 공작에 의해 좌절되는 욕망과 함께 고통스러운 결혼 생활에 환멸을 느끼기 시작한다. 그와 동시에 자신을 사랑하는 로한 백작과 자신의 모든 걸 알고 이해하는 악마 아즈라일한테 묘한 감정들을 느끼게 되는데.. 우연한 계기로 전생의 기억까지 되찾으면서 혼란에 휩싸이기 시작한 그녀의 운명은?",카카오웹툰,TB
72,저승사자 온라인,수,"뇌파를 이용하여 직접 체험하듯 즐기는 게임 월드 피아 ! 새로운 시대에 관심 없는 꼰대 저승사자는 게임 중 심장마비로 죽은 소녀 최아진의 영혼을 인도하려 한다. 하지만 저승사자가 찾아낸 그녀의 육체엔 이미 영혼이 사라졌는데..! 500년이 넘는 세월 동안 인간에게 속으며 고통받았던 저승사자는 인간이 또 무슨 짓거리를 한 것인가 당황해하고, 그때 이상한 쇠사슬이 튀어나와 그를 묶고 강제로 월드 피아에 끌려가게 된다. 인간을 극혐하고 게임을 전혀 모르는 저승사자에겐 낯선 판타지 세계! 저승사자는 이 이상한 곳을 탈출할 수 있을까?",카카오웹툰,쑨
73,수린당 -비늘 고치는 집-,수,이런게 축복이라고? 운명을 바꾸기 위한 자매의 여정! 수린당의 역사는 먼 옛날 봉황의 비늘을 찾아준 자매에게서 시작된다. 봉황은 자매에게 각각 마르지 않는 재능과 성군을 낳을 운명을 축복으로 내렸고 그 축복은 대대로 이어져 현재 수린당 자매에게 이른다. 천재적인 바느질 실력을 갖췄지만 영수들이 무서운 장녀 은침과 비혼주의자이지만 성군의 탄생을 위해 결혼을 종용받는 동생 홍실 이들은 자신들의 운명이 저주스럽다. 그런 자매 앞에 비늘을 다친 도망자 봉이 나타나게 되고 비늘을 고쳐주는 대가로 동생의 축복을 풀어준다는 약속을 받아낸 은침은 그와 함께 신비롭고 로맨틱한 여정을 떠나게 되는데... 과연 자매는 모든 유혹과 역경을 물리치고 축복 풀기에 성공할 수 있을까?!,카카오웹툰,일링스
74,두번째 썸,수,"중2 때 잠시 사귀었던 희수와 소리. 순수했던 희수의 마음을 받기에는 많이 미숙했던 소리였다. 결국 희수에게 상처만 입힌 채 둘은 헤어진다. 시간은 흘러 20대에 접어든 두 사람. 이들은 우연히 다시 재회하게 되는데 . 좋아서, 다시 만난 게. 희수를 본 순간 심장이 다시 뛰기 시작한다. 희수의 행동도 심상치 않다. 썸인 듯 아닌 듯한 관계에 희수에 대한 소리의 마음이 커져간다. 어렸던 자신으로 인해 어긋났던 희수와의 관계. 이번엔 내가 먼저 다가갈 거야. 내가 고백할거야 용기를 낸 그 순간, 전 남친의 한 마디. 나 여친 있는데?",카카오웹툰,비아이
75,소쩍이 운다,수,"생을 찾아 세상으로 나온 여자, 여자를 쫓는 무리, 그리고 여자를 지키려는 보디가드",카카오웹툰,박흥용
76,우리가 사랑하는 방법,수,그녀의 마음을 얻기 위해 아이돌 덕질에 뛰어들다!,카카오웹툰,기비
77,아버지의 복수는 끝이 없어라,수,"30년 간 묵혀있던 비극이 복수로 깨어났다 . 도훈은 치매에 걸린 할머니 소식을 듣고 내려간 시골집에서 30년 간 지하창고에 감금되어 있던 아버지 영춘 을 발견한다. 영춘에게 잘 보여 할머니 집을 물려 받으려하는 도훈. 하지만 영춘은 오히려 도훈의 가족에게 해코지를 하려는데. 아버지는 왜 할머니에 의해 30년 동안이나 감금되었을까? 30년 전 이 마을에는 무슨 일이 있었던 것일까? 베일에 싸인 끔찍했던 사건들과 하나 둘 씩 밝혀지기 시작하는 비극의 실체, 그리고 그 일에 얽힌 사람들의 원한과 복수가 시작된다!",카카오웹툰,강태진
78,조국이 당신을 원한다,수,"집 떠나 열차 타고 훈련소로 가는 길... 내겐 없을 줄 알았다. 올해는 헤어지길 기도하고 기도했지만 금술 좋은 견우직녀 헤어질 기미가 안 보인다. 결국 코 앞까지 다가온 오작교 대대 입대 날. 조까치 앞에 펼쳐진 조까튼 현실, 더 이상 견우직녀 발닦개로 살 수 없어! 사나이 가슴에 손을 얹고 맹세한다! 내 기필코 오작교를 없애고야 말테다! 견우와 직녀의 연애질을 위한 까치와 까마귀들의 지옥훈련 조국이 당신을 원한다",카카오웹툰,숭어
79,키스해주세요,수,치료차원 ? 으로 키스를 해달라고요?! 엘오디 그룹의 말단 계약직 사원 지순애 는 지속되는 선배들의 만행에 퇴사를 결심하는데 자신의 팀장에게 뜻밖의 제안을 받게 된다. 단 3개월 간 매일 아침 비밀 키스! 엘오디 그룹의 엘리트인 강진국 은 키스 못하면 죽는 희귀병을 앓고 있지만 키스는 반드시 사랑하는 사람과 해야 한다는 신념 하나로 약에 의존하며 살고 있다. 치료 차원이니 도와주세요. 저도 당신을 돕겠습니다. 알게 모르게 자신을 도와주던 진국의 부탁을 거절하기 어려운 순애. 과연 순애는 진국과 무탈하게 직장 생활을 이어갈 수 있을까?!,카카오웹툰,한지혜
80,샬롯에게는 다섯 명의 제자가 있다,목,세상을 구한 위대한 대마법사 샬롯 엘레노어 생애 마지막 마법을 시전하고 눈을 감는다. 하지만 이게 웬일? 다시 눈을 떠보니 뜬금없이 어린아이가 되어버렸다! 마법은 스스로의 마음에서 시작되고 그 바람을 이루어 주는 것. 죽음을 앞둔 샬롯의 유일한 아쉬움은 바로 사랑 ?! 고되었던 대마법사의 삶과 다섯 제자들을 뒤로하고 아리아 리센 이란 이름으로 제2의 삶을 살아가기로 한다. 하지만 자신이 사라진 이후 제자들의 행적에 대한 소문들이 심상치 않은데 ? 스승님만을 찾아 헤매는 다섯 제자들과 다시금 드리우는 재앙의 그림자. 샬롯은 과연 사랑을 찾을 수 있을까?,카카오웹툰,용용
81,블랙윈터,목,"조선 후기, 백송골이라는 시골 마을에 사는 13세 소녀 설해사. 친척과의 갈등으로 오래된 폐가를 우연히 들어가는데, 그곳에서 수상한 한 남자, 유안을 만나게 된다. 그는 산 사람보다는 죽은 사람에 더 가까운 존재였다. 소중한 사람들을 잃고 외로운 유년 시절을 보내기를 10년, 잃어버린 줄 알았던 해사의 친구들이 돌아왔고 수상한 그 남자의 비밀을 알게 되었다. 그리고 모든 기억이 돌아왔을 때, 우리는 또다시 죄를 지어야만 했다. 이제는 죄로 뒤덮인 차갑고 어두운 겨울을 벗어나, 따뜻하고 새하얀 겨울을 맞을 수 있길 .",카카오웹툰,정이나
82,프레너미,목,"하늘 아래 두개의 태양은 없...있다?! 세계가 주목하는 테니스 천재 강산 은 전학 첫날 테니스를 그저 취미로 즐기는 주신이 를 만나게 된다. 가벼운 마음으로 신청한 대결의 결과는 강산 인생의 최대 굴욕적인 패배. 타고난 재능으로 무패 행진을 거듭했던 강산 의 오만한 콧대는 산산조각이 난다. 설욕을 다짐한 강산 의 주신이 를 향한 집착은 날이 갈수록 커지는데... 힘과 스피드로 상대를 짓누르는 파워 테니스 플레이어 강산 , 그리고 지략과 컨트롤로 상대 약점을 파는 주신이 ! 전혀 다른 색깔을 지닌 두 명의 천재가 만났다! 1년 뒤 그 날 의 있을 시합에서 과연 승자는 누가 될 것인가?!",카카오웹툰,돌석
83,러브 스트리밍,목,"어느 기업 사장님의 아들이자 의대생 인턴으로 자신을 소개하는 남자, 감도건. 사실 그는 거짓말로 여자들을 유혹한 후, 돈을 빌리고 잠적하는 20대 백수이다. 돈 많아 보이는 여자를 발견, 감도건은 여자에게 접근했고 여자는 쉽게 걸려들었다. 취업하지 않고 여자들의 등을 처먹고 사는 쉬운 인생 하지만 걸려든 여자는 남자들에게 순위를 매겨 연락처를 수집하는 음탕의 끝판왕, 오나희였다. 감도건은 평소와 다르게 신중한 작업으로, 서서히 오나희의 .1까지 올라가는데 . 적은 돈을 위해 음탕의 늪에 빠져든 감도건, 빠져나가기엔 불길은 걷잡을 수 없이 커졌다!",카카오웹툰,마영신
84,뽀짜툰,목,"가난한 자취초년생이던 2003년 봄날, 예기치않게 두 아기고양이, 뽀또와 짜구가 내게 왔다. 주변에선 네 형편에 무슨 고양이냐 며 모두 만류하지만, 이미 내게 온 두 생명을 최선을 다해 지키고싶다. 그리고 이듬해, 지인의 회사창고에서 발견된 꼬물이 쪼꼬는 잠시 임시보호만 해주려다 결국 셋째로 눌러앉는다. 자취생활을 청산하여 부모님이 계신 집으로 돌아온 후 하나 둘 고양이가족은 더 늘어난다. 담벼락위에서 구해달라 울어대던 포비, 골목길 한켠 아이스박스에서 발견한 꼬물이 봉구와 똥국자, 동네 운동장에서 뜬금없이 만난 해맑은 꽁지. 그들과 만나고 살아가고 헤어지고... 십수 년, 그렇게 이어지는 삶의 이야기",카카오웹툰,유리
85,신의 태궁,목,"신의 아이를 낳아 기르는 여인과 그를 사랑한 도깨비의 이야기! 신들의 궁전인 태궁 그리고 신의 아이를 낳아 기르는 여인인 수영이 살고 있다 이곳에서 나고 자란 신의 아이는 장성하여 인간세상으로 내려간 후 세상사람들의 소원과 억울함을 풀어주는 무당이 된다. 신의 아이 외에도 태궁의 수발을 드는 도깨비들이 있었지만 이들과는 말할 수도, 가깝게 지낼 수도 없었기 때문에 수영은 신의 아이가 떠나고 나면 늘 혼자 아이들을 추억하는 것으로 일상을 보내곤 했다. 내려보낸 신의 아이 또한 자신에 대한 기억을 잊는 데다 두 번 다시 만날 수 없었기 때문이었다. 그날도 홀로 생각에 잠긴 수영에게 어느 날 갑자기 한 신의 아이가 찾아온다. 그것도 자신을 기억하는 채로.",카카오웹툰,해소금
86,관존 이강진,목,미친놈인가? 아니면 흔한 관심종자인가? 사람의 다름을 이해 못 하는 제자 이강진. 그리고 그걸 이해시켜주고자 하는 스승 곽노. 두 사제 의 따뜻한 휴먼스토리.,카카오웹툰,노경찬
87,재벌과의 인터뷰,목,"재벌 납치 감금물 웹소설 작가, 재벌남의 은인이 되다?! 동시에 재벌녀의 최애 작가가 되다!? 폭풍우가 치던 어느 날, 재벌 3세 양서준과의 극적인 만남을 시작으로 알바를 병행하는 웹소설 작가 지은의 인생에 재벌들이 꼬이기 시작한다. 재벌 로맨스 작가라는 자신의 정체를 진짜 재벌에게 들키고 싶지 않다는 일념으로 비밀을 사수하는 지은. 그런 지은을 두고 양서준, 양서정 두 재벌 남매의 상상 초월 클리셰 박살 기행 대잔치가 벌어진다 !",카카오웹툰,우다
88,도깨비언덕에 왜 왔니?,목,"엄마, 아빠 없는 집에 그 녀석들이 나타나기 시작한다?",카카오웹툰,김용회
89,침묵의 정원,목,이번 생은 온전히 나를 위해 쓸 거야! 나는 생전에 누군가의 아내이자 어머니로서 헌신하며 살았다. 사랑하지는 않았지만 존경했던 남편 나와는 피 한 방울 섞이지 않았으나 사랑해 마지않던 딸 두 사람은 내 세계를 이루는 전부였다. 분명 그랬었는데. 난 그저 내 딸과 가정을 돌볼 여자가 필요했어. 연고 없는 너는 내게 장난감일 뿐이야. 두 사람이 죽고나서야 나는 비로소 내 세계가 뒤틀렸다는 걸 알았다. 평생 남을 위해 살다가 두 번째로 주어진 삶. 그러니 이제는 너희 차례야.,카카오웹툰,염라
90,나를 지켜줘,목,"연쇄 살인사건의 5번째 피해자가 발생하고, 형사들은 유일한 목격자를 찾아내는데 목격자인 도준혁이 재벌3세라고? 가족 몰래 엄마의 죽음을 조사하다 마주친 놈이 연쇄 살인범이란 걸 알게 된 준혁. 돌 아이 같은 강해라 형사의 집착에 미칠 것 같은 그 순간, 진짜 살인마를 마주한다 ! 하지만 증거 하나 남기지 않고 사라진 살인마. 수사는 진척이 없고, 준혁의 신변보호까지 맡게되자 해라는 준혁을 미끼로 살인마를 잡을 계획을 세운다. 재벌 3세의 비서로 위장출근, 그를 지키고 살인마를 잡아야만 한다!",카카오웹툰,동남
91,시간이 머문 집,목,"학대받아온 소녀와 아무것도 없는 세상에서 살아온 성격 더러운 아저씨가 만나다. 모든 법칙과 개념이 재창조된 새하얀 세상 한 때 세상을 구한 전설적인 용사 아델 의 세상 속에 부모에게 버림받고 지옥같은 삶을 살아온 노예 소녀 리베 가 찾아온다. 투닥거리기만 하는 둘. 이 둘 앞에 나타난 수수께끼의 인물 다루다루 . 무채색으로 가득한 아델의 삶 속에, 서툴지만 강렬한 리베의 색이 스며들기 시작한다. 이 셋이 만남은 과연 우연일까? 아니면 누군가의 의도일까?",카카오웹툰,헤고
92,쑥,목,"나 서울 떠나. 지금 서울역. 한 통의 문자만 남긴 채 홀연히 떠난 여자, 쑥 그녀를 쫓아 한 자리에 모이게 된 네 남자는 사랑일지 경쟁심일지 모를 감정에 이끌려 기차에 몸을 싣는다. 네 명의 기억 속 완벽하리만치 아름답고 매력적이지만 어딘가 서늘하게 모호한 그 여자. 물음표투성이인 기억을 맞추며 찾아가는 쑥 이라는 존재. 한편, 예기치 못한 일들을 함께 겪고 헤쳐나가며 경쟁관계의 네 남자는 점점 전우애 같은 어이없는 감정을 느낀다. 그런데 어쩐지 쑥의 행방을 알아갈수록 네 남자는 표정이 어두워지는 듯하는데 . 과연 그녀가 떠난 이유는 무엇이고 그들이 여정을 통해 알게 되는 것은 무엇일까?",카카오웹툰,문홍조
93,록산,목,"격동의 19세기 말, 귀족 셸 가문 남작 부부가 살해되고, 부모의 죽음으로 큰 충격과 실의에 빠진 아들 막시밀리안 . 장례식을 치르고 돌아온 날 어머니가 고용한 신비롭지만 수상한 가정교사 록산 을 만나는데... 마법을 사용하여 자신을 위험에서 구한 그녀에게 점차 묘한 끌림을 느끼는 막시밀리안. 록산이 불멸자이며, 붉은 가슴 을 지닌 상대에게 영생을 줄 수 있다는 것을 알게 되고, 그녀에게 점점 더 빠져든다. 하지만 일련의 사건 속에서 집착하는 록산의 모습을 보며 그녀가 천사가 아닐 수 있다는 의심과 악마성에 대한 강한 거부감을 느낀다. 그럼에도 막시밀리안은 자신이 록산의 운명의 상대인 붉은 가슴 임을 직감하고 그녀에게 향하는 마음을 멈추지 못하는데...!",카카오웹툰,백작
94,함께 춤을,목,"댄스스포츠 서바이벌 오디션으로 화려한 재기를 꿈꾸지만 첫날부터 아무에게도 선택받지 못한 아영. 게다가 자신이 선택한 사람은 바로 자신을 배신한 전남친 준수였다! 설상가상으로 자신을 뒷담화 한 시원과 한 팀이 되는 아영. 컨셉부터 의상까지 맞는 게 하나 없는 시원과 걱정스럽게 춤을 맞춰보는데, 함께 할수록 그동안 몰랐던 자신의 실력을 알게 된다. 강력한 우승후보로 떠오르는 아영과 심사위원의 극찬을 받는 라이벌 서희. 목표는 댄스 위드 미 우승! 아영은 화려한 재기에 성공할 수 있을까?",카카오웹툰,도연
95,시월드 게임 -please save my husband-,목,"완벽한 이상형인 남편. 로맨틱한 웨딩 데이. 꽉 찬 행복으로 가득한 신혼생활 이 펼쳐질 줄 알았는데 내 결혼의 장르가 로맨스가 아니라 판타지였어?!! 하하하하하하하!!! 결혼하니 별일이 다 생기네. 벗어날 수 없는 인생의 굴레 이 미친 결혼은 어떤 엔딩을 향해 질주하는가! 나의 남편 여운이를 지키기 위해, 그리고 잃어버린 나의 미래를 열기 위해, 지금부터 이 결혼과 시댁은 내가 지배한다! , 시월드 게임",카카오웹툰,송백
96,저기요 손님,목,"성격도 다르고 취향도 다른 개성 넘치는 친구 4명이 겁도 없이 카페 창업에 뛰어 들었다! 회사 내 부조리로 백수가 된 조아 . 성공과 사랑에 목마른 현우 . 그림책 작가가 꿈인 아연 . 자신의 삶에 재미가 없는 금수저 서주 . 처음엔 열정 만으로 가게 운영을 할 수 있을거라고 생각했지만 예상하지 못한 사건들은 여기저기서 튀어나오고, 설상가상 시간이 흐를수록 각자가 원하는 목적이 달라지게 된다. 모든게 잘 맞았던 친구였던 때와 달리 같은 일을 하면서 몰랐던 서로의 내면을 알게 되고, 친구들의 우정에 위기가 찾아 온다. 도전하고 실패하고 때로는 싸우면서 서로를 이해하려고 노력하는 친구들의 모습을 그린 이야기",카카오웹툰,강소소
97,울화통 고등학교,목,"어릴 적 잘못 먹은 보약으로 머리가 하얗게 세버린 17세 김쌍용은 아버지와 산에서 닭을 키우며 소박하게 살고 있었다. 친구들로부터 종종 산에서 산다 며 놀림당하던 그는 시내로 이사 가고 싶다는 꿈을 갖고 있지만 집안의 형편상 쉽지 않은 일이었다. 어느 날 시내 한 마트의 할인 전단이 우편으로 날아온다. 그 길로 아버지와 장을 보러 나갔다가 복권을 구입하는데, 덜컥 1등에 당첨이 돼버리고 만다! 생각지도 않게 서울로 이사를 가게 된 부자. 쌍용은 촌스러움을 들키지 않으려 새 옷을 빼입고 등굣길에 나서보는데, 그 앞에 운명처럼 나타난 이들이 있었으니",카카오웹툰,박세가
98,26번째 살인,목,"여기 자신의 죄 의 기억을 잊은 사람 이 있다. 죄와 벌. 그는 이제 어떻게 살아가야 하는가? 자신의 죄를 기억하면 사형집행장으로 가야 한다. 자신의 죄를 기억하지 못하면 평생을 죄책감에 시달려야 한다. 그는 이 지옥에서 벗어날 수 없다. 이것이 신이 그에게 내릴 형벌이다! 사형 집행 1 수많은 사람들을 무참히 살해한 전대미문의 연쇄 살인마 살아있는 악마 장필두. 대한민국에서 오래토록 집행 되지 않은 사형을 부활시킨 장본인. 그런데, 식당에서 미끄러져 뇌진탕으로 혼수상태에 빠지고 만다. 아무것도 기억하지 못하는 사형수 내일이 사형 집행일인데 ! 사형이 두려워 연기를 하는 것이 아닐까? 죄수가 자신은 물론, 자신이 저지른 죄까지 모른다면? 그의 사형을 위해 기억을 되살려야 하는 상황이 벌어지고... 장필두. 그는 정말 기억을 잃은 것일까? 아니면 사형 회피를 위한 고도의 거짓말을 하고 있는 것일까?",카카오웹툰,수오
99,논현동 장사꾼,목,"장사 몇 번 망해봤어? 젊은 패기로 시작했던 장사를 4번이나 말아먹고 빚더미에 나앉게 된 27세 청년 성광수 . 이제 정말 끝인가 싶었는데, 마지막 기회가 찾아온다. 영동시장에서 장사의 신 으로 불리는 짬뽕집 사장님. 그 밑에서 한 수 배워보려 하는데...... 제자같은 거 안 키우니까 꺼지라고! 이 할머니...성격이 심상치 않다? 하지만 절대 포기하지 않을거야! 과연 비법 짬뽕 레시피를 배워 이번만큼은 성공할 수 있을까? 장사 초보의 고군분투 자영업 생존기!",카카오웹툰,김영현
100,스타의 학교생활,목,"아역배우로 연예계 생활을 시작해 승승장구 하던 영은, 어느 날 국민 비호감으로 낙인 찍히게 되는데... 사건 이후 마음의 문을 닫은 채 고등학교 생활을 시작한 어느 날 어릴 때부터 알고 지내던 예능국 의 제안으로 스타의 학교생활 이란 관찰형 예능에 출연하기로 결심한다. 그러나 함께 출연한 찬민과 같은 반 친구 이은아로 인해 촬영은 순탄하지 않고, 아직 마음의 문을 열지 않은 영은은 아이들과 지내는 학교생활조차 어렵다. 영은은 스타의 학교생활 을 통해 무사히 연예계를 복귀할 수 있을까?",카카오웹툰,올챙구리
101,살어리랏다,목,"강원랜드 카지노 근방에서 전당포를 운영하는 김청산. 그의 유일한 취미는 낚시. 다른 전당포 사장들에 비해 어리지만 제일 독하기로 유명하다. 전당포 회장을 맡고 있는 곽기용은 청산을 의심하기 시작했고, 자신을 옭아매려는 걸 알아챈 청산은 곽 회장에게 맞서기로 결심한다! 한편 강원도 산 끝에 위치하고 있는 살어리 마을 그곳에선 교수가 은밀히 제조한 약을 완성하기 위해 주민들을 생체실험까지 강행하며 살인도 행하게 되는데 살아남기 위해 고군분투하는 청산 , 자신의 위치를 지키기 위해서라면 어떠한 것도 하는 곽 회장 그리고 살어리 마을에 있는 의문의 교수 지금부터 그들의 처절하고 지독한 생존법을 공개한다!",카카오웹툰,김민소
102,중고거래,목,극한의 이득충 되팔러 이준! 중고거래 꿀매로 구매한 택배가 도착하고 기쁜 마음으로 택배 상자를 열어보지만...,카카오웹툰,주명
103,백의사자,목,"옛날 어느 마을에 연이어 사람이 죽어나가는 괴변이 발생한다?! 사람들이 원흉으로 지목한 것은 마을 근처에 살던 백발의 소년. 소년은 이유도 모른 채 죽음을 맞이하고, 이승을 홀로 헤매이게 된다. 그때 손을 내밀어 준 것은 저승사자의 우두머리인 적의사자 . 그는 소년에게 설기 라는 이름과 새 삶을 살아갈 기회를 준다. 죽은 후에야 비로소 자신이 있을 곳과 희망을 얻은 설기에게 저승은 그야말로 꿈만 같은 장소. 이후 저승사자가 된 설기는 누군가를 돕기 위해, 그리고 자신을 받아준 저승을 위해 열심히 일하기로 다짐한다. 그러나 예상치 못한 사건과 존재들을 마주하며 저승의 내력과 자신을 둘러싼 어떤 흐름에 얽혀드는데 저승을 무대로 사람과 귀신, 신령이 등장하는 한국판타지극!",카카오웹툰,체사
104,갱스쿨,목,아버지의 자살로 일순간 모래성처럼 무너져 버린 가족들. 정신을 놓은 어머니와 맹인 학교를 다니는 여동생을 책임져야하는 가장이 되어 버렸다. 가족을 위해 부산 최고 깡패 학교 최강고 에 자신만의 갱을 만들기 위해 전학가는데... 차가운 세상을 향한 뜨거운 액션!,카카오웹툰,taibogi
105,백로식당,목,"신들은 어디에나 있다. 요리하는 만신 백로는 격변하는 현대사회에 적응해야만 하는 신들에게 대가를 받고 신들을 위한 음식을 만든다. 각자의 사정을 싸들고 와서 백로의 바짓가랑이를 잡는 각양각색의 신들. 듬직하고 애교많은 산군 호랑이 오택 , 다정하지만 어딘지 쎄한 흑룡 진 , 베일 속에 가려진 이무기까지. 연애세포가 죽어버린 백로의 가슴을 자꾸만 두드려대는데 . 신화 속 신들이 바로 우리 곁에서, 살기 위해 발버둥치는 슬프고도 아름다운 이야기. 한국형 신화를 곁들인 로맨스 판타지 한식대첩!",카카오웹툰,확천금
106,트러블,목,드넓은 세계 르도완 을 통치하고 있는 신은 어느날 르도완에 새로운 신법을 내린다. 바로 잉태를 금지 하는 것. 잉태를 금지당한 이들은 사랑하는 사람과 자식들을 위해 반란을 일으키지만 신과 신을 따르는 자들의 힘은 너무나 막강하다. 신은 신법 이후에 태어나는 아이들을 반역자의 아이라 칭하며 모두 죽이거나 신의 노예로 만들어 버린다. 그런 혼란스러운 세상에 신을 처단하려는 자들이 생겨나고 그들의 처절한 싸움이 시작된다.,카카오웹툰,NASTY CAT
107,소녀신선,금,"재수생 하버들, 신선이 되어 성질 드러운 이무기 꽝철이 와 만나다",카카오웹툰,효미
108,나만 아는 사랑,금,사랑을 고백하지 못하는 이들의 짝사랑 로맨스! 주인공 이하리는 한때 김진호를 짝사랑했지만 친구 연주의 연인이 된 그를 단념했다. 하지만 어느 날부터인가 친구의 남친인 그가 술을 마시고 한밤중에 보고 싶다며 연락을 해온다. 동기지만 친분이 없던 신유하가 하리에게 친한 척을 하기 시작하고 호감을 표하지만 하리는 거절한다. 그렇게 끝날 듯 싶었던 둘의 관계는 하리가 유하의 숨기고 싶은 사랑을 알게 되면서 꼬이며 적대관계로 변질된다. 그러나 하리는 연주가 자신에게 남자친구만 생긴다면 김진호가 더는 하리에게 한눈팔지 않으리라 생각하는 것을 알게 되고 이 생각이 틀렸음을 알려주기 위해 유하와 가짜 연애를 시작하게 되는데,카카오웹툰,아임
109,헤븐 투 헬,금,"신앙심 깊고 고귀한 대천사장 아사엘 은 어느 날 신으로부터 한 가지 명을 받는다. 제2의 메시아 탄생을 위해 새로 간택된 예비성모 마리얌 을 천국으로 데려오라는 것. 한달음에 찾아간 그녀는 예상과도 너무나 달랐으니. 융통성 제로의 율법 꼰대 아사엘, 개차반 견습 수녀 마리얌과 만나다! 상극의 성격을 지닌 두 사람의 만남으로 신의 계획은 여러 번 위기를 맞지만 천국으로 향하는 여정에서 갖가지 난관을 함께 넘기는데 누구보다 신앙심 깊었던 대천사 아사엘이 아홉 지옥의 나락으로 떨어진 사연은? 지옥의 가장 깊은 밑바닥에서 천국의 가장 높은 꼭대기까지, 신을 죽이기 위한 복수의 여정을 시작하게 된다.",카카오웹툰,김종훈
110,바리공주,금,"조선 초기 무속이 배척당하기 시작하던 시기. 무당들의 조상, 무조신 바리공주가 조선 시대 양반집 규수로 환생하였다. 바리공주 남편 무장승은 바리가 무당의 길을 걸어야 함을 알게 되어 신 스승을 자처하며 그녀의 곁을 지키게 되는데... 바리와 무장승은 상단을 운영하는 여우 마님과 음주가무를 좋아하는 도깨비 김선비와 함께 악귀와 악인을 혼내준다. 또 구천을 떠도는 귀신들의 슬픔과 한을 어루만져주며 갈 곳 잃은 소외된 이들을 위한 이야기를 그려나간다. 초보 무당이었던 바리가 점점 무당으로서의 정체성을 확립해나가는 에피소드 형식의 성장 스토리! 바리공주 는 잘 알려지지 않은 무속, 신화 그리고 민속의 세계를 보여주는 공포와 호러, 감동과 로맨스가 첨가된 장편 웹툰!",카카오웹툰,김나임
111,열무와 알타리,금,우리 가족의 시간은 남들보다 조금 느리게 흘러갑니다. 우리의 이야기가 누군가에게는 몹시 낯설지도 모릅니다. 또 누군가에게는 공감 가는 일상의 이야기 일 수도 있고 혹은 누군가가 지금 걸어가고 있는 일상의 이야기 일지도 모릅니다. 뇌성마비 아이 열무와 쌍둥이 형제 알타리. 그리고 소소와 토토. 평범하고 조금은 특별한 우리의 이야기 우리는 장애 가족입니다.,카카오웹툰,유영
112,남남,금,"어느 날 엄마가 애인이라고 데려온 아저씨가 사실은 얼굴도 몰랐던 나의 친부였다면..? 엄마와 단 둘이 살아가는 28살의 진희. 남자친구와 결혼 이야기가 오가던 중 부모 험담에 화가 치밀어 자리를 박차고 집에 돌아가기로 한다. 그러나 집에 와서 마주한 건, 성인 채널을 틀어놓고 정신없이 자위를 하고 있는 자신의 엄마였는데..! 엄마의 자위 장면 목격을 시작으로 진희를 둘러싼 주변 인물들이 저마다의 삶을 유쾌하게 풀어간다. 일상 속에서 벌어지는 드라마틱 한 사건들과 그 사건들을 대수롭지 않게 넘겨버리는 무심한 여성 캐릭터들이 매력적인 이야기.",카카오웹툰,정영롱
113,플러스 마이너스 제로,금,지진으로 학교가 땅 속에 묻혔다. 누구의 짓이지?,카카오웹툰,마영신
114,신락도,금,"감염된 시민들은 이곳 신락도 에서 30일 동안 격리돼 치료를... 바이러스의 전염을 막기 위해 정부는 감염자들을 신락도 요양병원에 가두게 된다. 4년 뒤, 이미 치료제는 나왔지만 소수의 환자들이 아직 신락도에 머무르고 있는 상태. 의사 서정훈은 신락도로 파견 봉사를 나간다. 그리고 그 곳에서 만난 간호사와 환자들. 시종일관 정훈을 따라다니는 홍 간호사는 늦은 밤이면 흉물스러운 불상 앞에서 기도를 드리고 첫 만남부터 정훈을 싫어하던 환자 주철은 새벽 3시면 복도에 괴물 같은 것이 돌아다닌다는 얘기를 하며 겁을 준다. 이를 무시하며 적응해가던 정훈은 늦은 밤 우연히 환자들의 비밀을 알게 되고 기다렸다는 듯 사건들이 터지기 시작하는데....",카카오웹툰,다원
115,불러줘 내 이름만,금,"첫사랑 따라 재수 끝에 대학에 입학한 이묘화! 개강 첫날 동기와 자신의 강아지 미미 얘기를 하고 있는데 하필 뒤에 있던 남자 선배 이름이, 미미!? 설상가상으로 나타난 묘화와 같은 이름의 친구. 험난한 대학생활이 될 것만 같은 조짐이 보인다. 첫사랑은 자신을 알아보지도 못하고 묘화는 이상하게 미미 선배와 엮이게 되는데 첫사랑과의 행복한 캠퍼스 라이프, 이룰 수 있을까?",카카오웹툰,꿀삼
116,키몽의 호구로운 생활,금,호구같이 사는 사람?! 바로 여기! 건축학을 전공하고 아재개그를 좋아하는 30대 초식남 키몽. 매일을 살며 겪은 그의 호구같은 생활 이야기! 지금 시작합니다!,카카오웹툰,키몽
117,불합격인간,금,"고등학교를 졸업한 주인공 . 스무살 성인이 되면 행복한 일만 가득할 것 같았다. 3년 동안 꿈에 그리던 캠퍼스 라이프와 부모에게서 독립한 자유로운 생활까지... 열심히 살지도 않았고, 노력도 전혀 하지 않았지만 행복해지고는 싶었다. 하지만, 스무살이 되었지만 바뀌는 건 없었다. 여전히 컴퓨터 앞에서 청춘을 보내고 있었고, 부모 등골을 빼먹는 것도 여전했다. 그런 무의미한 인생을 보내던 찰나, 그는 문득 자신을 불합격 인간이라고 생각한다. 이런 칙칙한 인생을 원하지 않았던 은, 어느 날 자신을 바꾸기로 결심한다.",카카오웹툰,Sepia
118,지금은 연애를 쉽니다,금,"갑자기 연애를 쉬자니 대체 무슨 소리야? 오랜 남자친구에게 연애를 쉬자는 제안을 받은 단희. 당황스럽지만!! 이 참에 버킷리스트를 작성하고 못 보던 친구도 만나고, 혼자 여행도 떠나보고 혼밥과 혼술도 하며 솔플을 열심히 즐긴다. 우연히 만난 예전 짝사랑 태용을 만나 뜻하지 않은 인연을 쌓아나가며 그 동안 놓치고 있던 자신의 삶도 되돌아 보는 계기로 삼는다. 그러던 와중 남친인 정후는 또 다른 여자에게 한눈을 팔다 마음대로 되지 않자 단희를 다시 찾는데... 연애! 해도 랄, 안해도 랄인 이 연애를 통해 우리는 무얼 찾을 수 있을까?",카카오웹툰,유현숙
119,전생에 나라를 구한 자,금,"내가 누구지...? 기억상실증에 걸려 이승을 떠도는 귀신, 박남희 . 어느 날 자신의 존재를 알아보며 신비한 기운을 내뿜는 왕따 고교생 조태호 를 만나게 된다. 그와 함께 하며 자신의 생전 기억들을 찾아가게 되는데... 알고 보니 왕따 조태호 는 천 년 전, 자신이 모시던 장군 조재토 이었다. 결국 과거의 은혜에 보답하기 위해 그를 도와 학교 짱으로 만들어주게 되는데... 조태호 의 왕따 탈출, 가능할까?!",카카오웹툰,현마담
120,체벌교사,금,무너진 교권 바로잡기 프로젝트. 이를 위해 국가는 체벌교사를 선발하여 시범적으로 가장 악명 높은 천의고등학교 에 발령한다. 학교를 더이상 배움터로 생각하지 않는 학생들의 무법지대에서 최약체인 반성의 는 한줄기 빛과 같은 체벌교사 최강인 을 만나게 된다. 각자의 위치에서 온갖 부조리에 맞서 싸우기 위한 아주 특별한 야간 자율학습! 과연 최강인과 반성의는 무너진 교권과 학교를 바로 세울 수 있을 것인가?!,카카오웹툰,시노키오
121,닭은 의외로 위대하다,금,"천재 닭이 당신에게 찾아온다! 본격 시골 힐링라이프 서바이벌 좀비물. 깊은 시골 마을, 인가에서 떨어진 외딴집에서 할머니와 단둘이 사는 천재 암탉. 서로를 의지하며 살아가는 둘이지만, 할머니는 오랜 고독과 가난을 이기지 못하고 자살을 시도한다. 할머니가 목을 매단 바로 그 순간, 할머니의 집에 찾아온 정체불명의 낯선 여자. 여자는 할머니에게 좀비 아포칼립스 시대가 열렸다고 말한다. 몇 년 만에 사람의 온기를 느끼며 기뻐하는 할머니지만, 여자는 수상한 점이 많다 .하나하나 풀려가는 여자의 비밀, 그리고 마을 사람들에게 외면받으며 살아야 했던 할머니의 진실. 좀비 시대에 할머니를 지키기 위해 고군분투하는 천재 닭은 마지막까지 살아남을 수 있을까? 과연 할머니는 행복해질 수 있을까?",카카오웹툰,미역의효능
122,퀴퀴한 일기,금,"내 주변에 반드시 한 명은 있을 것만 같은, 어쩌면 나 같기도 한 그녀의 일기. 어느덧 40대의 아기 엄마가 된 주인공 이보람과 그의 군단들의 이야기이다. 너무나 시시하고 쩨쩨해서 누구에게 털어놓기도 멋쩍은 일들이 작은 마음을 가진 그들에겐 늘 뜨겁고 강렬하다! 마음속 깊이 숨어있는 자질구레한 감정들과 스스로 인정하고 싶지 않은 치사스러운 마음들을 뻔뻔스럽게 받아들일 수 있는 곳. 소소한 행복과 내밀한 이야기들을 가감 없이 나눌 수 있는 곳. 바쁜 하루 동안 미쳐 돌아보지 못한 내 마음 깊은 곳에 숨어있는 작은 먼지들을 툭툭 털어내어 볼 수 있는 우리의 일기장. 퀴퀴한 일기.",카카오웹툰,2B
123,폭군황제의 첫사랑,금,기억을 잃은 소녀 디아 놀스 남작가의 하녀로 괴로운 나날을 보내고 있던 중 잔혹한 성정으로 유명한 황제 카이르 의 황성으로 납치된다. 막상 디아 를 마주한 카이르 는 자신을 아느냐 라는 질문만을 던지고. 그날 이후 디아 는 누군가의 피로 범벅된 카이르 를 마주하게 되는데. 치명적인 매혹의 로맨스 판타지,카카오웹툰,김수오
124,날씨의 요정,금,"어느 시골 마을의 기우제, 낯선 소년을 만났다. 그리고 비가 내렸다. 해주는 꿈 같았던 그 날 일을 잊고 지낸다. 그 후 시골 마을에 내려왔을 때부터 같이 지내던 덕현을 좋아하게 되고, 그와 같은 대학에 가기 위해 고군분투 끝에 합격한다. 스무 살을 앞둔 겨울, 해주는 5년 만에 그 소년을 다시 만나지만 5년 전의 일로 시골 밖으로 나갈 수 없게 되었음을 깨닫는다. 도시로 나가기 위해 해주와 소년은 겨울이 끝나기 전까지 마을의 이무기를 찾아야 한다.",카카오웹툰,이이영
125,파륜아이,금,"눈을 떠보니 23년 전 과거로 돌아왔다?! 부모를 살해한 형. 부모를 그리워하며 우주 는 울다 지쳐 잠에 들고, 눈을 떠보니 태어나기도 전인 23년 전 과거로 오게 된다. 다정한 줄만 알았던 부모의 또 다른 얼굴과 살인자가 될 수밖에 없던 형의 진실과 마주치게 된 우주. 차갑고 무자비한 폭력 앞에서 우주는 발버둥치며 과거를 바꿔보려 하지만, 인간은 그리 쉽게 변하지 않는다. 과연 우주는 과거의 폭력을 막고 부모를 살릴 수 있을까? 폭력 앞에서 우리가 할 수 있는 것은 무엇이 있을까?",카카오웹툰,박은비
126,랑데부,금,"마지막 기억은 학교 옥상이었다. 반격할 수 있었지만 문제를 크게 만들고 싶지 않아 일진들 집단 구타를 온 몸으로 받아냈다. 역시, 반격해야 했을까? 자비 없는 집단 린치에 결국 옥상에서 추락했다. 내 마지막 기억은 거기까지. 눈 떠보니 병원이었고, 세상은 망해 있었다. 외계인의 침공이었을까? 아니면 바이러스 ? 설상가상으로, 약자를 괴롭히고 물건을 강탈하는 무리도 있다. 아이, 여성, 노인 가릴 것 없이 폭력과 강탈을 일삼는 무리들. 그런데, 이놈들. 나를 옥상에서 밀쳐낸 그놈들 아닌가?! 가족도 찾고, 안전한 곳을 찾아야겠지만 모르겠다! 망해버린 세상이고 뭐고 난 복수부터 해야겠다! 나빌레라 의 지민 작가진이 마련한 화끈하고 파워넘치는 세기말학원액션 서사극!",카카오웹툰,Hun
127,유리의 벽,금,유복한 귀족 릴리. 그를 만난 순간부터가 시작이었다.,카카오웹툰,조호
128,크레센도,금,돌아가신 어머니의 꿈을 이루기 위해 피아니스트를 꿈꿔온 기범. 어머니와 동기였던 강 교수에게 도움을 받을 수 있을 거라 생각한 그는 신화 음대에 수석 입학한다. 강 교수는 최고의 교육을 시켜줘도 따라오지 못하는 딸 혜라 대신 기범을 애제자로 두는데... 혜라는 뛰어난 재능을 가진 기범에게 열등감을 가짐과 동시에 강하게 끌리게 된다. 기범 역시 처음엔 혜라를 거부하지만 점점 깊어지고 둘은 일탈 같은 관계로 발전한다. 둘의 관계를 눈치채고 라이벌 구도로 그들을 끌고 가는 강 교수! 과연 혜라와 기범의 사랑은 이뤄질 수 있을까?,카카오웹툰,김탐미
129,김탐정 사용설명서,금,"20년 후 대한민국의 한 국제도시, 잔학무도한 의학기업을 추적하는 김탐정의 하드보일드 액션대작!",카카오웹툰,이장희
130,너에게 투 혼(魂)!,금,남고생이 된 액션배우 옥세라. 어쩔 수 없지! 내가 네 학교생활을 책임져줄게!,카카오웹툰,롱토피아
131,우리가 헤어진 사이에,금,"우리는 각자가 바라는 행복을 가질 수 있을까? 변해버린 엄마가 낯선 딸 이라 엄마는 그런 이라에게 한마디 말도 없이 여행을 떠나버리고 갑작스레 이라는 홀로 집에 남겨진다. 분노도 잠시, 어린 시절 한없이 다정했던 선후 오빠가 10년 만에 이라네 집에 나타났다! 빡빡머리 제주도 소년에서 잘생긴 제주도 청년이 되어 돌아온 오빠 그리고 그런 선후 오빠에게 점점 설레는 이라. 그런데 오빠가 나타난 이후로 10년 넘게 이라 곁을 지켜 온 절친 우준우가 이상하다. 이라가 선후에게 호감이 있단 사실을 눈치채면서 이 감정이 질투라는 것을 알게 되고 선후를 경계하기 시작한다. 우정이니, 사랑이니 뭐니 일단 준우는 이라와 선후 사이를 떨어뜨리고 싶다. 아니, 떨어뜨려야만 한다!",카카오웹툰,오하
132,미완결,금,"오랜 팬으로 동경해온 천재 소설 작가님이 내 애인을 강렬히 원한다! 에디터 원유진 , 뮤지컬 배우 은미결 , 소설가 선은호 . 자신의 일과 예술을 사랑하는 세 사람은 각자 결핍된 부분이 있었다. 이들은 눈앞의 상대에게서 서로가 갖지 못한 부분을 찾아내고 욕망한다. 자신의 분야에서 인정받고 싶은 욕구, 그리고 동경하는 상대에 대한 성적 긴장감과 소유욕은 제각기 다른 형태로 꿈틀거리기 시작하는데 . 괴물이 될 것인가, 예술가가 될 것인가? 아니면 어떠한 마침표도 찍지 못할 것인가? 세 사람의 관계와 커리어가 치밀하게 얽히며 터져 나오는 예술적 광기와 서스펜스!",카카오웹툰,네온비
133,주말 도미 시식회,토,"파출소장 추승룡과 순경 김건, 횟집사장 신정민과 직원 이태신이 모여 도미회를 먹는 주말 도미 시식회 이들의 소소한 일상은 범죄도시 영포구를 만든 장본인, 시공건설 회장 서우진과 그의 경호조직 시공파의 방해로 오래가지 못하는데... 과거 정민과 태신이 소속되었던 조직 망량회와 영포구의 패권을 두고 전쟁을 벌였던 시공파, 결과는 망량회의 패배로 끝났고, 조직원들이 뿔뿔이 흩어지며 영포구는 서우진의 손에 들어가게 된 것. 시간이 지나 과거 망량회 조직원이 시공파 조직원들에게 죽음의 복수를 시작하면서 갈등이 시작되고, 평화롭게 살고 있던 주말 도미 시식회 의 소소한 현재를 지키기 위해 고군분투하는 액션 드라마!",카카오웹툰,이용우
134,천연 天緣,토,"8살 이전의 기억은 없지만 아주 평범한 고등학생, 한해원 . 하지만 용한 무당으로 불리던 외할머니의 유품을 건드리며 해원은 평범한 일상에 종지부를 찍게 된다. 외할머니의 검에서 나타난 은월 은 본인이 선각자 를 모시는 무하 라 밝히며 선각자 인 해원의 사명을 따르겠다 하는데... 하늘에 죄를 지은 자들이 시노 의 판결에 따라 특별한 힘을 부여받고 봉인된 존재, 무하 . 해원은 은월과의 만남으로 자신이 외할머니와 같은 진실을 보는 눈 을 가진 자 시노 임을 알게 된다. 그리고 해원 의 사명을 따라 성불하고자 하는 은월 . 전설로만 믿고 있던 무연의 시대 , 그 진실의 끝은 무엇일까?!",카카오웹툰,ALIC
135,순정 히포크라테스,토,"의대생이 될 운명이었을까? 메가히트작 하얀거탑 드라마 주인공과 같은 이름의 주인공 장준혁 . 주변 사람 모두 의사 될 운명이라 했지만 의식적으로 의대 진학을 피해 공대로 갔다. 기계가 싫었던 탓일까, 아니면 교수가 싫었던 탓일까. 자퇴 후 군복무를 마친 준혁이는 의대로 돌아왔다. 군필 애늙은이의 험난한 대학생활을 걱정하는 준혁, 그리고 그곳에서 뜻밖에도 사해 를 만나게 되는데 과연 준혁이는 대학과 사랑, 모두 잡을 수 있을까?!",카카오웹툰,골드키위새
136,후궁공략,토,"가상현실이 일상화되고 인공지능이 발달한 2030년대 대한민국! 최근 가상현실게임 버전으로 리메이크되어 재출시 예정인 후궁공략 이라는 유명한 고전게임이 있다. 갓 입궁한 어린 후궁 후보, 리리 를 조종하여 황귀비를 물리치고 황후의 자리에 올라가는 것이 이 게임의 목표. 여고생 요나는 어느날 깨어나 보니 후궁공략 의 악역, 황귀비의 몸에 자신이 빙의되어 있다는 사실을 깨닫는다. 수능이 열흘 남았는데 이게 뭔 일이야? 가상현실에서 손을 튕기면 나타나야 할 상태창은 나타나지도 않고, 의문의 내관 햇살이 와 한바탕 얽히기까지! 소동 끝에 자신을 게임 속에 가둔 것으로 추측되는 존재, 게임마스터가 나타나 황후가 되어 게임을 클리어할 것을 요구한다. 요나는 황후엔딩 달성을 다짐하고 게임에 임하기로 하는데...",카카오웹툰,봉봉
137,반지하셋방,토,"밝지만 엉뚱한 첫째와 무뚝뚝한 둘째, 인간 비타민 셋째까지. 청각장애인 어머니와 막노동꾼 아버지 밑에서 가난하게 자라났지만 밝고 유쾌하게 살아가는 세 자매. 그 세 자매 중 첫째와 둘째가 독립을 결심했다! 하지만 독립자금이 모자란 두 사람은 반지하에 자리를 잡는다. 천장에서 물이 새는 것은 물론 벌레들이 들끓는 반지하에서 행복을 찾으려 노력하나 세상은 그리 녹록지 않다. 악덕 기업과 싸우고 갑작스러운 해고에 공장을 전전하기까지..! 설상가상으로 부모님이 암에 걸려 병원에 입원하면서 세 자매는 직장 생활과 병간호를 병행하게 되는데... 고된 일상에도 불구하고 힘내서 세상을 살아갈 수 있는 건 웹툰 작가라는 꿈과 언제나 함께하는 가족, 과연 자매는 꿈을 이루고 반지하를 탈출할 수 있을까?",카카오웹툰,평범한 자매
138,백작가의 불청객들,토,"스캔들이 많고 교양 없기로 유명한 필데트 백작가 . 백작 부부는 유서 깊은 가문의 명예를 깎아먹는 주범이지만, 다행히 이들 부부의 영특하고 사랑스러운 외아들, 헤이든 덕분에 필데트 백작가는 그럭저럭 평화를 유지하고 있다. 헤이든은 백작가의 체면을 세워주는 자랑거리인 동시에, 틈만 나면 서로 으르렁거리는 백작 부부의 유일한 연결 고리이자 평화의 구심점이다. 하지만 헤이든이 만든 평화는 깊은 수심을 가리는 얇은 얼음 장막에 불과하다. 그 이면에는 케케묵은 오해와 불신, 그리고 말할 수 없는 비밀이 아득한 어둠 속에 퇴적되어 있기에... 그러던 어느 날, 갑작스럽게 찾아온 불청객들이 얼음 장막 위를 걸어가는데?! 서서히 금이 가는 이들의 평화! 백작가는 불편한 진실을 마주하며 갈등하지만, 오해의 퇴적물 속에는 서로를 소중히 여기는 마음도 보물처럼 함께 있음을 깨닫는다. 오해를 딛고 불완전한 서로를 보듬고 함께 성장하는 가족의 이야기.",카카오웹툰,아르누니
139,이토록 보통의,토,"평범한 연인들이 맞이하는 특별하고 극단적인 상황들. 여자친구의 전 연인이 에이즈 환자였다는 것을 알게 된 남자와 연인의 말들이 모두 거짓이었다는 것을 알게 된 여자. 사랑은 없지만 불만도 없었던 결혼 생활 중 강하게 끌리는 상대를 만나게 된 남자 등. 이토록 보통의 는 다양한 사랑의 민낯들이 나열되는 옴니버스식 웹툰입니다. 사랑이 더 이상 아름답지만은 않다는 것을 깨닫고도, 연인들은 사랑을 이어갈 수 있을까요?",카카오웹툰,캐롯
140,풍검,토,마계의 힘으로 인간계를 없애려는 자들과 막으려는 자들의 치열한 싸움,카카오웹툰,김철현
141,멀리서 보면 푸른 봄,토,왜 사람들은 해피엔딩이 아닌 걸 보고 현실적이라고 말할까? 고단한 청춘들의 하드보일드 드라마,카카오웹툰,지늉
142,이세계 전담반,토,"평범한 고등학생인 마성의 일상에 어느 날부터 기이한 현상들이 일어나기 시작한다! 투명 마법을 쓰는 미소녀 엘프가 방에 몰래 숨어 살지 않나 괴한이 나타나 자신을 좀비로 만들어 버리고 심지어 한 번 죽었다가 부활 마법으로 살아난 후엔 모든 공격과 마법을 흡수해서 다시 되돌려 줄 수 있는 능력까지 생겼다. 그때 이세계 전담반 소속이라는 녀석이 나타나 모든 걸 설명해 준다는데, 이 녀석도 뭔가 평범하지 않다? 능력을 시험해 본다고 다짜고짜 사람을 패버리고 오크와 트롤, 고블린 같은 이종족의 난입도 모자라 뱀파이어의 스카우트 제의를 받게 되는데... 정신을 못 차릴 만큼 갑작스러운 변화지만 왠지 이 상황이 낯설지가 않은 느낌이 드는 건 어릴 적부터 엄마에게 단련되어 왔던 기억 때문일지도. 나 평범한 일상으로 돌아갈 수 있는 걸까?",카카오웹툰,손희준
143,할매,토,"칠순을 바라보는 주인공 숙자. 남편과 총포사를 운영하며 평범한 일상을 보내던 어느 날, 한 줄기 빛과도 같던 손자 용희가 초주검이 된 채 돌아온다! 손자를 보살피며 슬픔에 잠겨있던 숙자는 용희의 전 직장 동료인 연우, 곽씨 두 사람을 만나게 된다. 그들은 폭행 사건에 대한 이야기부터 시작하는데... 폭행범들은 오백원, 구삥, 멘솔, 씨사이라는고 불리는 조직 폭력배. 그들은 불곰이라고 불리는 우두머리가 만든 대한민국 초거대 기업형 폭력 조직 흑성파의 간부들이라 알려준다. 권력으로 법망을 피해 다니는 범인들에 분노에 휩싸인 숙자. 그리고 그 모습을 지켜보던 연우는 숙자에게 소름 돋는 제안을 건네고, 이후 그녀의 삶은 180도 뒤바뀐다. 할머니, 그것들을 우리 손으로 직접 사냥할까요?",카카오웹툰,재후
144,허약선생,토,"흑화대는 해체할 것이니 선생이 되어라. 마교와의 종전 후, 무림맹의 암부 조직 흑화대 와 그들을 이끄는 흑화대 총대장 귀면독 . 귀면독은 이제 백무관의 선생이 되어 아이들을 가르치게 된다. 남궁세가의 수치라 불리는 다섯째 남궁매. 아버지의 명으로 백무관 뱀단에 입학하여 귀면독의 제자가 된다. 그리고 끝난 줄 알았던 마교전쟁은 갑자기 나타난 특별한 영약으로 인해 불이 붙고 무림은 다시 혼란에 빠지는데... 과연 귀면독과 제자들은 평화를 지켜내고 남궁매는 세가의 수치라는 오명을 씻어 진정한 고수로 거듭날 수 있을 것인가?",카카오웹툰,철범
145,별똥별이 떨어지는 그 곳에서 기다려,토,"이야기의 시작은 마녀 플로의 죽음으로부터. 별똥별이 떨어지면 마녀가 되는 신비한 테이블랜드. 아버지를 여읜 작은 별의 마녀 에픠에게 오랫동안 기다렸던 마녀의 고양이 비비가 찾아오지만 상상과는 달리 굉장히 얄밉다. 그야 나는 니까. 그리고 어딘가 석연치 않은 사실들이 퍼즐 조각처럼 그들의 앞에 놓이는데 . 마녀 플로의 죽음, 계속해서 실종되는 별똥별들. 그리고 에픠의 고양이가 태어나지 않은 이유는? 마녀 에픠와 고양이 비비, 짝이 되어 별똥별의 행방을 쫓아라!",카카오웹툰,만물상
146,너에게 가는 거리 2091km,토,한국과 홍콩을 오가는 설렘 가득한 성장 로맨스! 운동을 했으나 부상을 당한 후 경영학과로 편입한 박하진. 남자 친구와도 헤어지고 홀로 홍콩 여행을 떠난다. 설렘 가득 만끽하며 홍콩에 도착하지만 운 나쁘게 비만 열심히 맞고 길도 잃어버렸는데... 우연찮게 입국심사를 했던 홍콩인 뤄밍이를 만나게 되고! 무료한 삶을 살고 있는 뤄밍이는 하진과 여행을 함께하며 서로에게 호감을 가지게 되고 그 후 다시 한국에서 만나게 되는데... 한 때 운동선수였지만 현재는 힘만 센 평범한 대학생이자 본의 아니게 전 남친과 엮여 있는 한국인 박하진. 홍콩 공항에서 근무하는 직장인이자 가족에게 매여있는 홍콩인 뤄밍이. 전혀 다른 삶을 살아온 두 사람의 거리는 이제 가까워질 수 있을까?,카카오웹툰,빵시헌
147,쥐덫,토,"인터넷에서는 인기 소설 작가로 추앙받지만 현실에서는 찐따 오산호! 현실에서도 인터넷에서 만큼 인정받고 싶지만 잘 되지 않고, 실력도, 인기도, 짝사랑도 현실은 비참 하기만 하다. 오산호는 평소 흠모 하던 인기녀 백설아를 모델로 야설을 쓰게 되고 그 야설을 백설아 본인에게 들키게 된다. 자살을 택해야 하나 생각할 정도로 절망한 순간, 나를 모델로 글을 써줘서 고마워. 백설아는 오히려 자신을 모델로 글을 써 주어 고맙다며 칭찬하는데..",카카오웹툰,오닛
148,선택은 하나,토,"선택지를 통해 미래를 보는 하나 . 하나는 짝사랑하던 선재 가 자신에게 고백하려 한다는 걸 알게 된다. 선재에게 뜬 두 가지 선택지. 고백한다 고백하지 않는다 . 하지만 결과는 최악!! 고백하면 선재가 죽고, 고백하지 않으면 하나가 선재의 절친 택연 에게 고백한다! 결국 선재를 살리기 위해 택연에게 고백하려는 순간, 오히려 택연이 하나에게 고백하는 일이 벌어진다. 택연도 선택지를 통해 미래를 보는 능력자였던 것! 하나와 택연은 선재를 구하기 위해 가짜 커플이 되는데... 하나는 선재를 구하고, 사랑도 얻을 수 있을까?",카카오웹툰,박만두
149,오늘은 꼭 고백할 거야!,토,"친구의 고백?! 혼혈로 태어나 괴롭힘당하던 김단에게 마음의 안식처가 되어준 한채은. 동경으로 시작했던 마음은 사랑으로 바뀌지만, 고백으로 사이가 멀어질까 마음을 숨기며 지내다 고등학교 진학 후 불현듯 연락이 끊기게 된다. 그대로 아픈 첫사랑으로 남겨질뻔하지만 2년 뒤 우연히 같은 대학교에 진학하여 재회한다. 이번에야말로 후회가 남지 않을 멋진 고백을 결심하지만, 전보다 더 차가워진 그녀는 김단을 밀어내게 되고 차가운 모습 속에 슬픔이 있다는 걸 깨달은 김단은 채은의 곁에서 그녀의 마음을 보듬어주는데... 과연 그녀의 마음을 열 수 있을까?",카카오웹툰,CHYA
150,어린 (물고기 비늘),토,"다섯 명의 예술가, 극지연구소의 초대로 남극탐사여행에 오르다! 30여 년간 남극에 가본 대한민국 사람은 이천 명도 안된다. 하지만 남극탐사단의 설렘도 잠시, 탐사단 중 한 명인 작곡가 이온의 숨겨뒀던 비밀이 일행을 혼돈으로 몰아넣는다. 한 차례 태풍이 몰아친 탐사단은 안전망으로 가득한 남극기지에서 고요하고 안전한 일상을 보내게 되는데... 정작 서울의 이온소속사에는 걷잡을 수 없는 격랑의 일상이 시작된다. 과연 어디가 극지인 것인가.",카카오웹툰,윤태호
151,랜딩,토,"어릴 적부터 나는 꿈을 묻는 사람들의 호기심이 싫었다. 누구나 외치던 대답이 내게는 한없이 어려웠으니까. 그래서 꿈을 쫓기보단 첫사랑을 쫓았고, 어느새 나는 빌딩 속에서 숲을 찾는 어른이 되어있었다. 나만의 숲을 만들고픈 청춘들의 이야기 랜딩",카카오웹툰,설구
152,정의는 죽지 않는다,토,"70대와 10대가 만나 불량학생을 참교육 한다?! 중학교 시절 일진에게 괴롭힘을 당해온 민석. 이를 극복하는 방법으로 폭력을 선택하고, 일진들을 타파하며 답답한 마음의 탈출구를 찾는다. 고등학생이 된 민석은 일진들이 가득한 최악의 학교로 전학을 가고, 일진들과 시비가 붙은 찰나 정의 라는 최강의 노인을 같은 반 학우로 만나게 된다. 그 노인과의 만남이 그의 운명을 송두리째 바꿀 줄은 꿈에도 모른 채 즐거운 학창 시절을 보내고픈 최강 노인 정의 와 어른의 관심이 필요한 고등학생 민석 의 만남. 70대 학생이 인생 선배로서 10대의 고충과 탈선을 잡고, 불량학생들에게는 참교육을 선사하는 사이다 학원액션물!",카카오웹툰,크레용
153,부기영화,토,약쟁이들의 병맛 영화 리뷰!,카카오웹툰,급소가격
154,구슬의 주인,토,꿀꺽! 엉겁결에 여우구슬을 삼켰더니? 누구보다 평범한 여고생의 삶을 살아가던 진화는 어느 날 특이한 포장마차에서 구슬을 얻게 된다. 그 이후 진화를 찾아온 미호. 엉겁결에 구슬을 삼키게 된 진화에게 자꾸만 이상한 일이 일어나는데...? 천년을 살아온 미호와 여우구슬을 삼킨 진화의 주변에 펼쳐지는 파란만장한 호러 로맨스 판타지!,카카오웹툰,갸가
155,이뤄질 수 없는 마녀의 소망,토,"나도 그때 죽었더라면 갑자기 일어난 대화재로 모든 것을 잃게 된 카이델. 가족도 집도 없이 어린 나이에 오롯이 혼자가 된 카이델은 결국 고아원 생활을 하게 되지만, 그곳에서도 집단 따돌림을 당하며 힘든 나날을 보낸다. 그러던 어느 날 대화재 사건의 흑막에 대해 알고 있는 백작부인이 찾아와 자신의 양자로 들어오라 하는데 나와 함께 그 불씨를 쫓아보지 않겠느냐? 범인의 단서는 오직 하얀 머리의 소녀라는 것뿐 카이델과 백작부인의 모든 것을 앗아간 하얀 머리의 소녀와 그를 쫓는 카이델, 그리고 밝혀지는 사건의 진실 그 진실이 내 전부를 또 다시 앗아간다면 나는 어떤 선택을 해야 할까?",카카오웹툰,해청
156,우리반 숙경이,토,"귀도 고등학교 2학년 3반 교실, 27년째 자리를 지키고 있는 귀신 숙경이. 숙경이가 처음 나타난 날, 학생들은 모두 기겁을 하지만 구두쇠 이사장은 숙경이가 있는 교실을 폐쇄하지 않고 그대로 사용하기로 결정한다. 시간이 흐른 지금, 숙경이의 존재는 이제 일상과도 같다. 수업 도중 혼자 끅끅하며 기괴한 소리를 낼 때도 있지만 이제는 다들 애써 모른 척하며 조용히 일상을 지키려 한다. 가끔 교감의 호령에 어쩔 줄 모르는 숙경이를 보며 학생들 사이에는 숙경이를 죽인 범인이 교감이라는 소문이 돌기도 한다. 그러던 어느 날, 전학 온 다운. 예전 학교에서 외톨이로 지내왔던 다운은 숙경이가 자신과 같은 처지라 착각하고 같이 왕따를 탈출하자며 그녀에게 손을 내미는데...",카카오웹툰,해밀 외 1인
157,샤크,토,"학원폭력의 피해자 차우솔은 자신을 3년 간 괴롭혀온 가해자의 눈을 찌른다. 그 사건을 계기로 우솔의 인생은 180도 달라지는데 왕따에서 범죄자로, 범죄자에서 챔피언이 된 남자, 차우솔의 이야기!",카카오웹툰,운(雲)
158,내일도 출근!,일,"사랑이 싫다. 너무 많은 걸 가능케하니까. 연애 휴식기에 돌입한 지윤은 오늘도 제몫을 해내기 위해 분주하게 살아간다. 쏟아지는 업무, 듣기 싫은 말을 해대는 상사, 싫은 것 천지인 회사이지만 점심 식사 후의 믹스커피 한 잔에 또 하루를 버틴다. 평범한 직장인인 우리의 삶에 특별함이 있을까? 미안하면 술이나 사든가요 회사 내 제일 가는 까칠남 강시우의 속을 알 수 없는 제안에 지윤은 두근거림을 느낀다. 그런데 이거 어떤 두근거림인 거야?! 지윤은 연애 휴식기를 끝내고 새로운 사랑을 찾을 수 있을까?",카카오웹툰,맥퀸스튜디오
159,취향저격 그녀,일,"어떤 남자든 취향저격 할 이미지로 변신하겠어! 하지만 독특한 개강룩과 메이크업으로 사람들의 입방아에 오르게 된 새내기 하해닮. 대학생활은 물론 첫눈에 반한 이호찬과의 연애까지 모두 엉망이 되었다며 좌절하고 있던 찰나, 왜 다들 날 못 잡아먹어 안달이야?! 콰아앙!! 벽간 소음으로 격렬히 싸운 옆집 남자 지찬열이 뷰티 유튜버 얼스라는 것을 알아차린다! 찬열의 비밀을 지켜주는 대신 호찬과 이어지도록 돕기로 서로 약속하며 비밀스러운 하우스메이트 생활을 시작하는데 캠퍼스를 뒤집어 놓은 올해의 새내기, 그의 심장을 저격할 수 있을까?!",카카오웹툰,로즈옹
160,트레이스 리마스터,일,"트레이스, 트러블, 인간.. 그들의 생존을 건 싸움",카카오웹툰,네스티캣
161,주간소년열애사,일,한 지붕 아래 고등학생 남자 5명의 열애치정 드라마! 좌충우돌 파란만장한 집에 떨어진 불호령. 불손한 이성 교제는 절대 금지한다. 서로의 사생활에 간섭하거나 물어보지 말 것! 집에서 쫓겨날 위기에 처한 진천 은 암묵적인 룰을 깨버리고 결국 다른 룸메이트들의 연애사를 파헤치게 된다. 이를 계기로 각자의 사연을 알게 되며 그들의 문제를 해결하려고 하는데... 과연 진천 은 파란만장한 이들의 문제를 해결하고 모두 같이 집에 남을 수 있을 것인가?!,카카오웹툰,박시인
162,슬프게도 이게 내 인생,일,벌어먹고 살아야 하는 현생은 너무 힘들어! 거친 현대사회에서 이리저리 치이며 어떻게든 적응해보려는 어리바리 슬이와 쉽지 않은 직장 생활에 약간 돌아버린 친구들의 슬프지만 즐겁게 살려고 노력하는 이야기,카카오웹툰,슬
163,언데드킹,일,"좀비 강시 16세기 동양의 작은 나라에서 일어났던 한 기괴한 현상, 400여년 후 다시 시작된 그 일은 전 세계를 움직이는 시체들의 세상으로 만들어 버린다. 살아남은 사람들은 움직이는 시체들과 맞서기 위해 사람이 조종할 수 있는 시체, 강시 를 만들어내고 어딘가에서 시작된 그 괴현상을 멈추기 위해 죽은 자들끼리의 전쟁을 시작한다. 질병처럼 확산되는 좀비와 인간의 필요에 의해서 만들어져 그 명령을 받드는 강시. 세상의 운명을 건, 인간 대 인간의 액션으로는 상상조차 할 수 없는 시체 대 시체의 살벌한 전쟁이 시작된다! 언데드 킹!!!",카카오웹툰,윤준식
164,남의 사랑 이야기,일,"내 인생에 사랑은 사치일까. 일 잘하고, 능력 있고, 이성적인 선아 는 자기감정에 유독 서툴다. 특히 연애 감정. 남들은 좋아 죽는다는 그 사랑이 대체 뭔지, 어떤 기분인지 공감 못 하면서도 한 번도 겪어보지 못한 진솔한 사랑에 놓을 수 없는 환상과 부담을 갖고 있는데. 건너 건너 소개로 만났던 남자친구가 바람을 피워 헤어지게 된 날, 예상치 못한 새로운 만남을 갖게 된다. 과연 이번에는?",카카오웹툰,사란
165,일진에게 찍혔을 때,일,"어느 날 갑자기 남사친의 카톡테러. 평범한 여고생 김연두, 카톡테러를 막기위해 남친짤로 프로필을 바꾸었는데 알고보니 그 사진이 우리 학교에서 제일 무서운 일진, 지현호 라고?! 츤데레 지현호, 뇌섹남 반장 서주호, 윗층에 사는 연하남 강아훈, 거기에 마이웨이 야구소년 최승현, 천진발랄한 정지성까지. 어쩌다 잘생긴 일진들에게 둘러쌓인 내 인생은 어떻게 되는걸까?",카카오웹툰,언정이
166,이상징후,일,"이 복잡한 세상을 살면서 사람들이 자기도 모르게 서서히 인간성을 상실할 때, 이상현상이 발현 된다. 이상 현상은 사람마다 제각각이다. 사람이 아닌 이상한 모습으로 변하는가 하면 동시에 이상한 능력이 생기기도 한다. 이런 이상 현상을 치료해주는 이상 현상 연구원 . 그곳의 연구 소장 서리는 사람의 모습을 한 채 인간들의 병을 연구를 하고 치료 해주며 아픈 사람들을 돕는 도깨비이다. 인간을 돕는 착한 도깨비 같지만 서리는 언제나 비웃으며 인간들에게 말한다. 누구나 인생이 지옥처럼 느껴지면 이상 현상이 벌어집니다. 다음 차례는 바로 당신일지도 몰라요.",카카오웹툰,잇선
167,백의조각,일,"백의 일가 사람들은 저주로 인해 15년마다 신체 일부를 바쳐야 한다. 이를 몰랐던 혼외 자식 윤지호 는 그들의 꾀임에 넘어가 한쪽 눈을 잃고 만다. 15년 뒤, 윤지호의 딸이 똑같이 신체 일부를 잃게 될 위기에 처하자 윤지호는 딸을 위해 백의 일가를 무너뜨릴 계획을 세운다. 그리고 그 선택은 파멸을 몰고 오는데...",카카오웹툰,홍일
168,그 아해,일,정신병원에서 실습중인 간호사 초이 평범한 직장 생활을 하던 어느 날 한 환자가 의사 행세를 하며 돌아다니는 것을 목격한다. 이상하게 그녀에게 관심을 가지던 그 이상한 환자는 퇴원 선물을 주겠다고 말을 남긴 뒤 눈 앞에서 사라지고 초이를 괴롭히던 직장 상사가 끔찍한 일을 당하게 되는데...,카카오웹툰,권계림
169,우범소년,일,"학교폭력 가해 학생에게 다소의 위협과 폭력을 행사하여 피해자를 구제하는 서비스로 돈을 받는 소위 흥신소 를 운영중인 유영인과 고성욱, 김그린. 어느 날 피해자가 아닌 가해자 부모가 찾아와 자신의 아들인 중학교 2학년 김성원의 탈선을 막아달라는 특이한 의뢰를 맡긴다. 불량학생이라기엔 너무나도 평범해 보이던 성원은 돌연 일진회 소속 고등학생 김형곤을 의식불명으로 만드는데, 6년 전 친형을 교통사고로 죽게 만든 복수의 시작이었다. 만13세 촉법 소년 이라는 이유로 처벌을 면한 가해자들을 자신도 촉법 소년 나이일 때 복수를 하겠다는 황당하지만 무서운 계획. 어떻게든 복수를 감행하려는 성원과 그를 막으려는 흥신소간의 쫓고 쫓기는 추격전. 아이들은 새하얀 캔버스와 같아 어떤 색으로도 물들 수 있고, 그러기도 쉽다. 그래서 모든 아이들은 결국 우범소년이다. 오늘도 흥신소는 여전히 성업중이다.",카카오웹툰,병장
170,질투유발자들,일,"썸만 타는 자들을 위해 그들이 왔다! 질투유발자들! 연애엔 도달하지 못한채 썸에만 머물러 있는 사람들을 위해 질투유발자들 이 나섰다. 개인 방송 채널 질투유발자들 을 운영하고 있는 건우 와 유민 은 연애에 도달하고 싶은 사람들로부터 의뢰를 받아, 썸 상대를 질투 유발시켜 고백을 이끌어내 사랑이 이루어지도록 해주려 하는데... 유민의 열성팬인 우리 가 회사에 입사하면서 그들의 숨겨져 있던 질투가 드러나게 된다. 서로가 서로의 질투유발자가 되어가는 질투유발자들 . 누가 누구의 질투유발자가 될 것인가!?",카카오웹툰,김꽁
171,가드패스,일,"평소 먹는 것을 좋아해 뚱뚱하고 큰 체격을 가진 임세준 . 그는 뚱보라는 놀림에도 신경 쓰지 않는 자존감이 높고 확고한 성격을 가졌다. 그에게 단 한 명의 친구 서하진 . 그녀는 어릴 적부터 세준을 지켜주기 위해 늘 운동을 배워왔다. 어느 날 세준은 같은 반 일진과 트러블이 생기고 그것을 본 하진은 눈이 돌아가 일진을 박살 내게 된다. 그런데 어느 날 밤 하진은 심하게 폭행당한 채로 발견되고 크게 다친 무릎과 더 심각한 정신적 후유증을 얻는다. 세준은 경찰에게 말해보지만 수사에 별 진척이 없자 분노를 주체하지 못하고 직접 범인을 찾아 나서지만 주짓수를 배운 일진에게 패배하고 아무것도 알아내지 못한다. 그리곤 그를 구해준 제이슨 이라는 사람에게 주짓수를 배우게 되는데, 그렇게 3개월, 운동을 배우고 살을 뺀 세준은 일진들을 쓰러뜨려가며 베일에 싸인 한 단체가 연루되어있다는 사실을 알게 되고, 그 뿌리까지 모조리 뽑아버리려 한다. 개인의 복수를 그리는 학원 액션 드라마.",카카오웹툰,오손도손
172,무법대학,일,"올해 스무 살이 된 오정서 가온 대학 경호학과에 스카우트되어 입학한다. 대학 입학과 함께 새 삶을 꿈꿨던 오정서의 기대는 입학 첫날부터 학회장 이용오의 주먹에 처참히 부서지고, 가온 대학이 평범한 대학이 아니라는 사실을 알게 된다. 오정서는 이 폭력과 부조리, 비밀이 가득한 가온 대학에서 학회장 이용오를 비롯해 자신에게 적대감을 보이는 선배와 동기들에게 굴하지 않고 맞서 싸우면서 그의 대학생활은 첫 매듭부터 꼬여버리고 만다. 하지만 오정서 역시 아무 이유 없이 스카우트된 것이 아니었고, 그는 자신의 과거를 이용해 스카우트한 경호학과의 1인자 성덕호 교수의 가장 강력한 장기말로 이용되기 위해 경호학과 수석을 목표로 싸우게 된다. 하지만 이런 오정서의 사정과는 별개로 입학 첫날부터 제대로 꼬여버린 오정서가 이빨을 드러내기 시작하자 점점 더 강한 상대들이 싸움을 걸어오기 시작하는데",카카오웹툰,기령
173,내 친구는 선녀보살,일,겉보기에는 에서 유명한 인싸 고등학생 무당으로 살고 있는 김선녀! 그러나 선녀가 를 택한 건 유명세도 인기도 아닌 가문의 업보를 씻기 위함이었다. 조금 어두운 목표를 위해 영적 의뢰를 하나씩 해결해가는 선녀의 곁에는 백호와 깊은 인연을 가진 친구 유미와 인간에게 호의적이지만은 않은 몸주신 청송이 함께하는데.. 선녀는 과연 가문의 업보를 씻고 자유로운 삶을 살 수 있을까?,카카오웹툰,챰
174,하렘생존기,일,"같은 날 하렘에 들어오게 된 두 소녀, 나스챠와 아샤. 같은 이름, 같은 색 머리카락을 가지고 있었던 둘은 여러 사건을 겪으며 서로에게 호감을 가지게 되지만 주변 상황들로 인해 어쩔 수 없이 대립한다. 나스챠는 영리한 탓에 여러 사람의 눈에 띄지만 조용히 살고 싶어했고 아샤는 아름다운 외모로 권력을 탐하지만 완전히 냉정해지지 못했다. 마침내 서로 갈등을 피할 수 없게 되었을 때 그들은 어떤 결정을 할 것인가?",카카오웹툰,오리발
175,크라우드,일,"세상엔 쓰레기 같은 일진만 있을 뿐이다. 일진 펀딩 앱 울타리 ! 펀딩 성공 시, 해결사 펜서 가 일진을 쓰러트린다. 이에 규현은 자신을 괴롭히던 일진들을 펀딩하고, 펜서인 인성 의 도움을 받아 일진을 쓰러트린다. 하지만 울타리는 펜서의 정체를 알게 된 규현을 가만 안 두고, 설상가상 복수를 다짐한 일진까지 나타나며 규현은 울타리와 일진 모두의 표적이 된다. 이제 규현이 선택할 수 있는 것은 한 가지 뿐. 펜서가 되어 울타리의 추적을 피하고, 일진들을 쓰러트리는 것이다. 그렇게 규현은 인성에게 훈련을 받으며 점점 펜서의 길을 걷게 되는데...!",카카오웹툰,만두비
176,씨방것들,일,"웬만한 연예인보다 핫하다는 대한민국 최고의 관종 가족 방씨 일가 돈 많고 잘났지만 천박한 이 가족은 관심받기 위해 어떤 막장 행동도 서슴지 않는다. 불행히도 관종 가족 사이에서 병적일 정도로 평범함을 추구하는 막내딸 방은해의 인생 목표는 공기처럼 살기 그러나 도움이 안 되는 가족들은 그들의 일상을 다룬 리얼리티 프로그램 을 론칭, 방송 진출까지 꾀하는데... 막내딸 방은해는 프로그램을 망치려다 오히려 대중의 관심을 받게 되고 설상가상 핫한 배우, 장휘민에게 첫눈에 반해버리고 만다! 그 와중에 소꿉친구 남영원이 자신을 짝사랑했다는 걸 알게 되어 그야말로 혼란의 연속! 공기같은 삶과 처음 느끼는 설렘, 자신을 이해해주는 존재. 은해는 무엇을 지키고 무엇을 포기해야 할까?",카카오웹툰,오청
177,미래의 사진,일,"아무래도 이 카메라, 미래가 찍히는 것 같은데..?! 사진 찍는 것을 좋아하는 평범한 여고생 한미래는 우연히 버려진 폴라로이드 카메라의 비밀을 알게 된다. 그리고 카메라에 찍힌 충격적인 장면! 바로 미래가 짝사랑하는 반장, 남주영이 머리를 맞은 채 쓰러져 있는 게 아닌가? 카메라를 이용해 남주영을 구하기로 결심하지만 일진 황진일과 얽히게 되면서 범인으로 오해를 받지 않나, 급기야 스토커 취급까지 받게 되는데! 우여곡절 끝에 주영을 구하지만 미래는 뜻밖의 말을 듣는데. 미래야, 왜 나를 쫓아다니는거야? 아직 사건은 끝나지 않았다! 설렘과 스릴이 공존하는 학원 미스터리 로맨스.",카카오웹툰,낑깡
178,밤의 향,완결,당신의 살내음과 여름밤의 향기를 난 평생 잊지 않을 거에요,카카오웹툰,
179,토이 콤플렉스,완결,"혹시 오늘 밤, 나와 함께 보내줄 수 있나요?",카카오웹툰,
180,경이로운 소문,완결,영원불멸의 삶을 위해 지구로 내려온 사후세계 악한 영혼들. 그들을 잡는 카운터들의 이야기.,카카오웹툰,
181,괜찮은 관계,완결,"남부럽지 않은 연애 중인 고지원, 그녀에겐 부끄러운 고민이 있는데...",카카오웹툰,
182,4학년,완결,날 바라보는 아이의 눈빛이 이상하게 느껴진다.,카카오웹툰,
183,창백한 말,완결,"1835년 프랑스, 마녀로 불리던 소녀의 핏빛 운명",카카오웹툰,
184,N번째 연애,완결,몇번의 연애를 거쳐야 인연이 나타날까? 청춘 끝자락에서 진정한 사랑을 찾아가는 이야기,카카오웹툰,
185,브레이커2,완결,"대한민국 최고의 도시무협 액션, 그 두 번째 신화가 펼쳐진다!",카카오웹툰,
186,굿바이 사돈!,완결,사돈 사이가 된 원수지간 남녀. 때마침 모든 걸 되돌릴 수 있는 기회가 눈앞에 찾아오는데!,카카오웹툰,
187,여혜,완결,가려진 진실과 휘말린 애증 속 엇갈리기만 하는 이들의 가슴 시린 시대극 로맨스.,카카오웹툰,
188,이태원 클라쓰,완결,"각자의 가치관이 어우러지는 이 곳, 이태원 . 이 거리를 살아가는 그들의 이야기",카카오웹툰,
189,레드스톰,완결,"사막의 찐득찐득한 모래바람과, 그곳을 질주하는 전사들의 이야기",카카오웹툰,
190,다이어터,완결,뚱뚱한 청춘은 가라! 캐러멜 작가가 선보이는 다이어트 백서!,카카오웹툰,
191,우리 집에 왜 왔니,완결,바쁜 일상을 살아가는 회사원 서재희 앞에 나타난 낯설기만 한 그 녀석. 그 녀석에 대한 선입견을 벗겨라!,카카오웹툰,
192,버닝 이펙트,완결,"죄를 지은 자, 죄질의 경중을 막론하고 사형에 처한다. 인구 수 폭증과 범죄율 증가로, 정부는 특단의 법을 내놓는다. 범죄자는 이유 불문하고 처단 . 길거리에 침만 뱉어도 죽을지 모르는 도시에서 시민들은 불안함에 시달리고 이를 두고 볼 수 없었던 자들이 혁명을 일으킨다. 혁명단 제볼트 의 버너 . 정부의 검, 관리자 그레이트 . 이 둘을 중심으로 점점 번져가는 정부와 혁명단의 싸움. 법을 집행하는 자와 세상을 뒤엎으려는 자들의 치열한 전쟁이 시작된다. 과연 버너 일행은 강력한 관리자들을 꺾고 즉결 처형 제도를 무너트릴 수 있을 것인가?!",카카오웹툰,
193,아쿠아맨,완결,누군가 내 연애를 자꾸 방해한다! 그게 내 친구라면? 신나루의 모태솔로 해방기!,카카오웹툰,
194,초상화,완결,"18세기 유럽, 헬리는 스승을 대신하여 백작가문에서 딸의 초상화를 그리게 되는데..",카카오웹툰,
195,홍도,완결,동양 판타지. 온라인 만화공모대전 우수상 수상작,카카오웹툰,
196,TEN,완결,지옥을 벗어나고 싶다면 10명 안에 들어야 한다.,카카오웹툰,
197,경성야상곡,완결,"1928년 일제강점기 경성, 두 소녀의 뒤바뀐 운명",카카오웹툰,
198,까락,완결,주먹 자랑을 하지 말아야 하는 벌교. 그곳에 서울 조폭 이 내려와 물을 흐린다!,카카오웹툰,
199,아띠아띠,완결,너는 나를 얼만큼 사랑하니?,카카오웹툰,
200,실,완결,"다시 돌아가는 거야, 당신에게로!",카카오웹툰,
201,설공찬전,완결,호러 소설 작가 설공찬이 우연히 마주친 아랫집 남자와 겪게 되는 미스터리한 로맨스,카카오웹툰,
202,발자국이 녹기 전에,완결,"가상의 조선, 세상에 의한 아픔을 가진 사람들의 사랑 이야기",카카오웹툰,
203,PEAK,완결,이제껏 본적 없는 웰메이드 산악구조 액션!,카카오웹툰,
204,껍데기,완결,"예뻐지고 싶은 태희와 성형외과 의사 도하, 그들은 껍데기만으로 행복해질 수 있을까?",카카오웹툰,
205,국민사형투표,완결,어느 날 당신에게 도착한 국민사형투표 문자. 당신의 선택은?,카카오웹툰,
206,무장,완결,"고려 무신정권, 노비에서 무장으로 다시 태어난 영웅!",카카오웹툰,
207,무빙,완결,남들이 모르는 비밀을 간직하고 있는 고등학생. 그리고 그 부모들의 이야기. 소년소녀들의 성장기.,카카오웹툰,
208,징크스의 연인,완결,재벌가가 숨겨둔 행운의 여신이 가난하고 재수 옴 붙은 내게로 왔다.,카카오웹툰,
209,어둠이 걷힌 자리엔,완결,묘진전 작가 신작. 19 년 경성의 한구석에 자리한 특별한 가게. 그곳에 모이는 기기묘묘한 사연들,카카오웹툰,
210,어쩌다 발견한 7월,완결,할 수 있는 게 이것 밖에 없었어. 단지 너를 만나러 가는 것.,카카오웹툰,
211,나빌레라,완결,"나이 일흔에 도전을 시작했다. 스물셋, 방황이 시작됐다.",카카오웹툰,
212,퍼펙트 게임,완결,"치열한 직장인의 삶과 야구인으로서의 삶, 대한민국 최초의 사회인 야구만화 퍼펙트 게임",카카오웹툰,
213,타고난 사람들,완결,"돈은 안 되지만, 살기엔 편한 무엇을 타고난 사람들",카카오웹툰,
214,왈퐈,완결,그가 죽었다.. 그리고 시작된 시아버지와 며느리의 합작 복수극!,카카오웹툰,
215,양말도깨비,완결,양말이 한짝씩만 사라지나요? 당신의 집에도 도깨비가 있을지 몰라요,카카오웹툰,
216,브레이커1,완결,대한민국 최고의 도시무협 액션! 만화속세상 온라인 독점 공개!,카카오웹툰,
217,살생부,완결,조선초 단종복위운동을 배경으로 한 하드코어 액션사극. 만화공모대전 대상작,카카오웹툰,
218,십이야,완결,우리는 누구를 사랑했을까? 가국에서 펼쳐지는 판타지 로맨스,카카오웹툰,
219,나의 빛나는 세계,완결,사람이 두려운 한 소녀. 그리고 다가온 작은 빛. 피노키오 작가 신작,카카오웹툰,
220,묘진전,완결,"하늘로 돌아가고 싶은 남자, 묘진. 그와 얽힌 기묘한 이야기",카카오웹툰,
221,겨울과 봄사이,완결,색청을 앓고 있는 하연에게 나타난 대비되는 색깔의 두 남자,카카오웹툰,
222,곱게 자란 자식,완결,평범한 시골 소녀 이야기. .소녀만 평범한 그런 잔인한 이야기,카카오웹툰,
223,유색의 멜랑꼴리,완결,이 결혼 용납 못 해! 떨어지는 꽃잎 사이로 벌어진 난투극. 34살 유도완의 결혼식은 그렇게 망했다.,카카오웹툰,
224,연애싫어,완결,연애를 싫어하는 여고생 하연실에게 일어나는 다양한 일상 공감 코믹연애물!,카카오웹툰,
225,이끼,완결,"나를 거부하는 고향 사람들의 시선, 그 이유는? 한국식 잔혹스릴러의 막이 올랐다!",카카오웹툰,
226,0.0MHz,완결,심령현상을 과학적으로 밝히려는 위험한 발상의 사람들,카카오웹툰,
227,브릿지,완결,강풀 액션만화 두번째 시즌 브릿지 . 한국형 히어로들의 이야기는 아직 끝나지 않았다!,카카오웹툰,
230,사랑하는 가족에게,완결,"우리집에는 악마가 산다. 국내외에서 실력을 인정 받은 유화작가 영철 . 성악가 아내와 그림에 천재적인 재능을 가진 아들 환희. 단란해보이는 예술가 가족으로 영철은 더 완벽하게 보이는데... 하지만 영철은 환희를 키우며 은연중에 아들이 자신의 자리를 빼앗으려 한다는 느낌을 받게 된다. 두 사람이 함께 준비하게 된 합동 전시회에 환희가 메인 그림을 맡게 되면서 영철의 불안감은 점점 커져만 가고, 환희의 공격적인 모습을 보며 영철은 자신의 자리를 지키기 위해 아들을 적대하며 의중을 파헤치기로 결심한다!",카카오웹툰,
231,너를 기다리는 날,완결,"7살 하윤이의 99일 실종. 10년 전의 일을 기억하지 못한 채 하윤이는 그렇게 부모의 과보호 아래 제약된 삶을 지내고 있다. 극도의 피로감을 느끼는 하윤. 10년 전 일인데, 왜 이렇게까지 하시는 거야?! 답답함을 못 이긴 하윤은 실종 당시 발견되었던 장소로 향한다. 정체 모를 괴물의 습격과 자신을 구해준 의문의 푸른 머리 소년. 놀란 것도 잠시, 소년은 하윤을 보고 울음을 터뜨리는데 잃어버린 99일의 기억과 푸른 소년의 정체까지 혼란스러운 하윤이 찾아야 할 기억의 진실은 무엇일까?",카카오웹툰,
232,감방에서 남자주인공을 만났습니다,완결,눈 떠보니 책 속의 감방이다?! 그런데 감옥에 갇힌 남자주인공이 내게 관심을 보인다. 멍멍이처럼 짖으면서. 왜죠?!,카카오웹툰,
233,단짠남녀,완결,잘 먹던 여자 단아영. 못 먹는 남자 안찬희. 모두 각자의 애인으로부터 아픔을 간직하고 있는 이들. 옆집 이웃이었지만 서로의 존재도 모를 정도로 관심 없던 사이. 둘은 어쩐지 끼니 때만 되면 마주치는 일도 잦아진다. 그리고 둘 사이의 감정도 점점 깊어져만 가는데... 이 두 사람에게도 상처를 치유하고 맘 편히 식사를 즐길 수 있는 날이 찾아올까?,카카오웹툰,
234,해오와 사라,완결,"해방 후, 섬 안의 섬 제주 우도에 사는 15세 해녀 해오 가 인어 사라 를 만나 펼쳐지는 이야기. 어린 시절 갑자기 떠나간 엄마에 대한 상처와 원치 않을 혼약으로 답답한 나날을 보내던 해오 . 어느 날 밤, 해변에 쓰러져있는 인어 사라 를 구해준다. 이를 계기로 서로의 상처를 다독이며 친구가 되는 해오와 사라. 한편, 해오는 새로이 섬에 등장한 여희 라는 의사가 연 야학에서 해녀 친구들과 글을 배우기 시작한다. 배움의 기쁨도 잠시, 여희는 섬에 온 또 다른 목적이 있었으니... 인어 때문에 벌어진 끔찍한 과거의 사건으로 마을 사람들과 인어의 갈등이 깊어져만 간다. 해오는 무사히 사라를 지킬 수 있을까? 푸른 바다를 배경으로 아름답고도 서글픈 인간과 인어의 인연이 시작된다.",카카오웹툰,
235,승리호,완결,"황폐화된 지구. 거대 다국적 기업 는 지구와 유사한 환경의 스페이스콜로니를 건설하고 소수의 선택받은 사람들에게만 시민권을 부여한다. 시간이 흐를수록 지구는 몰락해가고 급기야 스페이스콜로니의 거대한 쓰레기장으로 변한다. 자치 경찰 최고의 에이스였지만 민간인 사살을 거부하고 퇴출된 태호 전직 조폭 박씨, 최고의 밀수꾼이자 우주선 튜닝의 달인 장선장, 전투형 안드로이드 업동이 이렇게 4명은 우연한 기회에 만나 우주 청소부로 살아가게 된다. 어느날 비싸보이는 우주선 잔해를 수거한 이들은 의 수장 설리번 박사의 엄청난 음모를 알게되고 계획을 저지하려 움직이게 되는데......",카카오웹툰,
236,콜로세움,완결,압도적이고 거대한 그들의 힘과 부딪히는 특별한 한 명,카카오웹툰,
237,음란마귀지만 괜찮아!,완결,"음란마귀의 저주? 나 이 저주에서 탈출 할래! 야설을 성경처럼 읽고, 야동을 드라마처럼 보는 음란마귀 중의 음란마귀, 이하임. 하지만 한편으론 귀여운 외모 때문에 무성한 소문과 내 취향이 아닌 이상한 남자들이 꼬이는 일로 스트레스 받기도 한다. 그런 하임의 앞에 우연히 버려진 19금 만화책. 그 책은 취향 한번 확실하고 깐깐한 음란마귀가 인정할 만큼의 완벽한 띵작이었다. 그리고 그 책에 남겨진 의문의 작가의 말. 이 책은 당신에게 원한을 품은 자가 보낸 만화책입니다. 그 이후 그녀는 상대 남자와 뽀뽀 이상의 상상을 하게 되면 흩날리는 장미꽃과 함께 더 이상의 진도는 커녕 모든 관계가 붕괴돼버리는 상태가 되어버리고 만다.",카카오웹툰,
238,학교대표,완결,"네게 컵 고교 동아리 200여 팀과 참가 선수 5,000여명에 달하는 전국 최대 규모의 유소년 축구대회. 나름 축구 천재였지만 공백기를 거치면서 소문난 개 발로 전락한 주인공 나두호는 주암고 축구 동아리 채플린 회원으로서 친구이자 매니저인 정아영과 함께 네게 컵에 출전한다. 목표는 단지 하나!! 대회 우승과 함께 프로 진출의 꿈을 이룰 수 있는 차세대 아이들 최종 11명 에 선정되는 것. 지역 예선을 시작으로 본선 토너먼트를 거치며 나두호의 잠들어 있던 축구 본능이 깨어나기 시작한다!",카카오웹툰,
239,당신도 보정해 드릴까요?,완결,살 빼서 예전으로 돌아갈 거야! 미인으로서의 삶을 즐겼던 지아는 스트레스를 음식으로 풀어버리는 바람에 단기간에 30킬로가 불어난다. 마음이 남아있는 전 남자친구가 자신을 알아보지 못하자 자괴감에 빠져있던 지아는 사진을 보정하면 사진처럼 변하는 마법의 타블렛 을 갖게 된다. 자신감을 잃었던 지아에게 타블렛은 하늘이 내려준 최고의 선물이자 득템! 하지만 타블렛이 있으면 모든 것이 해결되는 걸까? 있는 그대로의 모습을 받아들이고 자신을 사랑할 수는 없는 걸까? 타블렛은 앞으로 지아에게 어떤 영향을 주게 될까..?!,카카오웹툰,
240,나비는 세 번 변태한다,완결,"자신을 따돌리는 회사 동료 아라의 생일 파티에서 그녀의 남자친구 제이와 키스를 하게 된 나예 ! 죽은 언니과 자신을 비교하는 엄마, 그리고 자신을 호구 취급하는 주위 사람들 틈에서 억눌려 있던 나예에게 제이와 키스한 날 밤 이후로 나쁜 목소리가 들려온다. 제이의 밴드 멤버인 언니들, 그리고 제이와 어울리며 차츰 변해하는 나예. 과연 그녀는 그동안의 답답한 나날에서 벗어나 새로운 삶을 살 수 있을까?",카카오웹툰,
241,이담,완결,"절친한 친구에게도 털어놓지 못한 비밀을 가진 민영! 썩은 내 가득한 집과 아빠를 피해 학교로 도망친 민영은 아빠가 아파트에 불을 질러 사고가 난 것을 알게 된다. 하지만 차마 경찰에게도 비밀을 털어놓지 못한 민영, 급하게 강원도에 사는 외할머니에게 맡겨지게 되고 외할머니의 보살핌 덕에 일상을 찾아가지만 자신의 비밀을 캐기 위해 접근한 사람들 때문에 괴롭힘을 당한다. 결국 재원이라는 소년의 도움으로 강원도를 떠나게 되는데... 7년 뒤, 다른 사람처럼 살아가던 민영은 우연히 자신의 비밀을 토대로 소설이 만들어졌고, 그 소설을 토대로 영화가 개봉될 거란 사실을 알게 된다. 민영은 과거의 친구들과 함께 이를 막을 수 있을까?!",카카오웹툰,
242,형제가 사랑한 마녀,완결,"묘약으로 시작된 기간한정 연애, 두 형제를 사로 잡아버린 마녀의 후예",카카오웹툰,
243,요괴백정,완결,"도깨비에게 어머니를 잃었다고 생각한 온달, 복수를 위해 도깨비를 찾아나선다! 도깨비 김서방과 싸우는 과정에서 한쪽 팔을 잃고, 어머니를 해한 자가 도깨비의 이름을 쓴 채 인간들을 마구 해치는 어떤 존재라는 것을 알게 된 온달. 한편 100여년 전 인간과의 어떤 약속 때문에 아차산 동굴에서 숨어지낼 수 밖에 없던 김서방, 도깨비의 이름을 더럽히는 존재를 파악하기 위해 자신의 오른팔과 그의 검 망나니를 온달에게 넘겨주고 함께 여행길에 나서는데... 그들은 오니라는 이세계의 요괴를 이용해 욕심을 채우려는 인간 곽부언이란 자가 얽혀 있다는 것을 알아내며, 그들의 음모를 막기 위해 더 큰 위험 속으로 뛰어든다!",카카오웹툰,
244,피치 (PITCH),완결,"17세. 자신이 선택한 무게를 지고 오른다. 거친 호흡, 쏟아지는 땀. 철주의 계절은, 1도 더 높다.",카카오웹툰,
245,인스타러브,완결,"갑작스런 헤어짐을 통보받고 상처받은 율, 전남친에게 보란듯이 성공한 모습을 보여주기 위해 셀럽이 되기로 한다.",카카오웹툰,
246,마이셀프,완결,인기 스트리머지만 남모를 아픔을 가진 예림. 여러 위협 속에서 나를 찾기 위한 사투가 시작된다.,카카오웹툰,
247,왕 그리고 황제,완결,"영혼이 바뀐 고종과 태종, 그들은 조선을 바꿀 수 있을까?",카카오웹툰,
248,하나밖에 안 보여!,완결,햇살 같은 하나와 음침 미소년 창욱이의 친구 만들기 프로젝트!,카카오웹툰,
249,사화,완결,연인 마리 의 죽음으로 깊은 슬픔에 잠긴 베누 그 앞에 나타난 까마귀 디테 는 꽃 을 모으는 대신 마리를 되살려주겠다며 거절할 수 없는 유혹의 손길을 뻗치는데 마리를 살릴 수만 있다면 뭐든 할 수 있어. 사랑을 놓을 수 없는 남자 베누와 그 마음을 이용해 꽃을 피우는 악마 디테. 삶과 죽음에 관한 아름다운 이야기 사화,카카오웹툰,
250,고교호구왕,완결,만인의 호구! 왕따 한결 이 검도의 신을 만난 후 검도선수로 성장하는 이야기,카카오웹툰,
251,하필 너야?!,완결,불의의 사고로 고양이가 된 그녀. 운명의 그를 만나고 사람이 될 수 있을까?,카카오웹툰,
252,그 남자의 하이힐,완결,"평범하다 못해 존재감마저 희미한 남자 만석, 그에겐 은밀한 취미가 하나 있는데... 그건 바로 하 이 힐을 신는 것! 그의 발은 슬럼프에 빠졌던 천재 구두 디자이너 체이스 오의 영감을 자극하기 시작하고... 하이힐을 신는 남자 만석과 하이힐을 만드는 남자 체이스 오 두 남자의 운명적 이야기, 그남자의 하이힐",카카오웹툰,
254,화목한 가족,완결,"의미 없는 삶에 지친 고3 영진, 비밀이 많아 보이는 전학생 유은과의 만남으로 변화가 생긴 삶",카카오웹툰,
255,서천화원,완결,황태제비라는 이름의 볼모는 누가 돼도 상관없어. 약소국 월연의 공주 소루하는 정략결혼을 피해 도망친 언니를 대신해 황제의 동생 선우염과 혼례를 치를 위기를 맞는다. 내 나라에 쳐들어와 수많은 병사들을 죽이고 어머니마저 살해한 남자의 아내가 되라고? 무능한 부왕의 명령에 분노한 소루하는 남장을 하고 궁을 빠져나가 복수를 계획한다. 황궁 어의가 되어 황태제에게 접근하겠어! 철이 없지만 검술만은 뛰어난 부잣집 도련님 장여해와 전 황궁 어의 백효청이라는 든든한 조력자를 얻게 된 소루하. 과연 황태제를 죽여 어머니의 복수를 할 수 있을까? 미묘하게 얽혀가는 두 남자와의 관계는 어떻게 흘러갈 것인가?,카카오웹툰,
256,유치원 신드롬,완결,작가를 준비하고 있는 예담은 며칠간 친오빠의 집에 머문다. 하지만 조카가 다니는 유치원이 좀 이상하다.,카카오웹툰,
257,보글보글챱챱,완결,"먹고, 먹으니, 먹으면서, 먹자마자, 먹자 하니, 먹으며, 먹는다면, 먹었으니, 먹을 테니, 먹어서, 먹으려면, 먹고서, 먹을 수가, 먹으려니, 먹자니, 먹으니까 맛있게 잘 먹겠습니다 아, 태어나길 잘했어!!! 매일매일을 행복으로 채우는 맛있는 한입! 보글보글챱챱",카카오웹툰,
258,옆집남자,완결,서른 살. 청춘의 한 가운데에 놓인 작가 지망생의 생계형 로맨스.,카카오웹툰,
259,같은 방에서,완결,"서민 체험할 좁은 방이 필요해요! 한 30평 정도? 재벌집 막내아들, 유하성. 그에게 떨어진 가문의 미션! 한 달간 집을 나가 검소하게 생활하는 이른바 서민 체험 . 높은 서울 물가에 허덕이는 서민, 이지호. 그에게 닥친 위기! 월세를 내려면 룸메이트 를 찾아라. 모태금수저 하성과 프로절약러 지호. 두 남자의 파란만장 동거 라이프 같은 방에서",카카오웹툰,
260,특별직,완결,국민청원을 해결하기 위한 특별직. 호연은 임무 수행 중 과거의 숨겨진 진실들을 알게 된다.,카카오웹툰,
261,용의주도 황비,완결,세계관 최강자 백룡 폭군의 아내가 되다?,카카오웹툰,
262,내추럴 리드미칼2,완결,"액션 활극, 쑈오리 라마가 세상을 바꾼다!",카카오웹툰,
263,괴물아기,완결,"우연히 괴물 아기를 키우게 된 가출 소년 김호, 과연 그들은 행복해질 수 있을까?!",카카오웹툰,
264,냥냐라냥냥,완결,나만 없어 고양이 집사! 갑자기 생긴 고양이 집사들과의 좌충우돌 휴먼 다큐멘터리,카카오웹툰,
265,구리의 구리구리 컴백,완결,"논픽션 좌충우돌, 돌아온 구리의 구리구리한 개그 일상툰",카카오웹툰,
266,카페 보문,완결,사람들의 이야기가 만들어지고 마음을 나누는 공간 카페 보문 오픈하였습니다.,카카오웹툰,
267,일생에 변태를 세 번 만날 확률,완결,교내 최고 인기인 얼음공주 차미라에게 배달된 선물... 그것은 남자의 ?!,카카오웹툰,
268,묘씨맥주점,완결,솜방망이 손으로 건네는 맥주 한 잔과 작은 위로,카카오웹툰,
269,이게뭐야,완결,평범하지만 평범하지 않은 두 남자의 이야기,카카오웹툰,
270,미래의 너에게,완결,"17살!! 연애 경험 , 사랑 ! 연애에는 전혀 관심 없고, 흥미 없던 나. 어느 날 우연히, 꿈속에서 미래의 남자친구를 미리 본다?!! 이게 무슨 일이야?! 두근 두근.. 사랑해... 꿈이 아닌 현실에서도 너를 만나게 됐어. 넌 날 모를 텐데 ... 이건! 사랑의 족보? 근데 말이야...난 아직 연애할 생각이 전혀 없다고..!! 그치만... 왜 이렇게 너에게 눈길이 가는 걸까? 왜 이렇게 넌 나에게 자상해? 왜 이렇게 넌 나한테 잘해줘..? 그리고... 그런 널 보면 난.... 꿈과 현실, 두 공간에 얽힌 미래를 보는 소녀의 풋풋하고 귀여운 특별 로맨스!",카카오웹툰,
271,퍼펙트 마인,완결,동물의 시체를 찍는 모범생?! 예쁘고 공부까지 잘하는 모범생 백나비는 비밀스러운 취미를 가지고 있다. 어느 날 전학생 허상연에게 전교 1등 자리를 뺏긴 것도 모자라 사체를 찍는 장면을 들켜버리지만 뜻밖에도 허상연은 나를 네 것으로 만들어 달라 며 백나비에게 고백을 해온다. 과연 그의 진짜 속내는 무엇일까. 죽을 만큼 날 사랑할 수 있는 진짜 나의 것 을 향한 일그러진 학원 로맨스!,카카오웹툰,
272,여자만화 구두,완결,"첫사랑이 짝사랑으로 끝난 후, 처음으로 자꾸 눈길이 가는 남자가 생겼다. 내가 좋아하는 사람이 날 좋아하는 기적 같은 일. 내게도 생길 수 있을까?",카카오웹툰,
273,우리학교 김선생님,완결,초보 교사 수지와 완벽한 교사 선우. 너무 다른 두 명의 김 선생님 이야기.,카카오웹툰,
274,큐레이터,완결,"빽으로 흥한 자, 빽으로 망했다! 멀지 않은 미래. 초인적 능력을 지닌 유물의 등장으로 사람들은 이능력을 얻게 되고 지구는 망했다. 그런 세상에서도 세 가지는 살아남았으니 바로 바퀴벌레와 사기꾼, 그리고 공무원! 엘리트 가문의 둘째 도련님, 홍유태. 두뇌명석, 눈치만렙, 유물 관리단 후보생 수석 졸업까지! 하.지.만. 그 구더기 집단에 가라고?! 발령받은 곳은 낙오자들이나 가는 제9관리단? 유물을 다루지 못하는 유물 관리 공무원의 본격 이능배틀물 큐레이터 !",카카오웹툰,
275,그림자정원,완결,기묘하고 아름다운 식물원. 그리고 당신을 기다리는 어둠의 이야기.,카카오웹툰,
276,오늘도 꽐랄라라,완결,술은 잘해도 연애는 잘 못하는 말술녀 4인방의 취중연애담,카카오웹툰,
277,트레이스,완결,"어느 날 갑자기 세상에 나타나 인간들을 공격하는 정체불명의 존재, 트러블! 트러블이 나타난 후, 트러블에 맞서 싸울 수 있는 인간 능력자들이 나타나기 시작했다. 트러블, 트레이스, 인간. 각자 생존을 건 싸움이 시작된다.",카카오웹툰,
278,조우,완결,"누구나 맞닥뜨릴 수 있는, 하지만 결국은 남의 일로 치부해 버리는.",카카오웹툰,
279,크라이시스,완결,대재앙으로 황무지가 된 근미래 지구. 재앙 전후로 초능력 릿 을 지닌 인간들이 태어나고 그들은 암리타 라 불린다. 하지만 시간이 흐를수록 암리타와 보통 인간 사이엔 갈등이 심화되어만 가는데... 인류의 위기 속에서 마주한 천방지축 암리타 소년 니코와 비밀을 간직한 소녀 리바. 두 사람이 펼치는 모험의 끝은?! 본격 초능력 액션판타지 크라이시스 !,카카오웹툰,
280,방탕일기,완결,"34살, 제대로 놀아본 적 없는 성인의 뒤늦은 오춘기",카카오웹툰,
281,꽃같은 인생,완결,네 명의 친구들이 펼치는 울고 웃고 사랑하는 캠퍼스 라이프. 당신의 연애는 어떤 모습인가요?,카카오웹툰,
282,심봉사전,완결,"장님이어도 그의 칼끝은 보이는 것처럼 날카로웠으니. 성은 심이요, 이름은 학규로다.",카카오웹툰,
283,표류감옥,완결,내가 취업한 곳은 사상 최악의 교도소. 그곳에서 살아남아야 한다,카카오웹툰,
284,어름치,완결,강원도 산골에서 펼쳐지는 뜨거운 노동 이야기,카카오웹툰,
285,작약만가 : 불환곡,완결,"비단위에 내 죽음이 몰아치는구나. 아, 희라! 돌아오지 못할 자여, 반벽의 노래로다.",카카오웹툰,
286,세로토닌,완결,"좀비 때문에 세상이 망했다. 잘 됐다, 새로운 인생 시작이다.",카카오웹툰,
287,여의주,완결,"당신의 정치는 무엇입니까? 정치는 한바탕 연기와도 같지 겉과 속이 다른 음흉한 책략가이자 현역 국회의원, 기호 1번 한민족당 차필웅! 정치는 연애와도 같아요. 이 시대 청년들의 워너비, 매력이 넘치는 금수저. 기호 2번 미래당 배춘금! 정치는 섬김입니다. 취업 대신 출마를 선택한 서민 중의 서민. 기호 3번 무소속 장유진! 그리고... 정치는 게임이지. 대한민국 최고의 두뇌를 자랑하는 참모 한태환까지! 이들이 펼치는 진짜 선거, 진짜 정치 이야기 지금 시작됩니다!",카카오웹툰,
288,내 일진이 이렇게 귀여울리가 없어,완결,악마처럼 날 괴롭히던 일진이 어느 날 조그만 인형 크기로 눈 앞에 나타났다?!,카카오웹툰,
289,찬란한 액션 유치원,완결,찬란하지만 결코 유치하지 않은 아이들의 우정과 평화의 유년 드라마 본격교육웹툰,카카오웹툰,
290,빌린 몸,완결,"열아홉 살, 순수하고 풋풋했던 그 시절 10대 마지막 순간의 알콩달콩 사랑 이야기",카카오웹툰,
291,인간을 먹는 성,완결,한번 들어가면 누구도 탈출할 수 없는 의문의 성. 그 성의 비밀은 무엇인가,카카오웹툰,
292,저녁 같이 드실래요?,완결,나에게도 꽃미남 밥 친구를! 음식에 얽힌 두 남녀의 비밀스런 연애 이야기,카카오웹툰,
293,메모리스트,완결,기억을 읽는 초능력 형사 동백 . 미스터리한 연쇄 살인사건을 맞닥뜨리다!,카카오웹툰,
294,리세터,완결,행복해지기 위해 환생을 반복하는 남자의 이야기,카카오웹툰,
295,나는 엄마다,완결,현재 엄마인 사람들 혹은 아닌 사람들 모두 공감하는 엄마의 이야기,카카오웹툰,
296,인생막장,완결,잔잔하던 인생에 폭풍우가 몰아친다. 막장으로 질주하는 두 남녀의 로드 무비,카카오웹툰,
297,대나무숲에서 알립니다,완결,"익명의 제보를 대신 전하는 청록고 대나무숲 , 누군가 나의 비밀을 폭로했다.",카카오웹툰,
298,노동본색,완결,"큰 폭발과 함께 사라진 현대 문명! 농사국, 건설국, 치안국, 택배국 세상은 3 업종의 전성시대가 된 것이다! 20여 년이 지난 후, 살아남은 인류는 자원과 물자가 턱없이 부족해진 세상에서 또 다른 문명을 개척하며 살아가고 있다. 치안국의 한 마을에서 어머니와 둘이 살고있는 주인공 장도리 어릴 때부터 남들보다 강했던 자신의 힘을 이용해 세계 최고의 직업인 막노동 을 직업으로 삼아 성공하고 싶어하는 18세 소년이다. 막노동의 나라 건설국 에서도 최고로 꼽히는 팀 그 팀의 멤버가 되는 것이 장도리의 목표. 어느날 장도리는 마을 지도자인 치안왕의 아들 강태자 의 집에 보수공사를 하러 온 팀을 만나게 되며 자신의 꿈을 향해 조금씩 나아가게 된다!",카카오웹툰,
299,개같은 세상,완결,개들은 알지 못하는 애완동물들의 이야기,카카오웹툰,
300,돈나무,완결,"어느 날, 우리 집 뒷 마당에 돈이 열리는 나무가 자라났다!",카카오웹툰,
301,배고픈 자들의 도시,완결,오랜 잠에서 깨어난 뱀파이어가 마주한 것은... 다름 아닌 좀비?!,카카오웹툰,
302,식귀,완결,"지하철에서 의문의 남성을 마주친 후 먹는 귀신인 식귀가 되어버린 고등학생 이원호! 사자 감마 에게 인간으로 돌아갈 수 있는 방법을 듣는데... 인간을 먹으라고?! 말도 안 돼! 두 사람은 지하철 의문의 남성을 추적하나, 원호의 사력을 과하게 먹은 탓에 그는 배가 터져 죽어버린다. 인간으로 돌아올 방법을 잃고 절망하는 원호. 감마는 원호의 엄마가 백지은 이라는 것을 알게 된다. 식귀들의 왕으로 군림 중인 지은을 추적하여 사살하는 것이 사자 감마 의 임무. 어쩌면 이원호가 인간으로 돌아올 수 있을지도 몰라! 과연 원호는 인간으로 돌아올 수 있을 것인가?",카카오웹툰,
303,19,완결,"90년대 구석진 시골 마을, 인간을 향한 복수가 시작된다.",카카오웹툰,
304,헬로 마이 안드로이드,완결,내 아들이라고 주장하는 소년이 나타났다. 갑자기 시작되는 좌충우돌 로맨스,카카오웹툰,
305,망자의 서,완결,죽은 남편의 편지가 도착했다.,카카오웹툰,
306,달리는 여자,완결,"대학교 막학년에 찾아온 첫사랑, 복학생 달리의 대학교 로맨스!",카카오웹툰,
307,계약우정,완결,두 고등학생의 나 로 살아남기,카카오웹툰,
308,수의 계절,완결,"수없이 반복되는 계절, 하지만 그가 있던 단 한 번의 계절",카카오웹툰,
309,스틸레인3 : 정상회담,완결,정상회담을 위해 한자리에 모인 남북미 3인의 정상들. 예상치 못한 위기에 빠진다.,카카오웹툰,
310,헤븐즈 소울,완결,괴생명체 크리쳐의 공격에 맞서는 소녀들의 이야기,카카오웹툰,
311,채널뽁스,완결,상상 그 이상의 요절복통 코미디 멀티플렉스 채널뽁스,카카오웹툰,
312,차피,완결,"타인의 속마음을 읽을 수 있는 이안 ! 원치 않는 능력 때문에 고통받으면서 살아가는데... 부모님을 사고로 잃고 가족과의 추억이 담긴 수족관을 찾아간다. 그 곳에서 듣게 된 아름답고 슬픈 고래의 목소리. 그 목소리를 다시 듣고 싶어 긴 세월 동안 수족관을 드나들지만, 그날 이후로 단 한 번도 듣지 못한다. 그러던 어느 날 이안의 눈앞에 나타난 수상한 남자! 남자가 입을 여는 순간 이안은 혼란 속에 빠진다. 꿈에도 그렸던 그 목소리가 어째서 눈앞의 남자에게서 들려오는 걸까..?",카카오웹툰,
313,ONE,완결,문제는 세상에 나쁜 놈들이 너무 많다는 거야. 이건 혁명이야.,카카오웹툰,
314,아빠는 변태중,완결,"평범한 회사원이었던 아빠, 그런데 지금은? 다세대 주택에 사는 3세대가 벌이는 시트콤",카카오웹툰,
315,해치지않아,완결,"동물원을 살리기 위한, 동물 없는 미친 동물원 개장!",카카오웹툰,
316,동쪽으로,완결,"찬란했던 문명의 빛이 먼지가 되어 사라진 미래에, 네 명의 총잡이들이 동쪽으로 향하고 있었다. 문명이 알 수 없는 이유로 멸망한 미래. 빅보스가 지배하는 인류 최후의 도시에 살며 장벽 너머 동쪽은 오로지 죽음의 땅으로 지옥같은 삶을 살아가고 있었다. 그러나 어느 날 동쪽으로 통하는 봉인된 문이 열리고 한 남자 존 도가 나타나 외친다! 동쪽으로 존 도가 전설 속 동쪽 파라다이스에서 왔다는 소문이 퍼지고 주인공 반고는 그곳을 찾으러 장벽을 넘어 동쪽으로 떠난다. 장벽 너머 동쪽은 좀비들로 우글거리는 죽음의 땅. 반고는 파라다이스가 실재한다는 단서를 찾아 동쪽으로 전진하며 존 도와 파라다이스의 정체, 인류 멸망의 비밀에 다가간다. 과연 그곳에서 희망을 발견할 수 있을 것인가?",카카오웹툰,
317,거울 죽이기,완결,자신과 똑같은 사람이 눈앞에 나타났다! 또 다른 나와 살아가기 위한 이야기,카카오웹툰,
318,사귀자,완결,천재 미녀 웹툰 작가 공민주 에게 귀요미 귀신 유령이 가 팬이라며 달라붙었다!,카카오웹툰,
319,Breaker.Drawing,완결,"이별을 그리는 남자, 사랑을 피우는 여자. 뗄레야 뗄 수 없는 사랑과 이별 이야기.",카카오웹툰,
320,겟 레디 위드 미,완결,"뷰티 크리에이터를 제안하는 지욱과, 관심 1도 없는 그림의 메이크업 로맨스",카카오웹툰,
321,공부하는 고양이,완결,"인생의 마지막 순간. 분명, 고양이는 공부를 하고 있었다.",카카오웹툰,
322,그림자 미녀,완결,"학교에서는 왕따 애진으로, 인터넷에선 70만 팔로워를 가진 스타 지니의 아슬아슬한 이중생활이 시작된다.",카카오웹툰,
323,아티스트,완결,어린이들과 다를 바 하나 없는 예술가들의 욕망이 펼쳐진다.,카카오웹툰,
324,SAVAGE,완결,"야만의 시대, 욕망을 향한 짐승의 몸부림이 시작된다.",카카오웹툰,
325,끼리끼리,완결,아직 어리고 세상은 몰라도 우리끼리 재밌으면 된 것 아닌가요? 끼리끼리 렛츠기릿!,카카오웹툰,
326,안개숲,완결,"사고에 휘말린 세 남녀, 영원히 걷히지 않을 것 같은 안개숲에서 탈출할 수 있을까?",카카오웹툰,
327,승은이 망극하옵니다,완결,"내 후궁이 되지 않겠나. ..네? 전 남잔데요? 이세계에 떨어진 승은이, 집에는 돌아갈 수 있을까.",카카오웹툰,
328,오피스텔,완결,자신이 가장 익숙하고 편안한 장소는 집. 그곳에 나 아닌 다른 존재가 느껴진다면?,카카오웹툰,
329,네 살 차이,완결,"궁합도 안 본다는 네 살 연상녀, 연하남. 성격도 취향도 다른 우리는 좋은 짝이 될 수 있을까?",카카오웹툰,
330,들쥐,완결,십년 간 집에서만 살던 남자의 십년 만의 외출,카카오웹툰,
331,대디보이,완결,자타 공인 최고의 인기남 한강. 연예인으로 데뷔하고자 하는 그에게 일생일대의 사건이 벌어진다,카카오웹툰,
332,체이서,완결,기억을 잃어버린 네드일행과 그를 쫓는 체이서들간의 코믹액션모험활극!,카카오웹툰,
333,나와 그녀삼신과 호러맨스,완결,재수없이 휘말린 사건을 해결하기 위해 뭉친 겁쟁이와 초보삼신!,카카오웹툰,
334,Go Bananas,완결,언제나 걸려오는 발신자 표시 제한 전화. 두 달 전 나를 매몰차게 버린 그녀일까? 아니면,카카오웹툰,
335,조숙의 맛,완결,초등학생으로 살아간다는 건 어려운 일이다. 엄마가 교체된다면 더욱 그렇다.,카카오웹툰,
336,달에 사는 사람들,완결,"등골이 오싹하려던 찰나, 몸에서 벌레 기어 다니는 소리가 들린다!",카카오웹툰,
337,풀 뜯어먹는 소리,완결,서울 남자와 시골 여자의 몸에 좋고 맛도 좋은 귀촌 라이프,카카오웹툰,
338,유사과학 탐구영역,완결,"현대판 약장수의 상업논리, 유사과학에 대하여 심층적으로 파헤치는 탐구만화",카카오웹툰,
339,노인의 집,완결,매우 규칙적이고 성실하게 삶을 허비하는 노인의 집에 한 아이가 들어왔다.,카카오웹툰,
340,밤에 사는 소녀,완결,암울한 태생의 두 소녀에게서 일어나는 일들과 그들의 행복에 관한 이야기,카카오웹툰,
341,트라이앵글,완결,"각으로 이루어진 세계, 원 을 찾아 떠나는 모험",카카오웹툰,
342,악연,완결,"사채빚의 남자, 시체를 유기한 남자, 그리고 상처받은 여자. 그들은 악연이었다.",카카오웹툰,
343,머리 위로 부는 바람,완결,"스무살 봄이 오기도 전, 그리고 2년 후 너를 다시 만났을 때",카카오웹툰,
344,유치원의 하루,완결,귀여운 아이들의 유치원 일상,카카오웹툰,
345,"프롬, 스타",완결,"별이 내리던 그 밤, 우리가 빌었던 소원은 이루어졌을까?",카카오웹툰,
346,51번째 남자,완결,이과 철벽녀와 그녀를 쫓는 남자들의 고군분투 로맨스!,카카오웹툰,
347,밤의 새벽,완결,"평범하다 생각했던 것들이 평범한 게 아니었다. 인육을 먹던 소녀, 유야. 그 아이와 산다.",카카오웹툰,
348,영원한 빛,완결,기억이 지워지지 않는 끝없는 윤회. 형벌인가 기회인가.,카카오웹툰,
349,취준생물,완결,"힘든 취업난 속 무스펙, 학벌, 인맥을 이겨내고 취직에 성공해야만 한다.",카카오웹툰,
350,과격자매단,완결,개성 강한 자매들의 일상을 파헤친다!,카카오웹툰,
351,대치동 일타강사,완결,"스승으로 모시기에 좀 애매한 그들, 강남 학원가를 주름잡는 일타강사에 도전하다",카카오웹툰,
352,남은 고양이,완결,남은 고양이의 임무는 내 인간이 나 없이도 튼튼하게 지내도록 만드는 것!,카카오웹툰,
353,시동,완결,가출청소년의 어설픈 세상 적응기,카카오웹툰,
354,더블랙LABEL,완결,굴지의 대기업 내 범죄조직 . 구성원 대부분이 여성인 그 곳에서 벌어지는 여성 느와르,카카오웹툰,
355,뿔,완결,"귀신을 보는 소녀, 어느 날 진짜 도깨비를 만나다!",카카오웹툰,
356,마애(磨崖),완결,국보 마애삼존불입상을 소재로한 바우 장군의 역사 팩션,카카오웹툰,
357,카운터,완결,고통스러운 기억과 현실에서 벗어나기 위한 차정은과 차혜리의 고군분투,카카오웹툰,
358,어떻게든 중간만 간다면,완결,취준생 재호. 직장인 유나. 한 커플의 이야기.,카카오웹툰,
359,젠틀한 야수,완결,명문 순정고등학교에 전학 온 양순호. 그리고 전학 첫 날! 이 학교엔 정상인이 없다!?,카카오웹툰,
360,보통사이,완결,별거 아닌 말 한마디에서 시작됐다.,카카오웹툰,
361,나홀로 주부,완결,살림에 찌든 고교생 주부! 그의 감춰진 일상이 드러난다.,카카오웹툰,
362,화양연화,완결,겉은 화려하지만 성격은 누구보다 소심한 그녀의 파란만장 캠퍼스 라이프,카카오웹툰,
363,단지,완결,"깨물어서 아프지 않은 손가락은 없다 는 거짓말이다. 나는 단지 , 잘린 손가락.",카카오웹툰,
364,우정으로 결혼한 소꿉친구,완결,연애세포 0 이소연과 로맨틱가이 김유신. 23년지기 소꿉친구의 결혼생활 러브코미디,카카오웹툰,
365,치삼 탐정 사무소,완결,"폭력을 무서워하는 평화주의자 킬러, 추리보다 주먹이 먼저 나가는 탐정. 그 둘의 이야기.",카카오웹툰,
366,너도 나랑,완결,고민투성이인 나에게 가장 큰 고민이 피자 치킨?!,카카오웹툰,
367,1호선,완결,"5회 다음공모전 대상작. 폐허가 된 서울, 그녀를 찾기 위해 1호선을 따라 걷는다",카카오웹툰,
368,다정한 겨울,완결,자라지 못하는 두 아이의 조금은 특별한 겨울나기,카카오웹툰,
369,태양의 시,완결,그토록 찬란했던 태양빛도 영원할 순 없었다. 그리고 남은 건,카카오웹툰,
370,그놈의 스캔들,완결,"사고뭉치 배우 지강혁과 톱스타 유제아, 그들이 선택한 결혼은?",카카오웹툰,
371,허세남길들이기,완결,"좋은 차, 좋은 집.. 모든 게 다 있는데, 정작 내 옆엔 네가 없네. 헤어진 여친을 그리워하는 성공한 찌질남의 이야기",카카오웹툰,
372,햄스터와 그녀,완결,대학생 민규는 햄스터를 들고 다니는 이상한 여자와 엮이게 되면서 악몽 같은 일상을 겪게 되는데...,카카오웹툰,
373,샤먼 트리트먼트,완결,백여 년 전 사라진 신을 찾아 헤매는 무당과 영들의 숨겨진 이야기,카카오웹툰,
374,호아전,완결,호랑의 여인과 벽안의 귀신이 그려가는 일제강점기 퓨전시대극,카카오웹툰,
375,말괄량이 길들이기,완결,카사노바 페트루키오는 까칠한 미녀 카트리나를 유혹해달라는 의뢰를 받는데?,카카오웹툰,
376,이웃잔혹사,완결,복권 당첨금을 둘러싸고 이웃 간에 벌어지는 잔혹드라마,카카오웹툰,
377,미래의 시간,완결,어느날 나도 모르게 나의 과거가 바뀌고 있다. 만화공모대전3 대상 수상작,카카오웹툰,
378,빛나는 손을,완결,혼자에서 우리가 되기 위해 세상으로 뛰쳐 나온 한 소녀의 이야기,카카오웹툰,
379,그래도 되는가,완결,"우리 가족을 괴롭히는 진상 친척들, 그래도 되는가? 만화공모대전2 대상 수상작",카카오웹툰,
380,포 더 프린세스,완결,이루어지지 않았던 첫사랑을 테마파크 공연단의 파트너로 다시 만나는 동화같은 로맨스,카카오웹툰,
381,"안녕, 엄마",완결,엄마가 떠났고 엄마를 만났다. 가깝고도 먼 우리의 이별 이야기,카카오웹툰,
382,사생,완결,"매일 사생팬들에게 시달리던 가수 더키 , 어느 날 돌이킬 수 없는 사건에 휘말린다.",카카오웹툰,
383,아귀,완결,스스로 지옥에 들어가버린 남자 4회 공모전 대상 수상작!,카카오웹툰,
384,도나스 학교괴담,완결,기묘한 학교에서 벌어지는 무시무시한 이야기,카카오웹툰,
385,이병 일학년,완결,부푼 마음을 안고 입학한 음대. 그런데 막상 가보니 군대인지 음대인지 헷갈리는 건 내 기분 탓?,카카오웹툰,
386,환상숲,완결,"환상들이 모여서 이루어진 숲 환상숲, 그곳에서 벌어지는 신비한 사건들",카카오웹툰,
387,지배,완결,누군가 우리 집을 지켜보고 있다. 어느 순간 베란다를 통해 자신의 집을 지켜보고 있는 누군가를 발견한 주인공. 그날부터 주인공의 주변에서는 믿을 수 없는 일들이 일어나고 그의 일상은 지옥으로 바뀌어간다. 사람이 아닌 듯한 그것들에게서 살아남고 정체를 밝혀내라.,카카오웹툰,
388,위대한 로맨스,완결,"사랑에 미치고, 시공을 초월하다.",카카오웹툰,
389,죽어도 좋아♡,완결,이루다 주임의 미중년 상사 백 과장. 이 둘 사이에 생긴 묘한 사건,카카오웹툰,
390,우리 남매의 일상은,완결,대한민국 어디에나 있을법한 남매들의 화려한 일상!,카카오웹툰,
391,무능력자,완결,초능력을 잃어버린 남자와 까칠한 시골 여자의 좌충우돌 동거 로맨스,카카오웹툰,
392,우두커니,완결,"어느 날, 아버지에게 치매가 왔다.",카카오웹툰,
393,옥탑빵,완결,회사를 그만두고 차린 옥탑방 빵집에서 일어나는 빵냄새 고소한 우리들의 이야기,카카오웹툰,
394,간이역에 겨울이 오면,완결,"취업난을 뚫고 어렵게 인턴 이 되었는데 쓰러질 것 같은 기차역이 웬말? 하지만 전화위복, 두근두근 로맨스가 찾아온다!",카카오웹툰,
395,다음웹툰 팬클럽 모집,완결,"가입 미션 4월1일, 창단 발표 4월3일 최대 20만 캐시와 한정판 선물을 드립니다!",카카오웹툰,
396,박살소녀,완결,괴물도 때려잡는 최강소녀가 소년을 만났을 때,카카오웹툰,
397,빈둥빈둥 환타스틱 유럽여행기,완결,유럽 3개국을 빈둥빈둥 여행한 작가의 좌충우돌 여행기,카카오웹툰,
398,20세 보고서,완결,이제 막 성인이 된 초보 20세들의 이야기,카카오웹툰,
399,티라레,완결,재벌 3세 상속녀 도도혜 . 어느 날 갑자기 찾아온 기이한 고통 으로 그녀의 인생은 뒤틀린다!,카카오웹툰,
400,어제 오늘 그리고 내일,완결,하얗고 찰지구나 감수성 남다른 두부의 깨알 디테일 라이프,카카오웹툰,
401,크리스마스는 쨈과 함께,완결,"개 로 추방된 악마 제임스, 다시 악마로 돌아가려면 사랑하는 주인을 죽여야 한다?!",카카오웹툰,
402,대작,완결,최고의 막걸리를 두고 펼쳐지는 신명나는 술 대결!,카카오웹툰,
403,새벽날개,완결,"오토바이에 앉아 먹고, 오토바이에 기대어 사랑하고, 오토바이 타며 생각하고.",카카오웹툰,
404,차이니즈 봉봉클럽 광저우편,완결,"중국 4대 요리 중 하나 광둥요리, 이번엔 광저우다! 여름방학을 맞아 딤섬 탐험에 나선 차이니즈봉봉클럽! 새우살과 돼지고기 가득한 딤섬 , 여유로운 오후의 차 문화와 바삭하고 향긋한 광둥식 거위구이 , 그리고 각종 산해진미와 광둥식 디저트까지! 입맛 자극할 이야기가 지금 시작된다!",카카오웹툰,
405,언더그라운드 블러드팩,완결,"3년 간 생존, 100번의 임무수행 살아남는다면 가족을 살릴 수 있다.",카카오웹툰,
406,오랑캐,완결,무림 고수를 사칭하는 무림 초짜의 이야기,카카오웹툰,
407,고양이 마마님,완결,지금의 당신에게 소중한 시간은 언제인가요? 300년만에 다시 시작된 인연과 악연의 굴레.,카카오웹툰,
408,고등패왕전기,완결,전설적인 무신 항우와 왕따 소년 유민의 힘겨운 공생과 투쟁! 그리고 사랑의 이야기!,카카오웹툰,
409,남자친구를 조심해,완결,"다인과 시현은 같은 반이지만 말 한 번 해보지 않은 어색한 사이. 어느 날, 자신이 미래에서 온 시현이라고 주장하는 낯선 남자가 나타나고 다인과 자신이 미래에서 사귀는 사이라고 주장한다. 다인은 낯선 남자의 말이 믿기지 않지만, 그의 예언이 하나둘 맞을 때마다 점차 신뢰하게 된다. 다인이 시현에게 관심을 보이자 반 아이들 사이에서는 둘이 썸 탄다는 소문이 돌고, 둘 사이에는 미묘한 기류가 감돈다 그러나 시현에게는 구분하기 힘들 정도로 똑같이 생긴 쌍둥이가 있다. 낯선 남자의 정체는 무엇일까...",카카오웹툰,
410,영웅의 변수,완결,슈퍼히어로를 동경하던 시골청년. 꿈을 이루다!,카카오웹툰,
411,곤조 스트릿 - 갱스터의 시대,완결,미친 거리에서 벌어지는 파이트 바운서들의 스트릿 파이트,카카오웹툰,
412,애휴,완결,서로 잘 모르는 남녀 이야기,카카오웹툰,
413,하면 좋습니까?,완결,"결혼 해, 말아? 오늘도 골치 아픈 30대 언니들의 통렬한 수다.",카카오웹툰,
414,헬로 브리,완결,어느 날 이루어진 이상한 만남. 그러나 별 탈 없이 굴러가는 단순한 사람들,카카오웹툰,
415,삐꾸래봉,완결,새끼손가락이 굽어서 왕따를 당하는 래봉이와 친구 은철이의 우정과 배려를 담은 이야기!,카카오웹툰,
416,얌얌숲 당근길 토요요,완결,얌얌 소리 가득한 얌얌숲의 동물들이 좀 이상하다.,카카오웹툰,
417,오리지널 씬2,완결,"강형규, 역대급 절대악의 귀환! 통쾌한 캐릭터의 혁명은 계속된다",카카오웹툰,
418,첫사랑은 죽었다,완결,위기에 빠진 첫사랑을 구하라!!,카카오웹툰,
419,에스키스,완결,"여자가 싫은 미대생 정시인 , 그에게도 사랑이 찾아올까?",카카오웹툰,
420,방랑시인 김삿갓,완결,"조선 팔도를 유랑하던 김삿갓, 기생 연향과 김판서의 모략으로 고통받는 영월 사람들을 보게 되는데",카카오웹툰,
421,오만상과 편견,완결,매 순간마다 오해와 편견으로 부딪히는 남녀의 로맨스!,카카오웹툰,
422,강도,완결,"들개들, 벼랑 끝에서 아귀떼를 만나다.",카카오웹툰,
423,익명의 독서중독자들,완결,들고 읽어라!,카카오웹툰,
424,어쿠스틱 라이프,완결,알콩달콩 공감백배 생활 만담 에피소드 만화!,카카오웹툰,
425,놈들의 도시,완결,지구 상 모든 여성이 사라졌다! 인류의 유일한 여성 나오 가 남성만 있는 도시에서 무사히 살아남을 수 있을까?,카카오웹툰,
426,스킬,완결,어디서든 최고가 되고 싶은 문제아 진우의 기술학교 정복기.,카카오웹툰,
427,나는 달린다,완결,"육상부 유망주 채준수, 달리고 싶지만 달릴 수 없다. 푸른 하늘 끝까지 달리고 싶은 준수의 성장 드라마",카카오웹툰,
428,화자,완결,"그 아이를 만나게 된 그 해 여름, 난 어른들의 비밀을 알아 버렸다",카카오웹툰,
429,키몽툰,완결,"순도 100 언어유희, 아재 드립 끝판왕 키몽을 만나보자!",카카오웹툰,
430,그림형제 잔혹동화,완결,아름다운 그림형제의 동화 속 이야기들. 그 동화의 잔혹한 비밀이 공개된다!,카카오웹툰,
431,은밀하게 위대하게,완결,"천재 남파 간첩, 그의 임무는 동네 바보형?",카카오웹툰,
432,다시피는 꽃,완결,"나이를 먹었든, 먹지 않았든 누구나 자신만의 이야기가 있다. 위안부 할머니들의 애틋하고 슬픈 이야기",카카오웹툰,
433,단지 그것 뿐,완결,17세 딸이 자기 딸이 아니란 것을 알게된 아빠와 딸의 가슴 따뜻한 좌충우돌 홈드라마 !,카카오웹툰,
434,트리니티 원더,완결,무협세계 최강고수와 판타지 세계 천재 마법사가 만난다면? 브레이커 두 작가의 신작!,카카오웹툰,
435,피그말리온 컴플렉스,완결,금수저 학교에 잠입한 고아 소매치기 소녀의 삼단변신 ? 이 시작된다!,카카오웹툰,
436,작가의 사생활,완결,4년차 웹툰작가의 묵직 발랄한 사생활,카카오웹툰,
437,오늘의 초능력,완결,이딴 초능력 필요 없어! 매일매일 새로운 초능력을 얻는 소녀의 예측불허 코미디가 펼쳐진다!,카카오웹툰,
438,리와 구,완결,당신은 좋아하는 그 사람에 대해 얼마나 알고 계세요?,카카오웹툰,
439,위 아 애니멀스,완결,각양각색 동물들이 펼치는 옴니버스 리얼 야생 드라마. 우리는 동물이다!,카카오웹툰,
440,골든왈츠,완결,홍주와 해성이의 사랑하고 성장하는 아이스댄싱의 기적,카카오웹툰,
441,The 윷놀리스트,완결,"윷놀이, 올림픽 정식 종목이 되다? 윷판을 지배하는 자만이 윷놀리스트가 될 수 있다! 만화공모대전3 장려상 수상작",카카오웹툰,
442,인랑:프리퀄,완결,통일을 앞둔 사회의 폭력적인 혼란과 서로 대립하는 권력기관의 욕망,카카오웹툰,
443,개밥도토리,완결,갑자기 개가 된 조영수. 개인 듯 개 아닌 개 같은 그의 이야기.,카카오웹툰,
444,벨트 위 벨트 아래,완결,"90년대 후반, 이태원과 한남동에서 잊을 수 없는 가슴 아픈 첫 사랑이 새겨진다.",카카오웹툰,
445,블레이드2 : THE RETURN OF EVIL,완결,세상을 검게 물들이는 악마에 맞서 엘리시움으로 떠나는 영웅들의 일대기,카카오웹툰,
446,귀신이면 어때,완결,취준생과 처녀 귀신의 대책 없는 낭만 로맨스!,카카오웹툰,
447,바토리의 아들,완결,"가장 고귀한 여인의 감춰야만 하는 비밀, 가상의 유럽을 배경으로 펼쳐지는 서스펜스 드라마",카카오웹툰,
448,엄마들,완결,"차라리 모르고 싶은 엄마들의 연애, 노동, 목소리",카카오웹툰,
449,스틸레인2 : 강철비,완결,한반도 전쟁위기를 타개하기 위한 두 철우 의 첩보 스릴러. 12월 개봉 영화 강철비 의 더 풍부한 이야기를 웹툰으로 먼저 만나보세요!,카카오웹툰,
450,미생,완결,자신의 삶을 승리하기 위해 한 수 한 수 돌을 잇는 사람들의 이야기,카카오웹툰,
451,4버디스,완결,이번엔 스코틀랜드다! 4버디스와 함께 떠나는 스코틀랜드 로드트립!,카카오웹툰,
452,가슴도 리콜이 되나요,완결,진정한 사랑을 쟁취하기 위한 나유빈의 연애 이야기,카카오웹툰,
453,가내수공업 Ent.,완결,"급 섹시 아이돌 병풍 멤버, 하영과 너무나도 눈에 띄는 숨은 조력자들의 하영이 꽃길 걷기 프로젝트!",카카오웹툰,
454,도깨비훈장,완결,"낯선 섬, 제주도에서 만난 도깨비들이 자꾸만 나를 쫓아온다.",카카오웹툰,
455,구리의 구리구리,완결,논픽션 좌충우돌 구리의 구리구리한 일상툰,카카오웹툰,
456,19세기말 비망록,완결,"종교와 과학이 격돌하는 19세기 말 영국, 릴리안과 낯선 오라버니의 금단의 사랑",카카오웹툰,
457,파워맨,완결,파워맨과 친구들의 아스트랄 휴우먼 스토리!,카카오웹툰,
458,2018 다음웹툰 능력고사,완결,"1등에게 10만 캐시를 지급합니다. 시험기간 4 1, 정답 및 장학생 발표 4 3",카카오웹툰,
459,초월(初月),완결,일제에 대항했던 백초월 스님의 이야기를 거장 이현세 작가의 그림으로 만나세요!,카카오웹툰,
460,아수라발발타,완결,본의 아니게 ? 신내림을 받은 한 남자의 미스터리 이야기,카카오웹툰,
461,공대에는 아름이가 없다,완결,공대 아름이들의 좌충우돌 캠퍼스 라이프!,카카오웹툰,
462,가랑가랑,완결,우리에게 선택은 언제나 어려운 일이었다.,카카오웹툰,
463,혼자를 기르는 법,완결,스스로를 돌보기도 힘든 내가 과연 잘 할 수 있을까?,카카오웹툰,
464,사컷 : 죽음의 소리,완결,평범한 일상을 살고 있는 당신에게 일어날 수 있는 끔찍한 공포의 순간,카카오웹툰,
465,두번째 집,완결,우리 집은 이런 집이 될 수 없다,카카오웹툰,
466,라그나로크,완결,게임 라그나로크 온라인 브랜드 웹툰. 잊혀진 자들을 위한 진혼곡이 시작된다!,카카오웹툰,
467,아이쇼핑,완결,"부모에게 살해당한 아이들, 그들의 복수가 시작된다.",카카오웹툰,
468,매생이가 나타났다,완결,연애만 빼고 다 잘하는 여대생 도형에게 들이닥친 초록색 그것 ? 과의 파란만장 하숙 생활. 만화공모대전3 우수상 수상작,카카오웹툰,
469,어른의 취미,완결,"조선의 미를 지켜온 장인의 후손인 영우 따뜻한 심성의 소유자로 누구에게나 곁을 잘 주는 강아지 같은 성격이다. 스무 살이 되던 해, 집안 어른들이 정해놓은 서방님 인 슬우와 결혼을 하기 위해 찾아가고, 아슬아슬한 동거를 하게 된다. 배우인 슬우는 고양이 같은 성격으로 아픔을 속으로 묵묵히 참으며 남들에게도 매정하리만치 냉정 하다. 톱스타 하윤과 이미 열애중인 상태로 널리 알려져 있는 슬우는 끊임없이 상처 를 주는 하윤을 떠나고 싶어하면서도 어쩔 수 없이 하윤에게서 벗어나지 못한다. 하지만 영우의 진심에 점점 마음을 열게 되는 슬우. 도중에 배우로서의 수명이 끝날 뻔 한 위기를 맞지만 옥봉 덕에 간신히 벗어난다. 비록 옥봉과의 첫만남은 이상했지만 자신의 가능성을 보고 믿어준 옥봉을 믿고 슬우는 그녀와 새로운 매니지먼트 계약을 하게 된다. 새로운 영화를 시작하기 위해 얽히고설킨 관계들을 애써 정리해나가는 중, 영우는 슬우와 자신의 결혼과 관계된 계약 에 대해 알게 되고, 슬우를 떠나버리게 되는데....",카카오웹툰,
470,금빛도깨비 쿠비,완결,"사라진 엄마를 찾아 떠난 소녀가 만난 놀라운 세계, 그리고 어디서도 보지 못한 도깨비들의 비밀은?",카카오웹툰,
471,옥탑의 전설,완결,"다운 옥탑, 극한의 자취방 생존기! 저 그냥, 하게 해주세요!!",카카오웹툰,
472,가딩 : 그녀는 나의 웬수,완결,14살 때 죽은 친구가 수호신이 되어 연애를 방해한다? 다사다난한 모태솔로 탈출 이야기,카카오웹툰,
473,대새녀의 메이크업 이야기,완결,화장 못한다고 까인 새내기 김경아의 두근두근 로맨스 메이크업 이야기!,카카오웹툰,
474,월령관 살인사건,완결,"100여 년 전, 의문의 살인사건이 벌어졌던 낡은 서양식 저택에서 또 다시 사건이 일어난다!",카카오웹툰,
475,사랑스러운 복희씨,완결,언젠가는 이 사랑이 이루어질까요? 조금은 서투른 그들의 짝사랑 탈출기,카카오웹툰,
476,게임회사 여직원들,완결,게임을 만드는 여직원들의 게임같은 이야기,카카오웹툰,
477,풍뎅이뎅이,완결,저를 봐도 밟지마세요! 그냥 풍뎅이일 뿐이니까요!,카카오웹툰,
478,라디오 갤럭시,완결,인간의 마음에 방송을 하는 기상천외한 세계 라디오 갤럭시를 무대로 펼쳐지는 우주 활극!,카카오웹툰,
479,저택의 주인,완결,외딴섬의 저택. 아이들이 찾아오고 저택의 분위기는 급변하게 된다.,카카오웹툰,
480,블랙 마리아,완결,난데없이 쏟아지는 외계인들의 재난에 대처하는 지구인경찰의 수난기!,카카오웹툰,
481,살아말아,완결,"사랑 없는 결혼 생활에 지친 노부부, 다시 그 때로 돌아간다면?",카카오웹툰,
482,바퀴벌레,완결,생존에 최적화된 바퀴벌레처럼,카카오웹툰,
483,인천상륙작전,완결,해방에서 한국전쟁까지. 격동기를 살아간 사람들의 이야기,카카오웹툰,
484,고교대장부,완결,왕년에 주먹 좀 날리던 그가 돌아왔다?,카카오웹툰,
485,달콩분식,완결,작은 분식집에서 펼쳐지는 달콤한 연애소동,카카오웹툰,
486,어떤 거짓말,완결,난 나를 위해 너를 사랑한다. 이기적인 그들의 위선과 사랑,카카오웹툰,
487,음양사,완결,"고려의 소년 병사 설봉 과 기억을 잃은 음양사 세이메이 의 무인도 조우, 위험에 빠진 마을을 구하라",카카오웹툰,
488,일진의 크기,완결,"화제의 작품 일진의 크기 그 마지막 이야기, 파이널!",카카오웹툰,
489,웹툰작가 살인사건,완결,"웹툰 작가가 죽었다. 용의자는 셋, 과연 그를 죽인 진짜 범인은 누구일까?",카카오웹툰,
490,가디언즈 오브 갤럭시 : 죽음의 보석,완결,"다음웹툰과 의 두 번째 콜라보 웹툰. 지구에는 어벤져스 , 우주엔 가.오.갤 이 있다!",카카오웹툰,
491,장산범 : 거부할 수 없는 목소리,완결,3년 전 죽었던 그녀에게서 전화가 걸려왔다.,카카오웹툰,
492,썸머드림,완결,"남들과 조금 다른, 그렇기에 더 특별한 한 소년의 성장기",카카오웹툰,
493,마샬아츠,완결,부산에서 전학 온 문제아 황민도가 종합격투기에 도전하는 청춘 열혈 스포츠 만화!,카카오웹툰,
494,궁상가족,완결,이토록 구질구질한 가족은 없었다! 돼지 핍 과 궁상가족의 우여곡절 이야기,카카오웹툰,
495,도플,완결,난 두명이 되었고 5년 동안 아무일도 일어나지 않았다. 바로 지금까진...,카카오웹툰,
496,랫츠,완결,"우리 곁을 둘러싼 수많은 사건 사고들, 나는 얼만큼 무뎌져 있는가?",카카오웹툰,
497,아 지갑놓고나왔다,완결,"2017 오늘의 우리만화 수상작. 엄마와 딸, 죽음 이후 두 사람이 살아가는 이야기",카카오웹툰,
498,로렌스를 구해줘,완결,재벌들이 향락을 즐기는 연회장. 우리는 그 곳에서 일한다.,카카오웹툰,
499,못 잡아먹어 안달,완결,쌍둥이 남매의 대수롭지 않은 일상,카카오웹툰,
500,용이라고 불러줘,완결,용이 되고 싶은 이무기의 복수를 빙자한 사랑 이야기,카카오웹툰,
501,Dr.브레인,완결,천재적인 뇌과학자가 죽은 사람의 뇌에 접속하며 겪게되는 사건들,카카오웹툰,
502,트레져헌터3,완결,"연단술사와 연금술사의 전쟁, 트레져헌터 최종장 오픈!",카카오웹툰,
503,에비츄,완결,까망베르 치즈와 아이스크림을 좋아하는 에비츄의 소소한 ? 이야기,카카오웹툰,
504,당신의 소원은 무엇입니까,완결,소원을 들어주는 나무가 있다?! 귀여운 소원 나무 신령과 까칠 소녀의 좌충우돌 힐링판타지,카카오웹툰,
505,술꾼도시처녀들,완결,술꾼들을 위한 본격 음주 일상툰. 경고 지나친 음주는 건강을 해칠 수 있습니다,카카오웹툰,
506,애프터눈 히어로즈,완결,1급 비밀. 한국형 소녀 히어로가 나타났다!,카카오웹툰,
507,키스앤코리아,완결,"1919년, 영국인 화가 엘리자베스 키스 . 미지의 나라 조선을 여행하다.",카카오웹툰,
508,부암동 복수자 소셜클럽,완결,평범한 세 여자의 특별한 복수. 온라인 만화공모대전 장려상 수상,카카오웹툰,
509,70,완결,"정전 70년 이후, 내 나라 조국은 없다. 웹툰 최초 밀리터리 극화.",카카오웹툰,
510,아스팔트 정원,완결,예전의 지위를 되찾기 위해 분투하는 소녀의 이야기,카카오웹툰,
511,"어쩌면, 사랑",완결,"사랑이란 뭘까? 고민하는 고등학생 우영, 담임 선생님 석훈을 만나 찾아가는 감정의 정의",카카오웹툰,
512,빅토리아처럼 감아차라,완결,"축구계의 방랑자, 구연산. 위기에 처한 대표팀의 구세주로 등극할 것인가!",카카오웹툰,
513,신시,완결,12개의 시간으로 세상을 지배하는 십이지신. 동물 신들의 버라이어티한 배틀!,카카오웹툰,
514,조상님이 돌아왔다,완결,실수로 조상님을 불러냈다. 이 분을 무사히 돌려보내려면..?!,카카오웹툰,
515,작약만가 : 서리꽃,완결,"후궁이라는 미명 하에 칼을 두른 여인들, 탐욕과 공포 아래 나는 이 황궁에서 살아남을 수 있을까? 만화공모대전3 최우수 수상작",카카오웹툰,
516,19년 뽀삐,완결,장발머리 병걸이 곁엔 뽀삐가 언제나 함께 있다,카카오웹툰,
517,아시안 하이웨이,완결,"대륙으로 이어진 길, 그 희망의 길 위에서 펼쳐지는 처절한 사투",카카오웹툰,
518,세자전,완결,천운을 타고난 귀한집 자식. 조선시대 세자들의 치열한 경쟁!,카카오웹툰,
519,그놈은 여고생,완결,최강 이라 불린 고등학생 최강배. 그가 치마를 입고 여학생이 된 이유는?,카카오웹툰,
520,페이머스맨,완결,"뺑뺑이 안경에 존재감 없는 아이 유명인, 그가 무대에 오른다.",카카오웹툰,
521,놀러와 마이홈,완결,뚝딱뚝딱 공방에서 심쿵심쿵 로맨스까지 베리의 달콤한 일분일초가 궁금하면? 놀러와 마이홈,카카오웹툰,
522,"회색 방, 소녀",완결,"이름 없는 소녀의 삶과 죽음, 버림받은 아이들의 비극에 관하여",카카오웹툰,
523,소년 가라사대,완결,"소년, 소녀를 만나다.. 그리고 그들은 친구가 될까 아니면 첫 사랑이 될까",카카오웹툰,
524,무균격리구역 AA아파트,완결,"불명성 면역결핍증이 유행하는 대한민국, 위기의 청년 와 수수께끼의 아파트",카카오웹툰,
525,밤의 베란다,완결,너도 나처럼 끊임 없이 절망하고 괴로워 했으면 좋겠어 날 이해 할 수 있게..,카카오웹툰,
526,여우는 같은 덫에 두 번 걸리지 않는다,완결,"1990년, 아마추어 무선사들의 광장에서 벌어지는 이야기",카카오웹툰,
527,부탁해요 이별귀,완결,연인들의 이별을 관장하는 귀신들의 특별한 커플 브레이킹! 과연 성공할 수 있을까?,카카오웹툰,
528,웰컴 투 고스트시티,완결,서울시 귀신특별자치구로 파견된 엘리트 공무원의 임무수행기!,카카오웹툰,
529,캐셔로,완결,"2017 오늘의 우리만화 수상작. 정말로 돈이 곧 힘 이지만, 그러던가 말던가 빈곤한 두 남매 이야기",카카오웹툰,
530,사랑하는 나의 엄마에게,완결,"엄마는 너를 사랑해, 네가 작은 아기였을 때부터.. 엄마에게 보내는 딸의 소소한 편지",카카오웹툰,
531,하푸하푸,완결,"애교가 부족할때 보세요, 혀가 짧아지는 만화",카카오웹툰,
532,오빠의 향기,완결,오빠와 나는 3살 차이. 그런데 왜 이렇게 어른처럼 보이는 걸까?,카카오웹툰,
533,멈춰있는 동안에,완결,멈춰있는 동안에 찾아온 이야기.만화공모대전2 우수상 수상작.,카카오웹툰,
534,던전오브다단계,완결,교묘하게 벌어지는 어떤 악몽같은 일에 대하여..,카카오웹툰,
535,우리 집에 사는 남자,완결,"드라마 이웃집 꽃미남, 호구의 사랑 원작자 유현숙 작가의 신작",카카오웹툰,
536,지구방위연구소,완결,지구 수호의 임무를 띤 연구소에서 펼쳐지는 개그 퍼레이드!,카카오웹툰,
537,더 헌터,완결,"임진왜란의 처절한 게릴라 혈투, 무등산 매 와 함께 왜군에 맞서다!",카카오웹툰,
538,죽어 마땅한 자,완결,내게 들려오는 소리... 인간은 벌을 받아야 한다.,카카오웹툰,
539,백조만화방,완결,4년째 취업준비 중인 해밀이 잊혀지던 출판 만화를 통해 전달해주는 희망 메세지,카카오웹툰,
540,아빠는 16세,완결,"내게 완벽한 삶을 주겠다던 외계인, 그런데 뭔가 이상하다..",카카오웹툰,
541,계마로의 블로그,완결,"귀여움의 대명사, 웰시코기와 하우스 쉐어! 이 개.. 아니 이분과 잘 지낼 수 있을까?",카카오웹툰,
542,생존인간,완결,학교는 나의 유일한 안식처였다. 그것 이 나타나기 전까지...,카카오웹툰,
543,집떠난 개고생,완결,"삶에 지친 남녀의 3주 간의 여행, 그들에겐 무슨 일이?",카카오웹툰,
544,청춘극장,완결,누구나 청춘을 산다. 다양한 장르의 이야기를 통해 본 청춘 드라마,카카오웹툰,
545,별신마을 각시,완결,"요괴들만 사는 별신마을, 그속에 나만 인간? 인간 세상으로 돌아가기 위한 기나긴 모험!",카카오웹툰,
546,[특집] 15인의 반전만화,완결,내가 알던 작가 맞아? 15인 작가의 스타일 대반전!,카카오웹툰,
547,마야비,완결,"신들의 봉인이 풀린 아유타국, 마지막 마야비의 전쟁이 시작된다",카카오웹툰,
548,오버 스팀,완결,"궁극의 에너지원 드라칸 , 그리고 이를 둘러싼 처절한 제국전쟁!",카카오웹툰,
549,스타워즈 : 깨어난 포스 그 이전의 이야기,완결,최고의 우주 대서사시 스타워즈 시리즈 스타워즈 원작 3부작을 웹툰으로!,카카오웹툰,
550,장기대출,완결,인간의 장기를 대출할 수 있다면 어떻게 될까?,카카오웹툰,
551,스타캣의 힐링툰,완결,지친 당신을 스타캣이 살포시 안아드릴게요.,카카오웹툰,
552,달세즈,완결,"빛을 지닌 소년의 이야기, 4월 웹툰리그 당선작",카카오웹툰,
553,아메리칸 유령잭,완결,세상에서 가장 오싹한 유령 잭 하우스에귀신의 집 딸 마고은이 도전한다!,카카오웹툰,
554,잡초 이야기 : LIVE,완결,나는 죽지 않는다. 묵묵히 살아갈 뿐..,카카오웹툰,
555,무(武)림수사대2,완결,강호의 운명을 건 사투! 무림수사대 두번째 시즌 무황재림,카카오웹툰,
556,치삼만화,완결,"웃대의 전설 치삼, 5년만에 다음웹툰 입성",카카오웹툰,
557,50픽셀 데이즈,완결,"게임을 만드는 청춘들의 일상, 성장, 좌충우돌 로맨스 코미디",카카오웹툰,
558,꽃드림,완결,"전쟁과 사막화로 황폐화된 근미래, 하지만 그곳에도 꽃집은 있었다!",카카오웹툰,
559,점핑걸,완결,"녀, 현대판 마녀사냥을 당한 그녀들의 엽기발랄 생존기",카카오웹툰,
560,친구엄마,완결,"나는 좋은 딸이 될 수 있어, 너보다 더..",카카오웹툰,
561,용비개천가,완결,개천에서 사는 거지용과 무미건조한 중2 소녀의 좌충우돌 밥정 이야기.,카카오웹툰,
562,조난! 에로로,완결,때로는 당황스럽게 때로는 흥분되게 영원히 곁에 있어줄 저돌적인 그가 옵니다.,카카오웹툰,
563,귀신,완결,1924년 북한산. 신이 되고자 했던 그 것은 그 날 죽어야 했다,카카오웹툰,
564,셜록 : 여왕폐하의 탐정 2,완결,세계적인 명화가 도난당했다! 홈즈의 형님이 마피아와 분투하는 홈즈와 왓슨을 돕다,카카오웹툰,
565,들숨날숨,완결,죽음을 그리는 한 남자의 이야기,카카오웹툰,
566,파인,완결,범죄자들을 모아 신안앞바다 보물을 도굴하려는 근면성실 악당 이야기,카카오웹툰,
567,지하철도의 밤,완결,"서울의 중심 지하철 2호선, 매일 그곳을 방황하는 당신에 대한 이야기",카카오웹툰,
568,하윤의 죄,완결,"동급생을 죽인 소년, 그리고 소년을 추격하는 형사의 충격 스토리",카카오웹툰,
569,연애가 제일 쉬웠어요,완결,말썽 피우면 호랑이한테 시집보낸다! 그 말 누가 믿냐고? 뒷산에 살던 호랑이가 믿죠,카카오웹툰,
570,하숙집 도로시,완결,하숙집에 엉겨서 살게 된 동화 속 주인공들..제발 다시 돌아가줘,카카오웹툰,
571,데미지 오버 타임,완결,괴생명체 출현으로 고립된 군부대. 집단을 꾸려 살아보려는 이들의 운명은?,카카오웹툰,
572,소소한가,완결,가족들도 모르는 가족들의 진짜 이야기를 들려드립니다,카카오웹툰,
573,관찰인간,완결,이사 온 옆집 남자가 수상하다. 아귀 작가 신작,카카오웹툰,
574,까칠한 임작가의 만화그리기,완결,"슈퍼우먼, 임강혁 작가의 소소한 그림 팁!",카카오웹툰,
575,PT맨 강코치,완결,"남자들이여, 맨 강코치와 근육을 만들어봅시다.",카카오웹툰,
576,동네의사 닥터쿡,완결,동네의사 동강과 요리사 봉식의 좌충우돌 시끌벅적한 동거가 시작된다.,카카오웹툰,
577,찡한 일상단편,완결,"하루하루가 찡한 나와 내 친구, 가족의 공감 일상",카카오웹툰,
578,엘리베이터에 낀 그 남자는 어떻게 되었나,완결,의지를 가지고 운명을 극복하려는 남자와 운명에 순응하는 또다른 남자의 이야기,카카오웹툰,
579,오늘은 자체 휴강,완결,게으른 자 함부로 욕하지 말라. 너는 누구에게 한 번도 게으른 적이 없었느냐,카카오웹툰,
580,에스탄시아 3,완결,"만화창작집단 풍경의 대작. 에스탄시아, 세번째 이야기!",카카오웹툰,
581,늑대처럼 울어라,완결,살기 위해 싸움을 선택한 남자들!,카카오웹툰,
582,안녕! 바북아,완결,"평생을 함께 할 수 있는 반려동물, 바북이 이야기",카카오웹툰,
583,괴담콜렉터,완결,돈 많은 사이코패스를 감동시킬만한 이야기는 무엇일까?,카카오웹툰,
584,에이스 하이,완결,4년 만에 돌아온 . . 이번에는 출격할 것인가,카카오웹툰,
585,어벤져스 : 일렉트릭 레인,완결,전세계 최초 마블 공식 웹툰 어벤져스 일렉트릭 레인 다음 독점 연재,카카오웹툰,
586,상상고양이,완결,"인간과 고양이... 같은 상황, 다른 생각! 두둥!",카카오웹툰,
587,도대체 무슨 일이야,완결,열살 소녀가 되어 버린 안나와 연하남 일우의 기상천외한 동거,카카오웹툰,
588,그녀와 32분의 1,완결,"설레는 마음으로 맡은 첫 담임, 그런데 우리 반은 뭔가 이상하다...?",카카오웹툰,
589,지킬박사는 하이드씨,완결,지금까지와는 전혀 다른 이충호 스타일을 만나다!,카카오웹툰,
590,하이드,완결,한 소녀의 죽음을 둘러싸고 벌어지는 두 인격의 대립. 과연 게임의 승자는 누가 될 것인가?,카카오웹툰,
591,암묵적 동의,완결,"바이오공학이 발달한 근 미래 서울, 그곳에 거대한 음모가 숨어있다!",카카오웹툰,
592,호구의 사랑,완결,나는 지금 제대로 된 사랑을 하고 있을까?,카카오웹툰,
593,슈퍼스타 마광길,완결,무엇을 상상하든 그 이상을 보게된다. 신개념 병맛 판타지액션드라마,카카오웹툰,
594,순간,완결,평범한 일상에서도 심장이 움직이는 순간이 있습니다. 그 순간을 기억하시나요?,카카오웹툰,
595,괴물 같은 아이돌,완결,"이 멋진 남자들, 괴물 같은 아이돌? 아이돌 같은 괴물?",카카오웹툰,
596,부엉이 식당,완결,귀신들이 영업하는 식당으로 초대합니다!,카카오웹툰,
597,취미학배틀,완결,"외국산 오타쿠는 가라, 대한민국은 취미학 배틀이다!",카카오웹툰,
598,모험의 꿈동산,완결,모두가 원하는 궁극의 놀이기구를 개발하라!,카카오웹툰,
599,이장본색,완결,파워농촌 대왕리에서 펼쳐지는 농력의 향연!!,카카오웹툰,
600,연무,완결,도시 전체가 숨죽인 화이트 아웃. 무조건 살아남아야한다. 삶은 계속되어야 한다.,카카오웹툰,
601,언더시티2,완결,"가상현실게임 언더시티에서 위험에 빠진 유저들, 무사히 로그아웃 할 수 있을 것인가",카카오웹툰,
602,동재네 식구들,완결,"마흔 중반의 동재와 그의 식구들, 그들이 만들어가는 조금은 다른 이야기",카카오웹툰,
603,개와 토끼의 주인,완결,메트로놈 이원진 작가의 조금은 다른 반려동물 이야기,카카오웹툰,
604,로봇이 상냥해,완결,"2085년 화성의 밤, 그녀를 지키려는자, 구하려는 자",카카오웹툰,
605,신사의 집,완결,당신의 남자를 위한 맞춤 양복점,카카오웹툰,
606,즐거운 나의 집,완결,서울대 다니는 나태한의 개인 다큐,카카오웹툰,
607,모르모트 인 더 시티,완결,"개성 넘치는 모르모트들의 실험실 탈출, 그러나 또 이상한 곳으로 와버린 듯?",카카오웹툰,
608,장난감의 사정,완결,철없는 장난으로 시작된 삼각관계. 너만 사라지면 돼,카카오웹툰,
609,셜록 : 여왕폐하의 탐정 1,완결,19세기 가상의 국가에서 셜록 홈즈가 왓슨과 협력하여 각종 사건을 풀어나간다!,카카오웹툰,
610,제비전,완결,"까칠한 흥부와 왕자병 놀부, 두 형제 사이에 낀 제비의 험난한 은혜 갚기!",카카오웹툰,
611,아네미아,완결,피가 모자란 사람들에 관한 4가지 단편 옴니버스,카카오웹툰,
612,한성 1905,완결,"1905년 제국수도 한성, 검과 총이 충돌하는 본격 개화기 공상활극",카카오웹툰,
613,팬더댄스,완결,"중국 본토 캐릭터들을 압도한 토종 캐릭터 팬더댄스의 귀환! 뽀얀 찹쌀떡 같은 동그란 머리통에 도무지 속을 알 수 없게 지그시 뜬 눈. 상대의 황당함과 뒷골 땡김은 안중에도 없는 통쾌한 마이 페이스, 팬더댄스! 음식과 언어, 문화, 철학과 과학, 그리고 자연과 우주를 넘나드는 팬더댄스와 왕구리의 문답 여행! 황당하면서도 묘하게 논리적인 팬더댄스의 말빨을 기대하시라!",카카오웹툰,
614,은밀하게 위대하게2,완결,은밀하게 위대하게 두 번째 침투가 시작된다! 은밀하게 위대하게 그리고 유일하게!,카카오웹툰,
615,여행해도 똑같네,완결,"캐러멜, 네온비 부부 동구와 자동차 여행을 떠나다!",카카오웹툰,
616,루드비코의 만화일기,완결,작가 루드비코의 솔직한 이야기..일상툰은 이런 것이다!,카카오웹툰,
617,마왕을 위한 동화,완결,"지위도 명예도 버렸다..하지만 상관없다, 너를 가질 수만 있다면",카카오웹툰,
618,육갑 : 여섯개의 갑,완결,"여긴 어디? 난 누구? 6명의 기억상실자, 알고 보니 극강의 오감을 가졌다!",카카오웹툰,
619,포코알레그레토,완결,시립교향악단과 함께하는 따뜻한 음악 이야기,카카오웹툰,
620,망치를 부수는 변호사,완결,시골 다운타운에서 벌어지는 젊은 변호사의 미스테리 법정 드라마,카카오웹툰,
621,꽃처럼 산다,완결,20 30대가 폭풍공감할 꽃집에 얽힌 에피소드,카카오웹툰,
622,쓸개,완결,어느 날 내게 대단한게 생겼다..바로 순금 370 !,카카오웹툰,
623,공긔 엇더하니잇고,완결,"그래, 결정했어! 나는 열심히 노력해서 공기학과를 갈거야!",카카오웹툰,
624,지구 전세냈냐,완결,외계인들의 커밍아웃 시작! 지구 전세내셨어요?,카카오웹툰,
625,카산드라,완결,그대는 미래를 보겠지만 아무도 믿지 않으리라! 아폴론의 저주를 받은 카산드라 왕녀,카카오웹툰,
626,빌어먹을 것들,완결,"유쾌한 노숙자들의 살인사건 해결기, 5회 다음만화공모전 장려상 수상",카카오웹툰,
627,명탐정 포우,완결,풀리지 않는 사건의 실마리를 찾는 사설 탐정 사무소의 이야기,카카오웹툰,
628,동거,완결,"어서와, 이런 커플은 처음이지? 찌질한 자취생 뱀파이어, 곰의 동거 생활",카카오웹툰,
629,기세기세2,완결,기네스 세계기록 세우기! 기상천외한 그 두번째 이야기!,카카오웹툰,
630,러브메이커,완결,"12월, 눈 내리던 그날 밤 나는 큐피트를 만났다. 4회 다음공모전 최우수상작",카카오웹툰,
631,더 퀸 : 침묵의 교실,완결,"여왕이 지배하는 교실, 우리는 정말 평등하기를 바라는가",카카오웹툰,
632,삼풍,완결,1995년 6월 29일. 그들은 삼풍의 잔해 속에 묻혀 있었다.,카카오웹툰,
633,탐묘인간,완결,고양이의 모든 것이 사랑스러워.. 당신도 나와 같은가요?,카카오웹툰,
634,외발로 살다,완결,"각자의 삶을 건 싸움, 처절한 복수가 시작된다!",카카오웹툰,
635,CCTV,완결,모든 것을 지켜보고 있다! 제4회 공모전 본선 진출 작품!,카카오웹툰,
636,미 앤 아이,완결,세상 사람들이 똑같이 변해간다! 그 중 진짜를 찾아 사랑을 이뤄야 하는데. .,카카오웹툰,
637,마녀,완결,마녀라 불리는 여자를 사랑한 남자의 이야기,카카오웹툰,
638,설국열차 : 프리퀄,완결,"17년째 궤도를 도는 열차의 탄생과 인류 마지막, 살아남은 자들의 이야기",카카오웹툰,
639,라임 오딧세이,완결,너와 나의 판타지 어드벤쳐! 신의 과일 을 찾아라!,카카오웹툰,
640,하우스 메이트,완결,무표정한 남자와 흐릿한 여자의 잔혹한 한 집 살이,카카오웹툰,
641,짐승수컷고등학교,완결,본능에 충실한 우리는 짐.승. 입니다! 짐승수컷고등학교의 시시콜콜 학교생활 엿보기,카카오웹툰,
642,9교시엔 XOXO,완결,얼짱 여교사한테 날마다 들이대는 뺀질이 중딩. 이 녀석한테도 나름 사정이 있다는데,카카오웹툰,
643,벼랑 끝의 디저트,완결,안정된 사랑 혹은 순수한 사랑. .당신의 진실된 선택은?,카카오웹툰,
644,오!솔로,완결,솔로생활이 길면 마법사가 된다고 했던가!,카카오웹툰,
645,저스트 원 샷,완결,인생의 한 방! 복권 당첨자의 운명을 건 잔인한 배팅!,카카오웹툰,
646,인기 있는 남자,완결,모든 여자들이 선택받으려 줄을 서는 그런 남자만 될 수 있다면,카카오웹툰,
647,폐어,완결,"깊은 상처, 이대로 사랑해도 되는 걸까?",카카오웹툰,
648,제 0시 : 대통령을 죽여라,완결,그 때 그는 죽지 않았다! 그리고 그곳에 그들이 있었다!,카카오웹툰,
649,수사전,완결,광무 5년 대한제국을 배경으로한 본격 정치 수사극!,카카오웹툰,
650,가우시안 블러,완결,뿌연 안개같은 청춘을 살아가는 19살 소년소녀의 비밀 스토리,카카오웹툰,
651,파수꾼의 왈츠,완결,잊혀지는 병에 걸린 홍조의 인생,카카오웹툰,
652,파동,완결,"살인자와 목격자, 그들이 벌이는 치열한 생존게임!",카카오웹툰,
653,결혼해도 똑같네,완결,"만화가 네온비, 캐러멜 부부 탄생! 그리고 이어지는 충격 개그 신화!",카카오웹툰,
654,0.1초의 설렘,완결,긴 사랑과 짧은 설렘에 대한 보고서,카카오웹툰,
655,지옥철,완결,익숙한 것에 대한 극도의 공포감!.. 지하철에서 일어나는 기이한 사건의 정체는?,카카오웹툰,
656,우리집 새새끼,완결,문조 두 마리와 골드키위새 작가가 엮어가는 새판 이야기,카카오웹툰,
657,안되는 건 안되는 거다,완결,"기억을 잃은 소년, 해결사, 은둔작가..그들의 이상한 이야기",카카오웹툰,
658,은밀하게 위대하게 : 슬럼버,완결,은밀하고 위대했던 슬픈 혁명의 과거! 그들은 정말 무슨 생각을 했던걸까,카카오웹툰,
659,검둥이 이야기,완결,흰둥이 윤필 작가가 그려내는 또 하나의 가슴 절절한 이야기,카카오웹툰,
660,피노키오,완결,행복해지고 싶은 사람들과 한 소년의 행복찾기!,카카오웹툰,
661,다이아몬드 더스트,완결,라스트 강형규가 선보이는 흔하지 않은 사랑 이야기,카카오웹툰,
662,헌티드 스쿨,완결,학원기이야담의 시초를 만나다..흥미진진 학교 괴담 사냥이 시작된다!,카카오웹툰,
663,세상 밖으로,완결,동네 친구들의 뜻하지 못한 사건. 휘말려버리다.,카카오웹툰,
664,그루밍 선데이,완결,작가와 작은 고양이 알콩달콩 동거 이야기,카카오웹툰,
665,돼지고기 동동,완결,"돼지고기의 변신은 무죄! 서울의 한 아파트 반상회. 그곳에선 반상회를 여는 집이 저녁을 준비해야 한다. 그리고 연말이면 가장 맛있었던 집을 선정해 상금을 수여하는데... 상금을 받기 위한 704호의 비밀 요리 준비 시작! 엄마, 아빠, 그리고 일곱 살 딸이 준비한 요리는 과연?!",카카오웹툰,
666,커밍업!,완결,기선작가가 선보이는 본격 걸그룹 만들기 프로젝트!,카카오웹툰,
667,한여름밤의 꿈,완결,"숲, 소년 그리고 한여름의 꿈이 시작되는 순간의 이야기",카카오웹툰,
668,루드비코의 만화영화,완결,만화 작가 루드비코의 영화로 보는 일상,카카오웹툰,
669,파이팅 스타,완결,런던올림픽? 난 우주올림픽이야! 재미대통령 두엽작가의 2012 액션대작!,카카오웹툰,
670,"다시, 봄",완결,두 번 다시 안올 그날이 되돌아 오면 당신은 무엇을 할건가요?,카카오웹툰,
671,언더시티,완결,"가상현실의 도시, 언더시티에 오신 것을 환영합니다.",카카오웹툰,
672,올망동은 평화롭습니다,완결,지구방위연구소의 악당 외전..개념찬 악당의 이상한 동네 적응기!,카카오웹툰,
673,트릭코드,완결,미스터리한 사건들의 비밀을 밝히기 위한 추리극,카카오웹툰,
674,애썸,완결,누구나 겪었을 법한 사랑과 소중한 만남에 대한 짧은 이야기,카카오웹툰,
675,웨이크 업 데드맨,완결,"시체가 벌이는 순정로드무비, 공모전 최우수상 수상!",카카오웹툰,
676,오세요 타로샵,완결,국내 최초 타로 실전 웹툰. 애매한 것에 대한 답이 여기에!,카카오웹툰,
677,노루,완결,"200광년을 건너온 카메라, 인류의 마지막을 담다!",카카오웹툰,
678,아코르,완결,잔혹한 과거를 가진 이안과 신비한 소녀 네이가 만들어내는 가슴시린 성장동화,카카오웹툰,
679,굿모닝 사회인 야구,완결,기초부터 배우는 사회인 야구 교본의 정석!,카카오웹툰,
680,나는 매일 그를 훔쳐본다,완결,훔쳐보기로 사랑을 시작해버린 극소심녀의 좌충우돌 연애담,카카오웹툰,
681,고.흔.연,완결,고양이를 통해 만난 흔해빠질 수 있는 그와 그녀의 인연,카카오웹툰,
682,레이어즈 아나키,완결,"시공을 초월한 그 곳, 레이어를 둘러싼 학원감성액션!",카카오웹툰,
683,오! 마이 레이스,완결,"전쟁터와 같은 패션계, 레이스를 사랑하는 이 남자를 주목하라!",카카오웹툰,
684,란의 공식,완결,"누들누드 , 아색기가 의 양영순을 기억하는가? 1001 의 양영순을 기억하는가?",카카오웹툰,
685,코알랄라,완결,"먹는게 가장 소중한 코알라와 얌이의 즐거운 먹방. 계란후라이도 군고구마도 라면도 팥빙수도 게장도 모두모두 세상 어떤 음식이라도, 맛있을 땐 외쳐. 코알랄라!",카카오웹툰,
686,용사에게 소중한 것,완결,어느 용사의 대서사시,카카오웹툰,
687,빨간봉투,완결,가질 수 없는 것들을 욕망하는 청춘들의 이야기,카카오웹툰,
688,미세스 선녀,완결,"학원가를 주름잡던 그녀, 어느날 현모양처가 되어 돌아오다!",카카오웹툰,
689,도사랜드,완결,제대로된 직업에는 사짜가 들어가 줘야지! 그래서 바로 도사!,카카오웹툰,
690,흰둥이,완결,오늘도 흰둥이는 사람들과 살아갑니다,카카오웹툰,
691,낙오여군복귀기,완결,정부 특별조치 발표! 여성 군복무 의무화 시대!,카카오웹툰,
692,모든걸 걸었어,완결,한계가 꿈을 가로막을 때 당신은 목숨을 걸 수 있겠는가,카카오웹툰,
693,지혜가 쫀득쫀득,완결,어택 스타일로 배우는 쫀득쫀득한 생활의 지혜!,카카오웹툰,
694,순정큐피트,완결,"누구나 필요한 것, 누구나 가슴 속에 품고 있는 그것!",카카오웹툰,
695,후크는 악당이다,완결,"후크는 악당이다, 대체 왜?....... 그 사건의 전말를 파헤친다!",카카오웹툰,
696,날 좋아해줘,완결,"좋아할 수 없을 것 같은 그들의 당부, 날 좋아해줘",카카오웹툰,
697,사춘기 메들리,완결,"풋풋하기만 했던 고등학생 시절, 인생 최대 위기가 찾아왔다!",카카오웹툰,
698,소녀K,완결,이제껏 본적 없었던 미소녀 킬러 액션이 온다!,카카오웹툰,
699,사라세니아,완결,세상만물의 가치를 보는 초능력을 가진 주인공. 무료한 일상 중 찾아온 의외의 일들.,카카오웹툰,
700,환상의 파트너,완결,"꽃미남 동물 심리학자와 동물의 말이 들리는 여자, 환상의 짝꿍이 될 수 있을까?",카카오웹툰,
701,쏘쏘리,완결,부족한 것 투성이로 살아가는 30대 싱글녀 쏘쏘리와 그녀의 주변인들의 삶 이야기!,카카오웹툰,
702,라스트,완결,지하경제 100억을 둘러싼 한 남자의 사투가 시작된다!,카카오웹툰,
703,스틸레인,완결,지금 한반도가 위험하다! 숨막히는 국제 정치 스릴러!,카카오웹툰,
704,보고 있으면 기분 좋아져라,완결,"말랑말랑 촉촉하게, 당신과 같이 나누고 싶은 페리의 감성시트콤!",카카오웹툰,
705,조명가게,완결,삶과 죽음의 경계에 있는 그들. 끈절하고 밀도 높은 공포!,카카오웹툰,
706,창작의 고통,완결,대학교 만화학과에 들어가면 무엇을 배우는지 알아볼까요?,카카오웹툰,
707,아침에 시 한 수,완결,팬더댄스와 함께 매일 매일 아침 시 한 수 꿀 꺽!,카카오웹툰,
708,커피와 하루 the start,완결,커피와 함께 살아가는 네 사람의 이야기,카카오웹툰,
709,메트로놈,완결,시간의 벽을 넘어 잃어버린 기억 속의 그녀를 지켜야만해!,카카오웹툰,
710,잡초이야기,완결,"고뇌하는 잡초의 탄생 이후, 잡초계에서 벌어지는 4차원의 일상!",카카오웹툰,
711,기춘씨에게도 봄은 오는가,완결,나에게도 한번만 기회를..! 기춘씨의 처절한 솔로탈출기!,카카오웹툰,
712,그녀의 수염,완결,"눈에 거슬리는 그녀의 수염, 그리고 사랑 혹은 이별..",카카오웹툰,
713,학원기이야담,완결,기이하고 익숙한 학원괴담을 엉뚱하게 비틀어버린다. 계란계란작가의 특별한 호러만화,카카오웹툰,
714,에어리어제로,완결,행복할 수 없는 지구를 떠나려 하지만 그 이유를 잃은 사람들의 이야기,카카오웹툰,
715,인터뷰,완결,슬럼프에 빠진 작가가 들려주는 독특한 감각의 옴니버스 이야기,카카오웹툰,
716,레이어즈,완결,"시공을 초월한 그 곳, 레이어를 둘러싼 학원감성액션!",카카오웹툰,
717,광해이야기2,완결,3부작 단편 광해이야기 그 두번째,카카오웹툰,
718,보지 못하고 듣지 못하고 사랑해,완결,나는 당신을 못보고 당신은 나를 못듣지만 그래도 사랑해,카카오웹툰,
719,트레져헌터2,완결,뒤엉킨 시간과 라크리모사의 분노! 모든 궁금증을 풀어 줄 대망의 시즌2!,카카오웹툰,
720,거울아씨전,완결,내가 원하던 여자친구의 모습을 한 거울아씨와의 미스터리한 동거,카카오웹툰,
721,야옹이와 흰둥이,완결,"흰둥이 시리즈의 시작점, 그 감동의 이야기를 다시 만나다!",카카오웹툰,
722,이너 다이어리,완결,편한 몸을 위해 벗어 던진 속옷! 높은 현실의 벽 앞에 울고 웃는 여자들의 솔직한 이야기!,카카오웹툰,
723,고마워 다행이야,완결,그녀는 어떤 결정을 내릴까? 네 사람의 사랑 그 잔악한 이야기,카카오웹툰,
724,수심 3000m에 닿으면,완결,신비로 가득찬 바다 그리고 인어에게 복수하기 위한 남자의 사투!,카카오웹툰,
725,마왕의 성,완결,"아무도 가보지 못한 안개의 숲 속 마왕의 성, 그곳엔..",카카오웹툰,
726,기네스 세계기록 세우기,완결,"기네스 세계기록에 도전하는 소년, 소녀들의 당찬 이야기!",카카오웹툰,
727,라이오트,완결,천천히 종말이 다가오고 있다 그것을 막을 수 있는 것은..,카카오웹툰,
728,비산,완결,대구 비산동 설화 를 모티브로 한 만화로 거대한 거북과 한 소년의 짧은 여행을 다루고 있다.,카카오웹툰,
729,아쉬탕가,완결,궁극의 기술 아쉬탕가 를 완벽 마스터 하는 자 누가 될 것인가!,카카오웹툰,
730,커피와 하루 ternate,완결,커피와 함께하는 우리들의 따뜻한 인생 이야기,카카오웹툰,
731,암브로시아,완결,음식 섭취로 초능력을 발휘하는 주인공의 왁자지껄 활약기!,카카오웹툰,
732,가론피,완결,피 에 관한 피할 수 없는 옴니버스 공포만화가 펼쳐진다!,카카오웹툰,
733,모르모트,완결,개성 넘치는 쥐들이 들려주는 유리벽 안 작은 세상 이야기,카카오웹툰,
734,노숙자 블루스,완결,처음부터 선택된 인생이 어디있어? 난 지금부터 그걸 바꿀꺼야!,카카오웹툰,
735,좀비의 시간2,완결,"좀비애와 가족애를 결합한 새로운 한국형 좀비만화, 그 두 번째 이야기!",카카오웹툰,
736,차이니즈 봉봉클럽 북경편,완결,"차이니즈봉봉클럽의 차기 회장을 뽑도록 하지. 온갖 지역의 산해진미가 가득한 북경에서 살아보기로 한 은영양과 그녀의 가족. 마파두부 마라샹궈 딤섬 그곳에서 은영양은 삼시네끼로도 부족한 행복한 나날을 보낸다. 그러던 어느 날, 가족의 초대로 차봉 멤버가 북경에 모였다. 그리고 첫 식사인 베이징 오리 를 맛보는 순간... 어느덧 바뀌어 있는 아롱 의 모자! 차봉의 회장이라면 무조건 써야 되는 저 모자... 회장을 뽑기 위해 시작된 모종의 대결! 과연 그 승자는 누구일까?!",카카오웹툰,
737,앞으로 나란히,완결,당신이 알게 된 진짜 사랑이 지금의 사랑이 아니라면..,카카오웹툰,
738,겨울하나,완결,유령소년 유가온이 죽은뒤에 맞는 첫 인연에 대한 이야기,카카오웹툰,
739,마당에 데굴데굴 열매,완결,간절히 바라는 이에게 이 소중한 씨앗을 드립니다,카카오웹툰,
740,커피와하루,완결,커피와 함께하는 따뜻한 하루 이야기,카카오웹툰,
741,무채색 가족,완결,"무심한듯 시크한 가족코믹극, 가난한 그들의 경제회복기!",카카오웹툰,
742,당신의 모든 순간,완결,"순정만화 네번째 이야기, 당신의 모든 순간",카카오웹툰,
743,당신과 당신의 도서관,완결,사상초유 엘리트 된장녀가 던지는 화끈한 인격모독!,카카오웹툰,
744,디스라이크,완결,"민트사탕 맛의 오기와 자존심, 정말 안좋아해? 좋아해?",카카오웹툰,
745,미소식가,완결,"외딴 레스토랑 미소식가를 배경으로 펼쳐지는, 꿈과 사랑 가득한 사람들의 이야기",카카오웹툰,
746,수퍼우먼2,완결,"모든 것이 사라진 지금, 그녀 앞에 펼쳐진 또 다른 세계는?! 본격 히어로 만화",카카오웹툰,
747,환상주사위,완결,환상속의 모험을 즐기는 부 아이들의 이야기,카카오웹툰,
748,GONE,완결,"내가 죽더라도 너무 슬퍼하지마, 바람결에 너를 다시 찾아갈게",카카오웹툰,
749,에스탄시아1,완결,에스탄시아 는 만화창작집단 풍경의 데뷔작,카카오웹툰,
750,트레져헌터1,완결,인디아나 존스를 꿈꿨던 청년들과 의문의 소녀들의 보물찾기 대소동,카카오웹툰,
751,에스탄시아2,완결,"만화창작집단 풍경의 세번째 대작. 열차탈주극 에스탄시아, 그 두번째 이야기!",카카오웹툰,
752,아일랜드,완결,"한국 만화의 신화 팀 풍경, 그들의 2010년 최신작!",카카오웹툰,
753,장마,완결,어느 시골마을을 휩쓴 연쇄살인..그곳에는 비가 내린다!,카카오웹툰,
754,이스크라,완결,썩은 세상을 바꾸려는 젊은 영웅들의 열혈 혁명기! 작가 이충호의 대단한 도전!,카카오웹툰,
755,매지컬,완결,올바른 매지컬 프린세스를 기르는 한 요정의 육성분투기,카카오웹툰,
756,풋프린트,완결,"15년 전 돌아가신 아버지, 그가 남긴 흔적을 쫓는 20살 청년의 성장드라마!",카카오웹툰,
757,팬더댄스와 차봉클럽,완결,차이니즈 봉봉클럽에 팬더댄스가 떴다?! 본격 중화요리 만화 지금부터 시작합니다,카카오웹툰,
758,실버볼2,완결,드디어 실버볼 시즌전 개막! 상상초월 볼 컨트롤!,카카오웹툰,
759,광해이야기,완결,"2010년 여름, 만화속세상이 선보이는 공포 프로젝트 광해",카카오웹툰,
760,크레이지,완결,어느 소년의 작지만 만만치 않은 감동이 시작됩니다,카카오웹툰,
761,우리동네에 왜 왔니,완결,조폭 패거리로 부터 우리동네를 지켜라! 조금산 작가 신작!,카카오웹툰,
762,셔틀맨,완결,찌질이 빵셔틀맨 앞에 나타난 괴상한 구원자!,카카오웹툰,
763,헌티드스쿨 원더러즈 에이스,완결,"평화롭던 우리 학교에 생긴 웃지 못할 사건, 사건의 실마리는 과연 어디에?!",카카오웹툰,
764,To.From,완결,"우연히 낯선 세계에 발을 딛은 소년, 그곳에서 만난 것은..?",카카오웹툰,
765,탄,완결,수퍼우먼 임강혁 작가의 괴기발랄한 단편 만화!,카카오웹툰,
766,실버볼1,완결,새로운 스포츠 실버볼 ! 그 속에서 펼쳐지는 요절복통 이야기!,카카오웹툰,
767,반짝반짝 컬링부,완결,컬링을 단 한번도 해본적 없는 선생님과 학생들이 풀어가는 좌충우돌 컬링 이야기,카카오웹툰,
768,카메라ON,완결,"학교의 모든 특종은 나에게 맡겨라, 4차원 명랑 학원만화 출동 !",카카오웹툰,
769,종달새가 말했다,완결,"아주 가까운 미래, 게임중독 소녀와 자폐소년이 만들어가는 하이테크 청춘 동화!",카카오웹툰,
770,지옥에서,완결,한적한 시골에서 드러나는 또 하나의 지옥도! 작가 2009 하반기 최신작!,카카오웹툰,
771,고백,완결,갑작스러운 고백? 나는 네가 누군지도 잘 모른단 말이야!,카카오웹툰,
772,흩날리는,완결,2년간의 기다림끝에 찾아 온 항해의 새로운 시작!,카카오웹툰,
773,수퍼우먼1,완결,강철같은 그녀의 숨겨진 비밀은? 본격 여성 히어로 만화 슈퍼우먼!,카카오웹툰,
774,R에 관해서,완결,각기 다른 4명의 여성. 그녀들의 사랑과 일. 이림의 세번째 작품.,카카오웹툰,
775,룬의 이야기,완결,위대한 바위가 되기 위해 떠나는 어느 바위인간의 아름다운 동화!,카카오웹툰,
776,까야제맛,완결,체이서 하준성 작가의 무한 개그본능이 살아난다!,카카오웹툰,
777,비행접시,완결,사랑하지 않는 자는 모두 유죄! 목숨을 건 사랑쟁탈전 발발!,카카오웹툰,
778,탁구공,완결,"어느날 만난 의문의 노숙자, 그리고 떠오르는 사랑의 기억?",카카오웹툰,
779,사랑보험,완결,사랑 때문에 아프십니까? 이제 사랑도 보험이 필요합니다,카카오웹툰,
780,삼백이론,완결,"망상에 빠져 사는 소녀와 평범한 우등생, 두 소녀가 풀어나가는 일상의 낯선 재해석",카카오웹툰,
781,어게인,완결,2009년 강풀작가의 최신작! 미심썰 시즌4 더 강력한 스릴이 온다!,카카오웹툰,
782,무차별! 강팀장,완결,성과 위주로 달리는 무차별 강팀장! 그의 리더십에 최대 위기가 찾아왔다!,카카오웹툰,
783,미확인거주물체,완결,"옆집에 조용히 내려 앉은 미확인물체, 알수없는 존재와의 독특한 동거가 시작된다",카카오웹툰,
784,방벽동,완결,지구를 습격해오는 괴생명체. .세상의 끝에서 그들과 맞서 싸우는 농촌 메카닉 드라마,카카오웹툰,
785,밤12시,완결,"7주간, 매주 금요일 밤 12시 만화속세상 대표작가들이 선보이는 아주 특별한 공포",카카오웹툰,
786,염라공주 모모레,완결,인간세계에서 살아가는 염라국 공주 모모레 식솔들의 좌충우돌 이야기!,카카오웹툰,
787,술,완결,트레이스 네스티캣의 신작 술! 증오와 사랑 그리고 인간에 관한 새로운 판타지!,카카오웹툰,
788,12월,완결,송래현 작가의 12월 전작보다 더 가슴아픈 사랑의 이야기가 펼쳐집니다,카카오웹툰,
789,고양이 장례식,완결,"헤어진 그와 그녀, 고양이 장례식에서 만나다. 홍작가의 7부작 단편극장",카카오웹툰,
790,향연상자,완결,그들을 가둔 뜨거운 컨테이너 박스. .새로운 룰로 무장한 또 한 번의 생존게임!,카카오웹툰,
791,항해1,완결,작가 최종훈 의 세 번째 웹만화 항해 !,카카오웹툰,
792,해골택시,완결,"이제 스스로 삶을 포기하려는 자여, 당신 앞으로 택시 한 대가 멈춰 설 것이다.",카카오웹툰,
793,마음이 만든 것,완결,"아이들의 순수한 로맨스, 정필원 작가의 작품과 함께 추억속으로 여행을 떠나세요",카카오웹툰,
794,이웃사람,완결,오늘 나를 스치고 지나간 그 사람은 당신의 공포스러운 대상이 될 수 있다.,카카오웹툰,
795,샴,완결,"불의의 사고로 서로의 몸을 공유하게 된 비극적인 쌍둥이 형제, 그들의 운명은?",카카오웹툰,
796,천사의 섬,완결,"하염없이 섬에서 표류하는 주인공. 그러던 어느날, 그의 앞에 천사가 나타난다.",카카오웹툰,
797,무림수사대,완결,이충호 작가의 6년만의 컴백작 무림수사대,카카오웹툰,
798,교수인형,완결,"아마추어 작가 코너 나도 만화가 , 도전 만화가 에서 폭발적인 인기를 모았던 작품",카카오웹툰,
799,데자뷰,완결,작가의 첫번째 웹툰 도전 데자뷰! 감동을 원하는 독자들께 추천합니다,카카오웹툰,
800,울트라병장,완결,리얼코믹 메카닉 만화. 울트라 병장은 대한민국의 평화를 지킬수 있을 것인가,카카오웹툰,
801,블러드 오션,완결,형과 동생들을 찾아 우주를 배회하는 이연의 행로는 어떻게 될 것인가.,카카오웹툰,
802,"봄, 가을",완결,"봄, 가을 은 죽는남자 에서 보여줬던 이림 작가 특유의 시적인 전개와 코믹함이 묻어난다",카카오웹툰,
803,커피 앤 페이퍼,완결,"20대라면 누구나 고민할 법한 진학, 사랑에 대하여...",카카오웹툰,
804,도로시밴드,완결,도로시와 그녀의 밴드 맴버들이 안내하는 환상의 나라로 떠나보세요,카카오웹툰,
805,브이,완결,어린 시절 우리의 영웅 태권브이의 당당한 귀환!,카카오웹툰,
806,그대를 사랑합니다,완결,순정만화 3번째. 강풀의 손끝에서 나오는 어른들의 사랑이야기,카카오웹툰,
807,오리우리,완결,청년백수 솔로 탈출기 남아돌아 의 히어로 캐러멜 작가의 두번째 작품,카카오웹툰,
808,도깨비,완결,2006 디지털 만화공모전 대상에 빛나는 네스티캣의 데뷔작,카카오웹툰,
809,죽는남자,완결,"100일 동안 주어진 시간, 모든 것을 나누어주고 떠날 채비를 준비하는 남자",카카오웹툰,
810,스멜스 라이크 30 스피릿,완결,고리타 작가 특유의 개그코드로 우울한 현대인의 자화상을 즐겁게 편곡 한 작품,카카오웹툰,
811,26년,완결,5.18이라는 민감한 소재를 다루면서 대중적 재미를 놓치지 않아 많은 박수를 받은 작품,카카오웹툰,
812,심인애씨의 소유,완결,놀아죠패밀리 로 사랑을 받았던 남지은 작가의 두번째 작품,카카오웹툰,
813,남아돌아,완결,남아돌아 는 젊은 층에게 많은 인기를 누리고 있는 캐러맬 작가의 데뷔작,카카오웹툰,
814,타이밍,완결,"이 작품을 보는 순간, 여러분이 알고 있는 시간의 개념은 무너질 것이다.",카카오웹툰,
815,놀아죠 패밀리,완결,네티즌들과 재밌고 감동적인 이야기를 나누고 싶은 남지은 작가의 데뷔작.,카카오웹툰,
816,바보,완결,강풀 순정만화 씨즌2 바보. 겨울내내 가슴 속에 따뜻한 사랑과 웃음을 심어주었던 작품,카카오웹툰,
817,아파트,완결,강풀만이 그려낼 수 있는 만화속 공포. 2006년 영화로 제작되어 화제를 모으기도 했다.,카카오웹툰,
818,순정만화,완결,강풀 작가의 대표작품인 순정만화 . 2004년 최고의 히트작품,카카오웹툰,
819,노력의 卍(만),완결,만년 낙제생 태원 . 그의 목표는 아픈 누나를 치유하기 위해 세상을 지배하는 천중궐의 신관이 되는 것. 신관을 뽑기 위해 뇌왕신 의 강림제가 얼마 남지 않은 날 호족이 마을을 침입했다. 빼앗고 죽이는 혼란 속에서 누나를 지키기 위해 집으로 뛰어가는 태원이 마주한 사람은 바로 뇌왕신. 생명을 바쳐 뇌왕신을 얻었지만 자신의 누나는 지키지 못했다. 목표를 이뤘지만 목적을 잃어버린 태원에게 천중궐 황제가 건넨 달콤한 제안. 천중궐의 꼭대기 층으로 올라오면 살아있는 누나를 만나게 해주마. 100층에서 이제 1층으로 올라가야 한다. 만년 낙제생 태원은 과연 각 층의 신관을 이기고 누나를 다시 만날 수 있을 것인가?!,카카오웹툰,
