,title,day,genre,story,platform,Thumbnail
0,밤의 향,완결,,당신의 살내음과 여름밤의 향기를 난 평생 잊지 않을 거에요,카카오웹툰,https://kr-a.kakaopagecdn.com/P/C/1532/c2/2x/6b2e9f80-e33a-4698-af42-535b0dd2e9a5
1,토이 콤플렉스,완결,,"혹시 오늘 밤, 나와 함께 보내줄 수 있나요?",카카오웹툰,https://kr-a.kakaopagecdn.com/P/C/1683/c2/2x/168aea65-3e35-4fa3-816a-9d8c5a7aad16
2,경이로운 소문,완결,,영원불멸의 삶을 위해 지구로 내려온 사후세계 악한 영혼들. 그들을 잡는 카운터들의 이야기.,카카오웹툰,https://kr-a.kakaopagecdn.com/P/C/1525/c2/2x/04da3bf8-1020-4f11-a81d-0c0441d751a5
3,괜찮은 관계,완결,,"남부럽지 않은 연애 중인 고지원, 그녀에겐 부끄러운 고민이 있는데...",카카오웹툰,https://kr-a.kakaopagecdn.com/P/C/1593/c2/2x/f4ea8121-52d2-4333-b662-3f904ef63729
4,4학년,완결,,날 바라보는 아이의 눈빛이 이상하게 느껴진다.,카카오웹툰,https://kr-a.kakaopagecdn.com/P/C/1826/c2/2x/b4301984-726b-4efa-9f27-370084aa7042
5,창백한 말,완결,,"1835년 프랑스, 마녀로 불리던 소녀의 핏빛 운명",카카오웹툰,https://kr-a.kakaopagecdn.com/P/C/783/c2/2x/963f8bdc-d961-4f9e-b72a-d034236d006b
6,N번째 연애,완결,,몇번의 연애를 거쳐야 인연이 나타날까? 청춘 끝자락에서 진정한 사랑을 찾아가는 이야기,카카오웹툰,https://kr-a.kakaopagecdn.com/P/C/1479/c2/2x/afc0967c-9c5b-4e3d-a1ed-5d617b4a6669
7,브레이커2,완결,,"대한민국 최고의 도시무협 액션, 그 두 번째 신화가 펼쳐진다!",카카오웹툰,https://kr-a.kakaopagecdn.com/P/C/596/c2/2x/80ee09a9-0c08-459d-9969-1c26fd7fb8d5
8,굿바이 사돈!,완결,,사돈 사이가 된 원수지간 남녀. 때마침 모든 걸 되돌릴 수 있는 기회가 눈앞에 찾아오는데!,카카오웹툰,https://kr-a.kakaopagecdn.com/P/C/1546/c2/2x/24bf2543-8f19-4e95-9ea1-295d32a58f3d
9,여혜,완결,,가려진 진실과 휘말린 애증 속 엇갈리기만 하는 이들의 가슴 시린 시대극 로맨스.,카카오웹툰,https://kr-a.kakaopagecdn.com/P/C/1958/c2/2x/16425d1f-5e4d-4dac-8053-fe54ed885d92
10,이태원 클라쓰,완결,,"각자의 가치관이 어우러지는 이 곳, 이태원 . 이 거리를 살아가는 그들의 이야기",카카오웹툰,https://kr-a.kakaopagecdn.com/P/C/1338/c2/2x/e4c916ee-4842-44e8-87ef-f2ab4c794bac
11,레드스톰,완결,,"사막의 찐득찐득한 모래바람과, 그곳을 질주하는 전사들의 이야기",카카오웹툰,https://kr-a.kakaopagecdn.com/P/C/823/c2/2x/7755761d-6fc0-4bb3-8668-0fad3319b574
12,다이어터,완결,,뚱뚱한 청춘은 가라! 캐러멜 작가가 선보이는 다이어트 백서!,카카오웹툰,https://kr-a.kakaopagecdn.com/P/C/676/c2/2x/66aec840-8bb4-43ff-816b-50133cc96b23
13,우리 집에 왜 왔니,완결,,바쁜 일상을 살아가는 회사원 서재희 앞에 나타난 낯설기만 한 그 녀석. 그 녀석에 대한 선입견을 벗겨라!,카카오웹툰,https://kr-a.kakaopagecdn.com/P/C/1308/c2/2x/676c96c1-58a9-470f-a3ab-c5f148e80cd5
14,버닝 이펙트,완결,,"죄를 지은 자, 죄질의 경중을 막론하고 사형에 처한다. 인구 수 폭증과 범죄율 증가로, 정부는 특단의 법을 내놓는다. 범죄자는 이유 불문하고 처단 . 길거리에 침만 뱉어도 죽을지 모르는 도시에서 시민들은 불안함에 시달리고 이를 두고 볼 수 없었던 자들이 혁명을 일으킨다. 혁명단 제볼트 의 버너 . 정부의 검, 관리자 그레이트 . 이 둘을 중심으로 점점 번져가는 정부와 혁명단의 싸움. 법을 집행하는 자와 세상을 뒤엎으려는 자들의 치열한 전쟁이 시작된다. 과연 버너 일행은 강력한 관리자들을 꺾고 즉결 처형 제도를 무너트릴 수 있을 것인가?!",카카오웹툰,https://kr-a.kakaopagecdn.com/P/C/1354/c2/2x/22aa6cee-4b02-481d-ac7a-f0810e485cbe
15,아쿠아맨,완결,,누군가 내 연애를 자꾸 방해한다! 그게 내 친구라면? 신나루의 모태솔로 해방기!,카카오웹툰,https://kr-a.kakaopagecdn.com/P/C/1309/c2/2x/c74bb1ed-4d24-4de5-8e24-913ff735c6c9
16,초상화,완결,,"18세기 유럽, 헬리는 스승을 대신하여 백작가문에서 딸의 초상화를 그리게 되는데..",카카오웹툰,https://kr-a.kakaopagecdn.com/P/C/1456/c2/2x/10da12a2-3f3c-4442-96fb-8294f0c1a7c4
17,홍도,완결,,동양 판타지. 온라인 만화공모대전 우수상 수상작,카카오웹툰,https://kr-a.kakaopagecdn.com/P/C/1121/c2/2x/748b9937-931e-459a-975b-b903762f275f
18,TEN,완결,,지옥을 벗어나고 싶다면 10명 안에 들어야 한다.,카카오웹툰,https://kr-a.kakaopagecdn.com/P/C/1320/c2/2x/38763fcd-59ef-4d17-9415-026d7df5bbbd
19,경성야상곡,완결,,"1928년 일제강점기 경성, 두 소녀의 뒤바뀐 운명",카카오웹툰,https://kr-a.kakaopagecdn.com/P/C/1769/c2/2x/0d161434-8905-42f2-a9ff-3e42eca54486
20,까락,완결,,주먹 자랑을 하지 말아야 하는 벌교. 그곳에 서울 조폭 이 내려와 물을 흐린다!,카카오웹툰,https://kr-a.kakaopagecdn.com/P/C/1971/c2/2x/a5902659-a900-4b38-bcc9-17ee67dc977f
21,아띠아띠,완결,,너는 나를 얼만큼 사랑하니?,카카오웹툰,https://kr-a.kakaopagecdn.com/P/C/1176/c2/2x/9bc811d9-bbf1-4577-b2ab-d45c3bbb666c
22,실,완결,,"다시 돌아가는 거야, 당신에게로!",카카오웹툰,https://kr-a.kakaopagecdn.com/P/C/1225/c2/2x/87434ebb-0c23-48ac-a8ff-eb45984e862f
23,설공찬전,완결,,호러 소설 작가 설공찬이 우연히 마주친 아랫집 남자와 겪게 되는 미스터리한 로맨스,카카오웹툰,https://kr-a.kakaopagecdn.com/P/C/1893/c2/2x/fafbfc5b-7dc3-4c5a-80d5-825e7ab887a8
24,발자국이 녹기 전에,완결,,"가상의 조선, 세상에 의한 아픔을 가진 사람들의 사랑 이야기",카카오웹툰,https://kr-a.kakaopagecdn.com/P/C/1314/c2/2x/2f83e510-5ced-4a3d-b973-862975f104f1
25,PEAK,완결,,이제껏 본적 없는 웰메이드 산악구조 액션!,카카오웹툰,https://kr-a.kakaopagecdn.com/P/C/702/c2/2x/88d8f645-eec2-4b59-a5d3-88637564bc28
26,껍데기,완결,,"예뻐지고 싶은 태희와 성형외과 의사 도하, 그들은 껍데기만으로 행복해질 수 있을까?",카카오웹툰,https://kr-a.kakaopagecdn.com/P/C/1459/c2/2x/9e9fd445-ed76-4751-823f-facf4b873eb9
27,국민사형투표,완결,,어느 날 당신에게 도착한 국민사형투표 문자. 당신의 선택은?,카카오웹툰,https://kr-a.kakaopagecdn.com/P/C/1180/c2/2x/2d991a63-42ca-4e2b-b522-9a1ce8a74efa
28,무장,완결,,"고려 무신정권, 노비에서 무장으로 다시 태어난 영웅!",카카오웹툰,https://kr-a.kakaopagecdn.com/P/C/822/c2/2x/a1a418a3-ddbe-476c-bdb6-3f102212d27a
29,무빙,완결,,남들이 모르는 비밀을 간직하고 있는 고등학생. 그리고 그 부모들의 이야기. 소년소녀들의 성장기.,카카오웹툰,https://kr-a.kakaopagecdn.com/P/C/1183/c2/2x/40633919-2d03-461e-a0b3-6bb5811d0696
30,징크스의 연인,완결,,재벌가가 숨겨둔 행운의 여신이 가난하고 재수 옴 붙은 내게로 왔다.,카카오웹툰,https://kr-a.kakaopagecdn.com/P/C/1339/c2/2x/ed85c5d6-9a20-4bec-9878-e4d77acaf4a8
31,어둠이 걷힌 자리엔,완결,,묘진전 작가 신작. 19 년 경성의 한구석에 자리한 특별한 가게. 그곳에 모이는 기기묘묘한 사연들,카카오웹툰,https://kr-a.kakaopagecdn.com/P/C/1614/c2/2x/12f93088-895e-43e1-b45e-6391999bcf35
32,어쩌다 발견한 7월,완결,,할 수 있는 게 이것 밖에 없었어. 단지 너를 만나러 가는 것.,카카오웹툰,https://kr-a.kakaopagecdn.com/P/C/1415/c2/2x/2b0c78bb-e6e4-4ccc-a886-2ef4a87cf06e
33,나빌레라,완결,,"나이 일흔에 도전을 시작했다. 스물셋, 방황이 시작됐다.",카카오웹툰,https://kr-a.kakaopagecdn.com/P/C/1313/c2/2x/89ae503a-a9e1-43ab-b507-dd082a1494ce
34,퍼펙트 게임,완결,,"치열한 직장인의 삶과 야구인으로서의 삶, 대한민국 최초의 사회인 야구만화 퍼펙트 게임",카카오웹툰,https://kr-a.kakaopagecdn.com/P/C/40/c2/2x/3ac1343f-d9bd-4705-8f10-909785ede99b
35,타고난 사람들,완결,,"돈은 안 되지만, 살기엔 편한 무엇을 타고난 사람들",카카오웹툰,https://kr-a.kakaopagecdn.com/P/C/1107/c2/2x/0ee76dc5-126f-487a-8672-d8f0d27dab07
36,왈퐈,완결,,그가 죽었다.. 그리고 시작된 시아버지와 며느리의 합작 복수극!,카카오웹툰,https://kr-a.kakaopagecdn.com/P/C/1141/c2/2x/a65b23b9-4495-4cb2-96c7-e7194f909215
37,양말도깨비,완결,,양말이 한짝씩만 사라지나요? 당신의 집에도 도깨비가 있을지 몰라요,카카오웹툰,https://kr-a.kakaopagecdn.com/P/C/1068/c2/2x/8b287fae-6bc7-4c72-b36b-c438d406325b
38,브레이커1,완결,,대한민국 최고의 도시무협 액션! 만화속세상 온라인 독점 공개!,카카오웹툰,https://kr-a.kakaopagecdn.com/P/C/567/c2/2x/204157b4-e78a-42c6-aa96-64137f77d629
39,살생부,완결,,조선초 단종복위운동을 배경으로 한 하드코어 액션사극. 만화공모대전 대상작,카카오웹툰,https://kr-a.kakaopagecdn.com/P/C/1108/c2/2x/51e415d7-9bee-4f10-ae0f-ca41bc001195
40,십이야,완결,,우리는 누구를 사랑했을까? 가국에서 펼쳐지는 판타지 로맨스,카카오웹툰,https://kr-a.kakaopagecdn.com/P/C/865/c2/2x/ed49e6ad-b600-472f-ac45-b4ab3e1d9156
41,나의 빛나는 세계,완결,,사람이 두려운 한 소녀. 그리고 다가온 작은 빛. 피노키오 작가 신작,카카오웹툰,https://kr-a.kakaopagecdn.com/P/C/1023/c2/2x/99763806-dac3-44bf-b9b4-a647a615a16b
42,묘진전,완결,,"하늘로 돌아가고 싶은 남자, 묘진. 그와 얽힌 기묘한 이야기",카카오웹툰,https://kr-a.kakaopagecdn.com/P/C/1031/c2/2x/df45f001-7765-401b-bb88-f84bdcce8a08
43,겨울과 봄사이,완결,,색청을 앓고 있는 하연에게 나타난 대비되는 색깔의 두 남자,카카오웹툰,https://kr-a.kakaopagecdn.com/P/C/1572/c2/2x/b976ed68-9c7a-4734-999a-e14fe10e05e4
44,곱게 자란 자식,완결,,평범한 시골 소녀 이야기. .소녀만 평범한 그런 잔인한 이야기,카카오웹툰,https://kr-a.kakaopagecdn.com/P/C/998/c2/2x/1cbce8e7-59d8-41b7-b52e-77040b8c07f7
45,유색의 멜랑꼴리,완결,,이 결혼 용납 못 해! 떨어지는 꽃잎 사이로 벌어진 난투극. 34살 유도완의 결혼식은 그렇게 망했다.,카카오웹툰,https://kr-a.kakaopagecdn.com/P/C/1714/c2/2x/024b2924-523c-4a8b-be83-5d7c614d0cac
46,연애싫어,완결,,연애를 싫어하는 여고생 하연실에게 일어나는 다양한 일상 공감 코믹연애물!,카카오웹툰,https://kr-a.kakaopagecdn.com/P/C/1296/c2/2x/48e8fd08-baeb-44a0-99ea-010be27ffcab
47,이끼,완결,,"나를 거부하는 고향 사람들의 시선, 그 이유는? 한국식 잔혹스릴러의 막이 올랐다!",카카오웹툰,https://kr-a.kakaopagecdn.com/P/C/67/c2/2x/1362efe5-faba-4806-b512-d136ea35d4f5
48,0.0MHz,완결,,심령현상을 과학적으로 밝히려는 위험한 발상의 사람들,카카오웹툰,https://kr-a.kakaopagecdn.com/P/C/887/c2/2x/61ef9ce1-35d3-48a4-b270-dea700f41289
49,브릿지,완결,,강풀 액션만화 두번째 시즌 브릿지 . 한국형 히어로들의 이야기는 아직 끝나지 않았다!,카카오웹툰,https://kr-a.kakaopagecdn.com/P/C/1355/c2/2x/785ef356-092b-452f-97d1-9528cdb42c4b
50,폭군황제의 첫사랑,완결,,기억을 잃은 소녀 디아 놀스 남작가의 하녀로 괴로운 나날을 보내고 있던 중 잔혹한 성정으로 유명한 황제 카이르 의 황성으로 납치된다. 막상 디아 를 마주한 카이르 는 자신을 아느냐 라는 질문만을 던지고. 그날 이후 디아 는 누군가의 피로 범벅된 카이르 를 마주하게 되는데. 치명적인 매혹의 로맨스 판타지,카카오웹툰,https://kr-a.kakaopagecdn.com/P/C/2359/c2/2x/2a54a97e-348a-4d60-b635-ee01e7996afd
51,아버지의 복수는 끝이 없어라,완결,,"30년 간 묵혀있던 비극이 복수로 깨어났다 . 도훈은 치매에 걸린 할머니 소식을 듣고 내려간 시골집에서 30년 간 지하창고에 감금되어 있던 아버지 영춘 을 발견한다. 영춘에게 잘 보여 할머니 집을 물려 받으려하는 도훈. 하지만 영춘은 오히려 도훈의 가족에게 해코지를 하려는데. 아버지는 왜 할머니에 의해 30년 동안이나 감금되었을까? 30년 전 이 마을에는 무슨 일이 있었던 것일까? 베일에 싸인 끔찍했던 사건들과 하나 둘 씩 밝혀지기 시작하는 비극의 실체, 그리고 그 일에 얽힌 사람들의 원한과 복수가 시작된다!",카카오웹툰,https://kr-a.kakaopagecdn.com/P/C/1953/c2/2x/467324d1-d78f-4891-b876-876c55c4820a
52,사랑하는 가족에게,완결,,"우리집에는 악마가 산다. 국내외에서 실력을 인정 받은 유화작가 영철 . 성악가 아내와 그림에 천재적인 재능을 가진 아들 환희. 단란해보이는 예술가 가족으로 영철은 더 완벽하게 보이는데... 하지만 영철은 환희를 키우며 은연중에 아들이 자신의 자리를 빼앗으려 한다는 느낌을 받게 된다. 두 사람이 함께 준비하게 된 합동 전시회에 환희가 메인 그림을 맡게 되면서 영철의 불안감은 점점 커져만 가고, 환희의 공격적인 모습을 보며 영철은 자신의 자리를 지키기 위해 아들을 적대하며 의중을 파헤치기로 결심한다!",카카오웹툰,https://kr-a.kakaopagecdn.com/P/C/2095/c2/2x/992fb79d-8c02-4441-ad6c-09466794cefd
53,너를 기다리는 날,완결,,"7살 하윤이의 99일 실종. 10년 전의 일을 기억하지 못한 채 하윤이는 그렇게 부모의 과보호 아래 제약된 삶을 지내고 있다. 극도의 피로감을 느끼는 하윤. 10년 전 일인데, 왜 이렇게까지 하시는 거야?! 답답함을 못 이긴 하윤은 실종 당시 발견되었던 장소로 향한다. 정체 모를 괴물의 습격과 자신을 구해준 의문의 푸른 머리 소년. 놀란 것도 잠시, 소년은 하윤을 보고 울음을 터뜨리는데 잃어버린 99일의 기억과 푸른 소년의 정체까지 혼란스러운 하윤이 찾아야 할 기억의 진실은 무엇일까?",카카오웹툰,https://kr-a.kakaopagecdn.com/P/C/1839/c2/2x/8f1c96a6-9eec-4a7e-bd54-ed7fc6c5fd07
54,감방에서 남자주인공을 만났습니다,완결,,눈 떠보니 책 속의 감방이다?! 그런데 감옥에 갇힌 남자주인공이 내게 관심을 보인다. 멍멍이처럼 짖으면서. 왜죠?!,카카오웹툰,https://kr-a.kakaopagecdn.com/P/C/2136/c2/2x/07d8346c-47e3-4285-9b9e-05820c9f80fb
55,단짠남녀,완결,,잘 먹던 여자 단아영. 못 먹는 남자 안찬희. 모두 각자의 애인으로부터 아픔을 간직하고 있는 이들. 옆집 이웃이었지만 서로의 존재도 모를 정도로 관심 없던 사이. 둘은 어쩐지 끼니 때만 되면 마주치는 일도 잦아진다. 그리고 둘 사이의 감정도 점점 깊어져만 가는데... 이 두 사람에게도 상처를 치유하고 맘 편히 식사를 즐길 수 있는 날이 찾아올까?,카카오웹툰,https://kr-a.kakaopagecdn.com/P/C/1513/c2/2x/54c1c6f7-0687-4419-b2e7-f829ad16884c
56,해오와 사라,완결,,"해방 후, 섬 안의 섬 제주 우도에 사는 15세 해녀 해오 가 인어 사라 를 만나 펼쳐지는 이야기. 어린 시절 갑자기 떠나간 엄마에 대한 상처와 원치 않을 혼약으로 답답한 나날을 보내던 해오 . 어느 날 밤, 해변에 쓰러져있는 인어 사라 를 구해준다. 이를 계기로 서로의 상처를 다독이며 친구가 되는 해오와 사라. 한편, 해오는 새로이 섬에 등장한 여희 라는 의사가 연 야학에서 해녀 친구들과 글을 배우기 시작한다. 배움의 기쁨도 잠시, 여희는 섬에 온 또 다른 목적이 있었으니... 인어 때문에 벌어진 끔찍한 과거의 사건으로 마을 사람들과 인어의 갈등이 깊어져만 간다. 해오는 무사히 사라를 지킬 수 있을까? 푸른 바다를 배경으로 아름답고도 서글픈 인간과 인어의 인연이 시작된다.",카카오웹툰,https://kr-a.kakaopagecdn.com/P/C/1799/c2/2x/1ed0129c-f6c3-4ecf-b364-be18b819269e
57,승리호,완결,,"황폐화된 지구. 거대 다국적 기업 는 지구와 유사한 환경의 스페이스콜로니를 건설하고 소수의 선택받은 사람들에게만 시민권을 부여한다. 시간이 흐를수록 지구는 몰락해가고 급기야 스페이스콜로니의 거대한 쓰레기장으로 변한다. 자치 경찰 최고의 에이스였지만 민간인 사살을 거부하고 퇴출된 태호 전직 조폭 박씨, 최고의 밀수꾼이자 우주선 튜닝의 달인 장선장, 전투형 안드로이드 업동이 이렇게 4명은 우연한 기회에 만나 우주 청소부로 살아가게 된다. 어느날 비싸보이는 우주선 잔해를 수거한 이들은 의 수장 설리번 박사의 엄청난 음모를 알게되고 계획을 저지하려 움직이게 되는데......",카카오웹툰,https://kr-a.kakaopagecdn.com/P/C/1944/c2/2x/96774917-ba2d-4389-b8a4-7a38c485da12
58,콜로세움,완결,,압도적이고 거대한 그들의 힘과 부딪히는 특별한 한 명,카카오웹툰,https://kr-a.kakaopagecdn.com/P/C/1837/c2/2x/f2bc4d1c-f9da-48a0-8f0e-b4117a9fd519
59,음란마귀지만 괜찮아!,완결,,"음란마귀의 저주? 나 이 저주에서 탈출 할래! 야설을 성경처럼 읽고, 야동을 드라마처럼 보는 음란마귀 중의 음란마귀, 이하임. 하지만 한편으론 귀여운 외모 때문에 무성한 소문과 내 취향이 아닌 이상한 남자들이 꼬이는 일로 스트레스 받기도 한다. 그런 하임의 앞에 우연히 버려진 19금 만화책. 그 책은 취향 한번 확실하고 깐깐한 음란마귀가 인정할 만큼의 완벽한 띵작이었다. 그리고 그 책에 남겨진 의문의 작가의 말. 이 책은 당신에게 원한을 품은 자가 보낸 만화책입니다. 그 이후 그녀는 상대 남자와 뽀뽀 이상의 상상을 하게 되면 흩날리는 장미꽃과 함께 더 이상의 진도는 커녕 모든 관계가 붕괴돼버리는 상태가 되어버리고 만다.",카카오웹툰,https://kr-a.kakaopagecdn.com/P/C/1955/c2/2x/30dfeb1e-0969-4b2d-9aa4-b33751c59321
60,학교대표,완결,,"네게 컵 고교 동아리 200여 팀과 참가 선수 5,000여명에 달하는 전국 최대 규모의 유소년 축구대회. 나름 축구 천재였지만 공백기를 거치면서 소문난 개 발로 전락한 주인공 나두호는 주암고 축구 동아리 채플린 회원으로서 친구이자 매니저인 정아영과 함께 네게 컵에 출전한다. 목표는 단지 하나!! 대회 우승과 함께 프로 진출의 꿈을 이룰 수 있는 차세대 아이들 최종 11명 에 선정되는 것. 지역 예선을 시작으로 본선 토너먼트를 거치며 나두호의 잠들어 있던 축구 본능이 깨어나기 시작한다!",카카오웹툰,https://kr-a.kakaopagecdn.com/P/C/1568/c2/2x/117ec426-92eb-40b3-862c-7d93c3c1b3f4
61,당신도 보정해 드릴까요?,완결,,살 빼서 예전으로 돌아갈 거야! 미인으로서의 삶을 즐겼던 지아는 스트레스를 음식으로 풀어버리는 바람에 단기간에 30킬로가 불어난다. 마음이 남아있는 전 남자친구가 자신을 알아보지 못하자 자괴감에 빠져있던 지아는 사진을 보정하면 사진처럼 변하는 마법의 타블렛 을 갖게 된다. 자신감을 잃었던 지아에게 타블렛은 하늘이 내려준 최고의 선물이자 득템! 하지만 타블렛이 있으면 모든 것이 해결되는 걸까? 있는 그대로의 모습을 받아들이고 자신을 사랑할 수는 없는 걸까? 타블렛은 앞으로 지아에게 어떤 영향을 주게 될까..?!,카카오웹툰,https://kr-a.kakaopagecdn.com/P/C/1739/c2/2x/7203456e-9318-42f5-8c59-fef33da1c3c5
62,나비는 세 번 변태한다,완결,,"자신을 따돌리는 회사 동료 아라의 생일 파티에서 그녀의 남자친구 제이와 키스를 하게 된 나예 ! 죽은 언니과 자신을 비교하는 엄마, 그리고 자신을 호구 취급하는 주위 사람들 틈에서 억눌려 있던 나예에게 제이와 키스한 날 밤 이후로 나쁜 목소리가 들려온다. 제이의 밴드 멤버인 언니들, 그리고 제이와 어울리며 차츰 변해하는 나예. 과연 그녀는 그동안의 답답한 나날에서 벗어나 새로운 삶을 살 수 있을까?",카카오웹툰,https://kr-a.kakaopagecdn.com/P/C/1994/c2/2x/f64eadec-e69d-47a5-9335-e6bf49a8cf49
63,이담,완결,,"절친한 친구에게도 털어놓지 못한 비밀을 가진 민영! 썩은 내 가득한 집과 아빠를 피해 학교로 도망친 민영은 아빠가 아파트에 불을 질러 사고가 난 것을 알게 된다. 하지만 차마 경찰에게도 비밀을 털어놓지 못한 민영, 급하게 강원도에 사는 외할머니에게 맡겨지게 되고 외할머니의 보살핌 덕에 일상을 찾아가지만 자신의 비밀을 캐기 위해 접근한 사람들 때문에 괴롭힘을 당한다. 결국 재원이라는 소년의 도움으로 강원도를 떠나게 되는데... 7년 뒤, 다른 사람처럼 살아가던 민영은 우연히 자신의 비밀을 토대로 소설이 만들어졌고, 그 소설을 토대로 영화가 개봉될 거란 사실을 알게 된다. 민영은 과거의 친구들과 함께 이를 막을 수 있을까?!",카카오웹툰,https://kr-a.kakaopagecdn.com/P/C/1854/c2/2x/2a0e2dac-216e-486d-80ef-58a6882823ab
64,형제가 사랑한 마녀,완결,,"묘약으로 시작된 기간한정 연애, 두 형제를 사로 잡아버린 마녀의 후예",카카오웹툰,https://kr-a.kakaopagecdn.com/P/C/1956/c2/2x/a3d08ec0-a228-47c2-bd5f-2ae34819359b
65,요괴백정,완결,,"도깨비에게 어머니를 잃었다고 생각한 온달, 복수를 위해 도깨비를 찾아나선다! 도깨비 김서방과 싸우는 과정에서 한쪽 팔을 잃고, 어머니를 해한 자가 도깨비의 이름을 쓴 채 인간들을 마구 해치는 어떤 존재라는 것을 알게 된 온달. 한편 100여년 전 인간과의 어떤 약속 때문에 아차산 동굴에서 숨어지낼 수 밖에 없던 김서방, 도깨비의 이름을 더럽히는 존재를 파악하기 위해 자신의 오른팔과 그의 검 망나니를 온달에게 넘겨주고 함께 여행길에 나서는데... 그들은 오니라는 이세계의 요괴를 이용해 욕심을 채우려는 인간 곽부언이란 자가 얽혀 있다는 것을 알아내며, 그들의 음모를 막기 위해 더 큰 위험 속으로 뛰어든다!",카카오웹툰,https://kr-a.kakaopagecdn.com/P/C/1671/c2/2x/75caf832-3d8b-44a2-8f7f-b7cfcf04b58f
66,피치 (PITCH),완결,,"17세. 자신이 선택한 무게를 지고 오른다. 거친 호흡, 쏟아지는 땀. 철주의 계절은, 1도 더 높다.",카카오웹툰,https://kr-a.kakaopagecdn.com/P/C/1946/c2/2x/2fa320e4-0900-4cdb-87fe-71dd38b7ab5b
67,인스타러브,완결,,"갑작스런 헤어짐을 통보받고 상처받은 율, 전남친에게 보란듯이 성공한 모습을 보여주기 위해 셀럽이 되기로 한다.",카카오웹툰,https://kr-a.kakaopagecdn.com/P/C/1805/c2/2x/bb5f7c65-b007-4813-ab1c-821194ab0133
68,마이셀프,완결,,인기 스트리머지만 남모를 아픔을 가진 예림. 여러 위협 속에서 나를 찾기 위한 사투가 시작된다.,카카오웹툰,https://kr-a.kakaopagecdn.com/P/C/2013/c2/2x/c3e1468b-52a4-481d-83fe-3481c0291d46
69,왕 그리고 황제,완결,,"영혼이 바뀐 고종과 태종, 그들은 조선을 바꿀 수 있을까?",카카오웹툰,https://kr-a.kakaopagecdn.com/P/C/1342/c2/2x/06f2f61b-306b-4f3c-995c-432393f19b8c
70,하나밖에 안 보여!,완결,,햇살 같은 하나와 음침 미소년 창욱이의 친구 만들기 프로젝트!,카카오웹툰,https://kr-a.kakaopagecdn.com/P/C/1896/c2/2x/267979c3-f4f7-4eaa-b18f-df70f642585c
71,사화,완결,,연인 마리 의 죽음으로 깊은 슬픔에 잠긴 베누 그 앞에 나타난 까마귀 디테 는 꽃 을 모으는 대신 마리를 되살려주겠다며 거절할 수 없는 유혹의 손길을 뻗치는데 마리를 살릴 수만 있다면 뭐든 할 수 있어. 사랑을 놓을 수 없는 남자 베누와 그 마음을 이용해 꽃을 피우는 악마 디테. 삶과 죽음에 관한 아름다운 이야기 사화,카카오웹툰,https://kr-a.kakaopagecdn.com/P/C/2128/c2/2x/d35b62c3-c92d-4cd6-809e-03a1b6135474
72,고교호구왕,완결,,만인의 호구! 왕따 한결 이 검도의 신을 만난 후 검도선수로 성장하는 이야기,카카오웹툰,https://kr-a.kakaopagecdn.com/P/C/1925/c2/2x/8891666d-a2bf-44eb-aa06-3e029ec92069
73,하필 너야?!,완결,,불의의 사고로 고양이가 된 그녀. 운명의 그를 만나고 사람이 될 수 있을까?,카카오웹툰,https://kr-a.kakaopagecdn.com/P/C/1720/c2/2x/a1973903-f96f-4464-938c-53076ae28bdc
74,그 남자의 하이힐,완결,,"평범하다 못해 존재감마저 희미한 남자 만석, 그에겐 은밀한 취미가 하나 있는데... 그건 바로 하 이 힐을 신는 것! 그의 발은 슬럼프에 빠졌던 천재 구두 디자이너 체이스 오의 영감을 자극하기 시작하고... 하이힐을 신는 남자 만석과 하이힐을 만드는 남자 체이스 오 두 남자의 운명적 이야기, 그남자의 하이힐",카카오웹툰,https://kr-a.kakaopagecdn.com/P/C/2127/c2/2x/afaec5e4-e9d0-4b2e-9951-65f53c156555
75,갱스쿨,완결,,아버지의 자살로 일순간 모래성처럼 무너져 버린 가족들. 정신을 놓은 어머니와 맹인 학교를 다니는 여동생을 책임져야하는 가장이 되어 버렸다. 가족을 위해 부산 최고 깡패 학교 최강고 에 자신만의 갱을 만들기 위해 전학가는데... 차가운 세상을 향한 뜨거운 액션!,카카오웹툰,https://kr-a.kakaopagecdn.com/P/C/2322/c2/2x/093c4269-5efe-4c44-be31-9c99e754fbcc
76,화목한 가족,완결,,"의미 없는 삶에 지친 고3 영진, 비밀이 많아 보이는 전학생 유은과의 만남으로 변화가 생긴 삶",카카오웹툰,https://kr-a.kakaopagecdn.com/P/C/2025/c2/2x/290e54da-bb38-4f2e-918a-89692ff9152e
77,서천화원,완결,,황태제비라는 이름의 볼모는 누가 돼도 상관없어. 약소국 월연의 공주 소루하는 정략결혼을 피해 도망친 언니를 대신해 황제의 동생 선우염과 혼례를 치를 위기를 맞는다. 내 나라에 쳐들어와 수많은 병사들을 죽이고 어머니마저 살해한 남자의 아내가 되라고? 무능한 부왕의 명령에 분노한 소루하는 남장을 하고 궁을 빠져나가 복수를 계획한다. 황궁 어의가 되어 황태제에게 접근하겠어! 철이 없지만 검술만은 뛰어난 부잣집 도련님 장여해와 전 황궁 어의 백효청이라는 든든한 조력자를 얻게 된 소루하. 과연 황태제를 죽여 어머니의 복수를 할 수 있을까? 미묘하게 얽혀가는 두 남자와의 관계는 어떻게 흘러갈 것인가?,카카오웹툰,https://kr-a.kakaopagecdn.com/P/C/1997/c2/2x/74777e95-7c88-4435-9a0d-fcf7976f0384
78,유치원 신드롬,완결,,작가를 준비하고 있는 예담은 며칠간 친오빠의 집에 머문다. 하지만 조카가 다니는 유치원이 좀 이상하다.,카카오웹툰,https://kr-a.kakaopagecdn.com/P/C/2031/c2/2x/b8fe2f2a-dd28-4722-82e2-76fd9a135b36
79,보글보글챱챱,완결,,"먹고, 먹으니, 먹으면서, 먹자마자, 먹자 하니, 먹으며, 먹는다면, 먹었으니, 먹을 테니, 먹어서, 먹으려면, 먹고서, 먹을 수가, 먹으려니, 먹자니, 먹으니까 맛있게 잘 먹겠습니다 아, 태어나길 잘했어!!! 매일매일을 행복으로 채우는 맛있는 한입! 보글보글챱챱",카카오웹툰,https://kr-a.kakaopagecdn.com/P/C/2115/c2/2x/b6c567cc-8823-4383-9b07-e4a6cd38fb71
80,옆집남자,완결,,서른 살. 청춘의 한 가운데에 놓인 작가 지망생의 생계형 로맨스.,카카오웹툰,https://kr-a.kakaopagecdn.com/P/C/1895/c2/2x/b1e78941-3ef8-459d-aeb9-da35063a0fc6
81,같은 방에서,완결,,"서민 체험할 좁은 방이 필요해요! 한 30평 정도? 재벌집 막내아들, 유하성. 그에게 떨어진 가문의 미션! 한 달간 집을 나가 검소하게 생활하는 이른바 서민 체험 . 높은 서울 물가에 허덕이는 서민, 이지호. 그에게 닥친 위기! 월세를 내려면 룸메이트 를 찾아라. 모태금수저 하성과 프로절약러 지호. 두 남자의 파란만장 동거 라이프 같은 방에서",카카오웹툰,https://kr-a.kakaopagecdn.com/P/C/2113/c2/2x/beb9081b-cf57-4acd-b350-84df85eb1bdb
82,특별직,완결,,국민청원을 해결하기 위한 특별직. 호연은 임무 수행 중 과거의 숨겨진 진실들을 알게 된다.,카카오웹툰,https://kr-a.kakaopagecdn.com/P/C/1774/c2/2x/da56c9b6-27bd-4ea2-a623-5b2ebbbc268b
83,용의주도 황비,완결,,세계관 최강자 백룡 폭군의 아내가 되다?,카카오웹툰,https://kr-a.kakaopagecdn.com/P/C/1917/c2/2x/98bd44c2-e1fc-4d91-ad03-3666d6f6cb19
84,내추럴 리드미칼2,완결,,"액션 활극, 쑈오리 라마가 세상을 바꾼다!",카카오웹툰,https://kr-a.kakaopagecdn.com/P/C/1291/c2/2x/6ad6e061-cdf0-4150-a51f-e258f2192dbe
85,괴물아기,완결,,"우연히 괴물 아기를 키우게 된 가출 소년 김호, 과연 그들은 행복해질 수 있을까?!",카카오웹툰,https://kr-a.kakaopagecdn.com/P/C/2104/c2/2x/95f245f8-ac5e-4b99-80fe-6005e96cc5d8
86,냥냐라냥냥,완결,,나만 없어 고양이 집사! 갑자기 생긴 고양이 집사들과의 좌충우돌 휴먼 다큐멘터리,카카오웹툰,https://kr-a.kakaopagecdn.com/P/C/1918/c2/2x/2c8053ef-b746-4de2-9f2b-2a46d40b48ba
87,구리의 구리구리 컴백,완결,,"논픽션 좌충우돌, 돌아온 구리의 구리구리한 개그 일상툰",카카오웹툰,https://kr-a.kakaopagecdn.com/P/C/1467/c2/2x/47b68d5e-0861-47a6-b2b9-940530e129f0
88,카페 보문,완결,,사람들의 이야기가 만들어지고 마음을 나누는 공간 카페 보문 오픈하였습니다.,카카오웹툰,https://kr-a.kakaopagecdn.com/P/C/2110/c2/2x/f7d1312e-ebca-4086-a86e-1f1d0c157f40
89,일생에 변태를 세 번 만날 확률,완결,,교내 최고 인기인 얼음공주 차미라에게 배달된 선물... 그것은 남자의 ?!,카카오웹툰,https://kr-a.kakaopagecdn.com/P/C/2109/c2/2x/acef14c4-1f08-4d03-894b-da1f728aa37c
90,묘씨맥주점,완결,,솜방망이 손으로 건네는 맥주 한 잔과 작은 위로,카카오웹툰,https://kr-a.kakaopagecdn.com/P/C/2102/c2/2x/51a56ca3-ec77-43e4-8c76-3cfc0ecec282
91,이게뭐야,완결,,평범하지만 평범하지 않은 두 남자의 이야기,카카오웹툰,https://kr-a.kakaopagecdn.com/P/C/1137/c2/2x/6d3277f4-00c7-4ccb-a6c6-4bda6a5c266d
92,미래의 너에게,완결,,"17살!! 연애 경험 , 사랑 ! 연애에는 전혀 관심 없고, 흥미 없던 나. 어느 날 우연히, 꿈속에서 미래의 남자친구를 미리 본다?!! 이게 무슨 일이야?! 두근 두근.. 사랑해... 꿈이 아닌 현실에서도 너를 만나게 됐어. 넌 날 모를 텐데 ... 이건! 사랑의 족보? 근데 말이야...난 아직 연애할 생각이 전혀 없다고..!! 그치만... 왜 이렇게 너에게 눈길이 가는 걸까? 왜 이렇게 넌 나에게 자상해? 왜 이렇게 넌 나한테 잘해줘..? 그리고... 그런 널 보면 난.... 꿈과 현실, 두 공간에 얽힌 미래를 보는 소녀의 풋풋하고 귀여운 특별 로맨스!",카카오웹툰,https://kr-a.kakaopagecdn.com/P/C/1519/c2/2x/5541c874-f788-4312-b2b9-f05dc7fd5c48
93,퍼펙트 마인,완결,,동물의 시체를 찍는 모범생?! 예쁘고 공부까지 잘하는 모범생 백나비는 비밀스러운 취미를 가지고 있다. 어느 날 전학생 허상연에게 전교 1등 자리를 뺏긴 것도 모자라 사체를 찍는 장면을 들켜버리지만 뜻밖에도 허상연은 나를 네 것으로 만들어 달라 며 백나비에게 고백을 해온다. 과연 그의 진짜 속내는 무엇일까. 죽을 만큼 날 사랑할 수 있는 진짜 나의 것 을 향한 일그러진 학원 로맨스!,카카오웹툰,https://kr-a.kakaopagecdn.com/P/C/2015/c2/2x/0f5e3999-3749-4446-a1c9-98dfb8ea8e6f
94,여자만화 구두,완결,,"첫사랑이 짝사랑으로 끝난 후, 처음으로 자꾸 눈길이 가는 남자가 생겼다. 내가 좋아하는 사람이 날 좋아하는 기적 같은 일. 내게도 생길 수 있을까?",카카오웹툰,https://kr-a.kakaopagecdn.com/P/C/2105/c2/2x/9c215212-7470-4da2-8fec-b4f588e28de1
95,우리학교 김선생님,완결,,초보 교사 수지와 완벽한 교사 선우. 너무 다른 두 명의 김 선생님 이야기.,카카오웹툰,https://kr-a.kakaopagecdn.com/P/C/1386/c2/2x/82487953-5005-4f97-8ec9-b5b4de613acc
96,큐레이터,완결,,"빽으로 흥한 자, 빽으로 망했다! 멀지 않은 미래. 초인적 능력을 지닌 유물의 등장으로 사람들은 이능력을 얻게 되고 지구는 망했다. 그런 세상에서도 세 가지는 살아남았으니 바로 바퀴벌레와 사기꾼, 그리고 공무원! 엘리트 가문의 둘째 도련님, 홍유태. 두뇌명석, 눈치만렙, 유물 관리단 후보생 수석 졸업까지! 하.지.만. 그 구더기 집단에 가라고?! 발령받은 곳은 낙오자들이나 가는 제9관리단? 유물을 다루지 못하는 유물 관리 공무원의 본격 이능배틀물 큐레이터 !",카카오웹툰,https://kr-a.kakaopagecdn.com/P/C/2103/c2/2x/b3a83d34-2115-460c-9e72-0f2235b83727
97,그림자정원,완결,,기묘하고 아름다운 식물원. 그리고 당신을 기다리는 어둠의 이야기.,카카오웹툰,https://kr-a.kakaopagecdn.com/P/C/1862/c2/2x/240c4da5-3e56-4f5c-ab9e-0d4d34e9d15c
98,오늘도 꽐랄라라,완결,,술은 잘해도 연애는 잘 못하는 말술녀 4인방의 취중연애담,카카오웹툰,https://kr-a.kakaopagecdn.com/P/C/1596/c2/2x/a6bca75c-9bdd-4363-8591-22b8cdcb513c
99,트레이스,완결,,"어느 날 갑자기 세상에 나타나 인간들을 공격하는 정체불명의 존재, 트러블! 트러블이 나타난 후, 트러블에 맞서 싸울 수 있는 인간 능력자들이 나타나기 시작했다. 트러블, 트레이스, 인간. 각자 생존을 건 싸움이 시작된다.",카카오웹툰,https://kr-a.kakaopagecdn.com/P/C/1047/c2/2x/71e42797-d4e6-46b6-b349-f48e80e63d8c
100,조우,완결,,"누구나 맞닥뜨릴 수 있는, 하지만 결국은 남의 일로 치부해 버리는.",카카오웹툰,https://kr-a.kakaopagecdn.com/P/C/1329/c2/2x/44ea55cd-cc2d-41f6-bd10-1748046eac75
101,크라이시스,완결,,대재앙으로 황무지가 된 근미래 지구. 재앙 전후로 초능력 릿 을 지닌 인간들이 태어나고 그들은 암리타 라 불린다. 하지만 시간이 흐를수록 암리타와 보통 인간 사이엔 갈등이 심화되어만 가는데... 인류의 위기 속에서 마주한 천방지축 암리타 소년 니코와 비밀을 간직한 소녀 리바. 두 사람이 펼치는 모험의 끝은?! 본격 초능력 액션판타지 크라이시스 !,카카오웹툰,https://kr-a.kakaopagecdn.com/P/C/2087/c2/2x/94757280-4cb4-4061-ae4f-6138a7d51bd6
102,방탕일기,완결,,"34살, 제대로 놀아본 적 없는 성인의 뒤늦은 오춘기",카카오웹툰,https://kr-a.kakaopagecdn.com/P/C/1819/c2/2x/1cae7dca-ee19-4174-81cf-c8a5039cc5b3
103,꽃같은 인생,완결,,네 명의 친구들이 펼치는 울고 웃고 사랑하는 캠퍼스 라이프. 당신의 연애는 어떤 모습인가요?,카카오웹툰,https://kr-a.kakaopagecdn.com/P/C/2077/c2/2x/e90a90eb-e384-413c-aa36-27e06bc28cc3
104,심봉사전,완결,,"장님이어도 그의 칼끝은 보이는 것처럼 날카로웠으니. 성은 심이요, 이름은 학규로다.",카카오웹툰,https://kr-a.kakaopagecdn.com/P/C/2071/c2/2x/78f4d02f-47e8-4776-84b3-204594d9e475
105,표류감옥,완결,,내가 취업한 곳은 사상 최악의 교도소. 그곳에서 살아남아야 한다,카카오웹툰,https://kr-a.kakaopagecdn.com/P/C/1622/c2/2x/f0ab61b8-ed51-493f-b27e-00d007913562
106,어름치,완결,,강원도 산골에서 펼쳐지는 뜨거운 노동 이야기,카카오웹툰,https://kr-a.kakaopagecdn.com/P/C/1892/c2/2x/dbc8951d-f048-44c4-979c-f3c8f670b870
107,작약만가 : 불환곡,완결,,"비단위에 내 죽음이 몰아치는구나. 아, 희라! 돌아오지 못할 자여, 반벽의 노래로다.",카카오웹툰,https://kr-a.kakaopagecdn.com/P/C/1407/c2/2x/26ee379c-1fe2-4e30-95d6-922ea14030c7
108,세로토닌,완결,,"좀비 때문에 세상이 망했다. 잘 됐다, 새로운 인생 시작이다.",카카오웹툰,https://kr-a.kakaopagecdn.com/P/C/1949/c2/2x/eed47173-dfe8-4b0f-bd24-d73970a2b971
109,여의주,완결,,"당신의 정치는 무엇입니까? 정치는 한바탕 연기와도 같지 겉과 속이 다른 음흉한 책략가이자 현역 국회의원, 기호 1번 한민족당 차필웅! 정치는 연애와도 같아요. 이 시대 청년들의 워너비, 매력이 넘치는 금수저. 기호 2번 미래당 배춘금! 정치는 섬김입니다. 취업 대신 출마를 선택한 서민 중의 서민. 기호 3번 무소속 장유진! 그리고... 정치는 게임이지. 대한민국 최고의 두뇌를 자랑하는 참모 한태환까지! 이들이 펼치는 진짜 선거, 진짜 정치 이야기 지금 시작됩니다!",카카오웹툰,https://kr-a.kakaopagecdn.com/P/C/1417/c2/2x/357e924a-851b-4903-9c18-bcd65d6aa383
110,내 일진이 이렇게 귀여울리가 없어,완결,,악마처럼 날 괴롭히던 일진이 어느 날 조그만 인형 크기로 눈 앞에 나타났다?!,카카오웹툰,https://kr-a.kakaopagecdn.com/P/C/2053/c2/2x/76132e64-f792-4a9e-a5f6-c7b94be8c71e
111,찬란한 액션 유치원,완결,,찬란하지만 결코 유치하지 않은 아이들의 우정과 평화의 유년 드라마 본격교육웹툰,카카오웹툰,https://kr-a.kakaopagecdn.com/P/C/1815/c2/2x/354985de-d5fd-43d0-969d-245cf61b0941
112,빌린 몸,완결,,"열아홉 살, 순수하고 풋풋했던 그 시절 10대 마지막 순간의 알콩달콩 사랑 이야기",카카오웹툰,https://kr-a.kakaopagecdn.com/P/C/2041/c2/2x/fcb0933b-ecee-451c-b3cb-a8393eb077f4
113,인간을 먹는 성,완결,,한번 들어가면 누구도 탈출할 수 없는 의문의 성. 그 성의 비밀은 무엇인가,카카오웹툰,https://kr-a.kakaopagecdn.com/P/C/1301/c2/2x/8df5218e-ebd6-4c85-b001-f990ba43e2da
114,저녁 같이 드실래요?,완결,,나에게도 꽃미남 밥 친구를! 음식에 얽힌 두 남녀의 비밀스런 연애 이야기,카카오웹툰,https://kr-a.kakaopagecdn.com/P/C/1026/c2/2x/97ab56b9-de88-4e33-af4d-b4b99d8bb446
115,메모리스트,완결,,기억을 읽는 초능력 형사 동백 . 미스터리한 연쇄 살인사건을 맞닥뜨리다!,카카오웹툰,https://kr-a.kakaopagecdn.com/P/C/1322/c2/2x/b2ee2554-bfc7-4ba8-943d-41ff7726d05a
116,리세터,완결,,행복해지기 위해 환생을 반복하는 남자의 이야기,카카오웹툰,https://kr-a.kakaopagecdn.com/P/C/1543/c2/2x/15ff9772-e27c-4463-8b60-59abff193220
117,나는 엄마다,완결,,현재 엄마인 사람들 혹은 아닌 사람들 모두 공감하는 엄마의 이야기,카카오웹툰,https://kr-a.kakaopagecdn.com/P/C/1190/c2/2x/398e2681-eb8f-4eca-a398-7ddee66d442f
118,인생막장,완결,,잔잔하던 인생에 폭풍우가 몰아친다. 막장으로 질주하는 두 남녀의 로드 무비,카카오웹툰,https://kr-a.kakaopagecdn.com/P/C/1860/c2/2x/24656ec6-bb8b-49b7-baad-40266e70fa06
119,대나무숲에서 알립니다,완결,,"익명의 제보를 대신 전하는 청록고 대나무숲 , 누군가 나의 비밀을 폭로했다.",카카오웹툰,https://kr-a.kakaopagecdn.com/P/C/1620/c2/2x/f585bf61-535e-48ee-bb36-808b616549ae
120,노동본색,완결,,"큰 폭발과 함께 사라진 현대 문명! 농사국, 건설국, 치안국, 택배국 세상은 3 업종의 전성시대가 된 것이다! 20여 년이 지난 후, 살아남은 인류는 자원과 물자가 턱없이 부족해진 세상에서 또 다른 문명을 개척하며 살아가고 있다. 치안국의 한 마을에서 어머니와 둘이 살고있는 주인공 장도리 어릴 때부터 남들보다 강했던 자신의 힘을 이용해 세계 최고의 직업인 막노동 을 직업으로 삼아 성공하고 싶어하는 18세 소년이다. 막노동의 나라 건설국 에서도 최고로 꼽히는 팀 그 팀의 멤버가 되는 것이 장도리의 목표. 어느날 장도리는 마을 지도자인 치안왕의 아들 강태자 의 집에 보수공사를 하러 온 팀을 만나게 되며 자신의 꿈을 향해 조금씩 나아가게 된다!",카카오웹툰,https://kr-a.kakaopagecdn.com/P/C/1419/c2/2x/706ab8dd-9cb5-43ab-b591-67141d93da34
121,개같은 세상,완결,,개들은 알지 못하는 애완동물들의 이야기,카카오웹툰,https://kr-a.kakaopagecdn.com/P/C/1763/c2/2x/f88dee83-f079-4bd7-b70b-180efae1df81
122,돈나무,완결,,"어느 날, 우리 집 뒷 마당에 돈이 열리는 나무가 자라났다!",카카오웹툰,https://kr-a.kakaopagecdn.com/P/C/1606/c2/2x/7c1178b2-d358-4d7a-ac88-3ab6a6f582e3
123,배고픈 자들의 도시,완결,,오랜 잠에서 깨어난 뱀파이어가 마주한 것은... 다름 아닌 좀비?!,카카오웹툰,https://kr-a.kakaopagecdn.com/P/C/1584/c2/2x/6efa08d6-dd91-4d01-9a8b-b66de6f36716
124,식귀,완결,,"지하철에서 의문의 남성을 마주친 후 먹는 귀신인 식귀가 되어버린 고등학생 이원호! 사자 감마 에게 인간으로 돌아갈 수 있는 방법을 듣는데... 인간을 먹으라고?! 말도 안 돼! 두 사람은 지하철 의문의 남성을 추적하나, 원호의 사력을 과하게 먹은 탓에 그는 배가 터져 죽어버린다. 인간으로 돌아올 방법을 잃고 절망하는 원호. 감마는 원호의 엄마가 백지은 이라는 것을 알게 된다. 식귀들의 왕으로 군림 중인 지은을 추적하여 사살하는 것이 사자 감마 의 임무. 어쩌면 이원호가 인간으로 돌아올 수 있을지도 몰라! 과연 원호는 인간으로 돌아올 수 있을 것인가?",카카오웹툰,https://kr-a.kakaopagecdn.com/P/C/1883/c2/2x/bf2963f9-ff45-4608-a560-a4c6317b1a6c
125,19,완결,,"90년대 구석진 시골 마을, 인간을 향한 복수가 시작된다.",카카오웹툰,https://kr-a.kakaopagecdn.com/P/C/1818/c2/2x/478939c3-3193-45f3-9789-805274744fd2
126,헬로 마이 안드로이드,완결,,내 아들이라고 주장하는 소년이 나타났다. 갑자기 시작되는 좌충우돌 로맨스,카카오웹툰,https://kr-a.kakaopagecdn.com/P/C/1533/c2/2x/4a8861c1-bdab-44bc-8b28-72260b964e18
127,망자의 서,완결,,죽은 남편의 편지가 도착했다.,카카오웹툰,https://kr-a.kakaopagecdn.com/P/C/1636/c2/2x/925f2fee-f6cd-413d-acd9-b0f95b0f7076
128,달리는 여자,완결,,"대학교 막학년에 찾아온 첫사랑, 복학생 달리의 대학교 로맨스!",카카오웹툰,https://kr-a.kakaopagecdn.com/P/C/1502/c2/2x/8d91867e-b098-4d23-b6be-d0e62e20e718
129,계약우정,완결,,두 고등학생의 나 로 살아남기,카카오웹툰,https://kr-a.kakaopagecdn.com/P/C/1454/c2/2x/98a9d557-b362-4a2d-80d9-9525c5f6b925
130,수의 계절,완결,,"수없이 반복되는 계절, 하지만 그가 있던 단 한 번의 계절",카카오웹툰,https://kr-a.kakaopagecdn.com/P/C/1039/c2/2x/32a76cff-2f36-48a3-9c37-2050afe1dc0c
131,스틸레인3 : 정상회담,완결,,정상회담을 위해 한자리에 모인 남북미 3인의 정상들. 예상치 못한 위기에 빠진다.,카카오웹툰,https://kr-a.kakaopagecdn.com/P/C/1806/c2/2x/d6bcafef-3555-45b8-80c1-a8906e7fbf5a
132,헤븐즈 소울,완결,,괴생명체 크리쳐의 공격에 맞서는 소녀들의 이야기,카카오웹툰,https://kr-a.kakaopagecdn.com/P/C/1368/c2/2x/59b5c0fb-c5a7-4f0f-8efd-7c2e04923482
133,채널뽁스,완결,,상상 그 이상의 요절복통 코미디 멀티플렉스 채널뽁스,카카오웹툰,https://kr-a.kakaopagecdn.com/P/C/1185/c2/2x/0e9aeacc-e703-4e9f-a6b6-1a0d882f1912
134,차피,완결,,"타인의 속마음을 읽을 수 있는 이안 ! 원치 않는 능력 때문에 고통받으면서 살아가는데... 부모님을 사고로 잃고 가족과의 추억이 담긴 수족관을 찾아간다. 그 곳에서 듣게 된 아름답고 슬픈 고래의 목소리. 그 목소리를 다시 듣고 싶어 긴 세월 동안 수족관을 드나들지만, 그날 이후로 단 한 번도 듣지 못한다. 그러던 어느 날 이안의 눈앞에 나타난 수상한 남자! 남자가 입을 여는 순간 이안은 혼란 속에 빠진다. 꿈에도 그렸던 그 목소리가 어째서 눈앞의 남자에게서 들려오는 걸까..?",카카오웹툰,https://kr-a.kakaopagecdn.com/P/C/1874/c2/2x/e2be1ee9-05ce-4555-998e-41db43510b24
135,ONE,완결,,문제는 세상에 나쁜 놈들이 너무 많다는 거야. 이건 혁명이야.,카카오웹툰,https://kr-a.kakaopagecdn.com/P/C/1657/c2/2x/c5589043-48d3-4672-a62b-61c01fd8005d
136,아빠는 변태중,완결,,"평범한 회사원이었던 아빠, 그런데 지금은? 다세대 주택에 사는 3세대가 벌이는 시트콤",카카오웹툰,https://kr-a.kakaopagecdn.com/P/C/975/c2/2x/7c71cd76-0512-415b-99ca-75ab3d5175ee
137,해치지않아,완결,,"동물원을 살리기 위한, 동물 없는 미친 동물원 개장!",카카오웹툰,https://kr-a.kakaopagecdn.com/P/C/786/c2/2x/8addf231-1f68-4097-87b1-8afac52dd4e2
138,동쪽으로,완결,,"찬란했던 문명의 빛이 먼지가 되어 사라진 미래에, 네 명의 총잡이들이 동쪽으로 향하고 있었다. 문명이 알 수 없는 이유로 멸망한 미래. 빅보스가 지배하는 인류 최후의 도시에 살며 장벽 너머 동쪽은 오로지 죽음의 땅으로 지옥같은 삶을 살아가고 있었다. 그러나 어느 날 동쪽으로 통하는 봉인된 문이 열리고 한 남자 존 도가 나타나 외친다! 동쪽으로 존 도가 전설 속 동쪽 파라다이스에서 왔다는 소문이 퍼지고 주인공 반고는 그곳을 찾으러 장벽을 넘어 동쪽으로 떠난다. 장벽 너머 동쪽은 좀비들로 우글거리는 죽음의 땅. 반고는 파라다이스가 실재한다는 단서를 찾아 동쪽으로 전진하며 존 도와 파라다이스의 정체, 인류 멸망의 비밀에 다가간다. 과연 그곳에서 희망을 발견할 수 있을 것인가?",카카오웹툰,https://kr-a.kakaopagecdn.com/P/C/1350/c2/2x/11ba9d7f-8296-45d7-9e58-c978819425a3
139,거울 죽이기,완결,,자신과 똑같은 사람이 눈앞에 나타났다! 또 다른 나와 살아가기 위한 이야기,카카오웹툰,https://kr-a.kakaopagecdn.com/P/C/1544/c2/2x/8cb0cf9f-ab39-4d78-a082-a4aa6e3f8124
140,사귀자,완결,,천재 미녀 웹툰 작가 공민주 에게 귀요미 귀신 유령이 가 팬이라며 달라붙었다!,카카오웹툰,https://kr-a.kakaopagecdn.com/P/C/1957/c2/2x/d33bae00-def4-4917-b4e1-741ecdb5c42c
141,Breaker.Drawing,완결,,"이별을 그리는 남자, 사랑을 피우는 여자. 뗄레야 뗄 수 없는 사랑과 이별 이야기.",카카오웹툰,https://kr-a.kakaopagecdn.com/P/C/1884/c2/2x/097ce60b-6d4b-424f-9a63-34b31dca2bf0
142,겟 레디 위드 미,완결,,"뷰티 크리에이터를 제안하는 지욱과, 관심 1도 없는 그림의 메이크업 로맨스",카카오웹툰,https://kr-a.kakaopagecdn.com/P/C/1526/c2/2x/18e63356-7d30-4955-8ae4-1d3cfc475043
143,공부하는 고양이,완결,,"인생의 마지막 순간. 분명, 고양이는 공부를 하고 있었다.",카카오웹툰,https://kr-a.kakaopagecdn.com/P/C/1904/c2/2x/03f6a0a3-6fa5-4848-a1ec-215ec35f5575
144,그림자 미녀,완결,,"학교에서는 왕따 애진으로, 인터넷에선 70만 팔로워를 가진 스타 지니의 아슬아슬한 이중생활이 시작된다.",카카오웹툰,https://kr-a.kakaopagecdn.com/P/C/2345/c2/2x/09763c00-f0f9-4eb9-a934-1213e523d276
145,아티스트,완결,,어린이들과 다를 바 하나 없는 예술가들의 욕망이 펼쳐진다.,카카오웹툰,https://kr-a.kakaopagecdn.com/P/C/1492/c2/2x/28cc3fda-da7c-4917-8ed1-3734eac78031
146,SAVAGE,완결,,"야만의 시대, 욕망을 향한 짐승의 몸부림이 시작된다.",카카오웹툰,https://kr-a.kakaopagecdn.com/P/C/1809/c2/2x/83acdeab-bfee-4f42-ad74-300b748346b0
147,끼리끼리,완결,,아직 어리고 세상은 몰라도 우리끼리 재밌으면 된 것 아닌가요? 끼리끼리 렛츠기릿!,카카오웹툰,https://kr-a.kakaopagecdn.com/P/C/1439/c2/2x/cd786146-51d6-4c97-8163-736bfac33892
148,안개숲,완결,,"사고에 휘말린 세 남녀, 영원히 걷히지 않을 것 같은 안개숲에서 탈출할 수 있을까?",카카오웹툰,https://kr-a.kakaopagecdn.com/P/C/1913/c2/2x/8dd6d5eb-8320-4f32-9091-12b63335f82d
149,승은이 망극하옵니다,완결,,"내 후궁이 되지 않겠나. ..네? 전 남잔데요? 이세계에 떨어진 승은이, 집에는 돌아갈 수 있을까.",카카오웹툰,https://kr-a.kakaopagecdn.com/P/C/1613/c2/2x/1de2065f-9b0d-44b5-aa0b-1b27a3b39343
150,오피스텔,완결,,자신이 가장 익숙하고 편안한 장소는 집. 그곳에 나 아닌 다른 존재가 느껴진다면?,카카오웹툰,https://kr-a.kakaopagecdn.com/P/C/1912/c2/2x/f9778be0-3286-4a62-aa92-60c2014d81c2
151,네 살 차이,완결,,"궁합도 안 본다는 네 살 연상녀, 연하남. 성격도 취향도 다른 우리는 좋은 짝이 될 수 있을까?",카카오웹툰,https://kr-a.kakaopagecdn.com/P/C/1563/c2/2x/f9dcf95f-22d0-4758-84e8-ca37efd245d7
152,들쥐,완결,,십년 간 집에서만 살던 남자의 십년 만의 외출,카카오웹툰,https://kr-a.kakaopagecdn.com/P/C/1345/c2/2x/d02a118c-52c2-41e4-8c35-a3b3dae275f7
153,대디보이,완결,,자타 공인 최고의 인기남 한강. 연예인으로 데뷔하고자 하는 그에게 일생일대의 사건이 벌어진다,카카오웹툰,https://kr-a.kakaopagecdn.com/P/C/1418/c2/2x/8de26ed7-5959-4580-a385-ec3c88be4896
154,체이서,완결,,기억을 잃어버린 네드일행과 그를 쫓는 체이서들간의 코믹액션모험활극!,카카오웹툰,https://kr-a.kakaopagecdn.com/P/C/107/c2/2x/cbe2cc47-948f-48b5-977e-6f00d50d2c0d
155,나와 그녀삼신과 호러맨스,완결,,재수없이 휘말린 사건을 해결하기 위해 뭉친 겁쟁이와 초보삼신!,카카오웹툰,https://kr-a.kakaopagecdn.com/P/C/1688/c2/2x/a72b719d-4b29-4670-b814-cd6cd99dbb3d
156,Go Bananas,완결,,언제나 걸려오는 발신자 표시 제한 전화. 두 달 전 나를 매몰차게 버린 그녀일까? 아니면,카카오웹툰,https://kr-a.kakaopagecdn.com/P/C/1899/c2/2x/d6ef6354-db9b-403a-a831-d343ecf93d01
157,조숙의 맛,완결,,초등학생으로 살아간다는 건 어려운 일이다. 엄마가 교체된다면 더욱 그렇다.,카카오웹툰,https://kr-a.kakaopagecdn.com/P/C/1730/c2/2x/2c1956fd-e9b9-4314-918b-b818718afed7
158,달에 사는 사람들,완결,,"등골이 오싹하려던 찰나, 몸에서 벌레 기어 다니는 소리가 들린다!",카카오웹툰,https://kr-a.kakaopagecdn.com/P/C/1503/c2/2x/7f3074d3-af02-47de-ace1-71e475490e88
159,풀 뜯어먹는 소리,완결,,서울 남자와 시골 여자의 몸에 좋고 맛도 좋은 귀촌 라이프,카카오웹툰,https://kr-a.kakaopagecdn.com/P/C/1258/c2/2x/e21ffed1-bbc8-4405-9f28-4695505d4368
160,유사과학 탐구영역,완결,,"현대판 약장수의 상업논리, 유사과학에 대하여 심층적으로 파헤치는 탐구만화",카카오웹툰,https://kr-a.kakaopagecdn.com/P/C/1397/c2/2x/d947802b-39e7-49e3-90f0-ae72206bca90
161,노인의 집,완결,,매우 규칙적이고 성실하게 삶을 허비하는 노인의 집에 한 아이가 들어왔다.,카카오웹툰,https://kr-a.kakaopagecdn.com/P/C/1460/c2/2x/a516aecd-1a34-4702-8b54-b10c9de164c5
162,밤에 사는 소녀,완결,,암울한 태생의 두 소녀에게서 일어나는 일들과 그들의 행복에 관한 이야기,카카오웹툰,https://kr-a.kakaopagecdn.com/P/C/1710/c2/2x/8aeeeeec-317b-4935-b3f8-27c9eb0262b4
163,트라이앵글,완결,,"각으로 이루어진 세계, 원 을 찾아 떠나는 모험",카카오웹툰,https://kr-a.kakaopagecdn.com/P/C/1360/c2/2x/f4e81e6d-fdaf-447d-a49c-01d0ce1fe1cc
164,악연,완결,,"사채빚의 남자, 시체를 유기한 남자, 그리고 상처받은 여자. 그들은 악연이었다.",카카오웹툰,https://kr-a.kakaopagecdn.com/P/C/1658/c2/2x/5663fdd4-616e-4f74-bb5d-18a0ca77fa1a
165,머리 위로 부는 바람,완결,,"스무살 봄이 오기도 전, 그리고 2년 후 너를 다시 만났을 때",카카오웹툰,https://kr-a.kakaopagecdn.com/P/C/1643/c2/2x/1a313707-ebcd-4098-a34b-9068005f6530
166,유치원의 하루,완결,,귀여운 아이들의 유치원 일상,카카오웹툰,https://kr-a.kakaopagecdn.com/P/C/1133/c2/2x/abfe9040-40de-4840-92ad-0804d30ed4a4
167,"프롬, 스타",완결,,"별이 내리던 그 밤, 우리가 빌었던 소원은 이루어졌을까?",카카오웹툰,https://kr-a.kakaopagecdn.com/P/C/1573/c2/2x/e794ae26-cd1f-4ef7-a5e9-b8d94570fe16
168,51번째 남자,완결,,이과 철벽녀와 그녀를 쫓는 남자들의 고군분투 로맨스!,카카오웹툰,https://kr-a.kakaopagecdn.com/P/C/1696/c2/2x/0e6c6fe6-ecbb-4a7e-977c-bf85964529eb
169,밤의 새벽,완결,,"평범하다 생각했던 것들이 평범한 게 아니었다. 인육을 먹던 소녀, 유야. 그 아이와 산다.",카카오웹툰,https://kr-a.kakaopagecdn.com/P/C/1644/c2/2x/5976a725-93bc-434a-90c4-2c3aba9013ca
170,영원한 빛,완결,,기억이 지워지지 않는 끝없는 윤회. 형벌인가 기회인가.,카카오웹툰,https://kr-a.kakaopagecdn.com/P/C/1273/c2/2x/61a5a757-ea2c-4dfd-af60-4d09f1736cb3
171,취준생물,완결,,"힘든 취업난 속 무스펙, 학벌, 인맥을 이겨내고 취직에 성공해야만 한다.",카카오웹툰,https://kr-a.kakaopagecdn.com/P/C/1500/c2/2x/b9352cf6-fce1-452b-b8f2-d44ef0268326
172,과격자매단,완결,,개성 강한 자매들의 일상을 파헤친다!,카카오웹툰,https://kr-a.kakaopagecdn.com/P/C/1370/c2/2x/a297bfc8-36c3-44aa-9c7f-567847facc8d
173,대치동 일타강사,완결,,"스승으로 모시기에 좀 애매한 그들, 강남 학원가를 주름잡는 일타강사에 도전하다",카카오웹툰,https://kr-a.kakaopagecdn.com/P/C/1229/c2/2x/beb6490d-76ae-4cee-b74f-22d2d65efbbc
174,남은 고양이,완결,,남은 고양이의 임무는 내 인간이 나 없이도 튼튼하게 지내도록 만드는 것!,카카오웹툰,https://kr-a.kakaopagecdn.com/P/C/1692/c2/2x/0e776e2c-8321-4817-a586-5769f08cda09
175,시동,완결,,가출청소년의 어설픈 세상 적응기,카카오웹툰,https://kr-a.kakaopagecdn.com/P/C/1145/c2/2x/ce869001-182c-440f-900a-f08b731683eb
176,더블랙LABEL,완결,,굴지의 대기업 내 범죄조직 . 구성원 대부분이 여성인 그 곳에서 벌어지는 여성 느와르,카카오웹툰,https://kr-a.kakaopagecdn.com/P/C/1495/c2/2x/4e9a528c-6374-4f49-a420-9899e8b93bd4
177,뿔,완결,,"귀신을 보는 소녀, 어느 날 진짜 도깨비를 만나다!",카카오웹툰,https://kr-a.kakaopagecdn.com/P/C/816/c2/2x/7fafe60a-06e9-4b78-b297-55ff341442da
178,마애(磨崖),완결,,국보 마애삼존불입상을 소재로한 바우 장군의 역사 팩션,카카오웹툰,https://kr-a.kakaopagecdn.com/P/C/1834/c2/2x/cdec8860-69a1-4d58-9610-b56989aa1f41
179,카운터,완결,,고통스러운 기억과 현실에서 벗어나기 위한 차정은과 차혜리의 고군분투,카카오웹툰,https://kr-a.kakaopagecdn.com/P/C/1655/c2/2x/923c49fa-901c-4ad3-bf8c-eb74a0d28225
180,어떻게든 중간만 간다면,완결,,취준생 재호. 직장인 유나. 한 커플의 이야기.,카카오웹툰,https://kr-a.kakaopagecdn.com/P/C/1374/c2/2x/94e14301-9eb5-4a4d-8b8a-04e4d2914be7
181,젠틀한 야수,완결,,명문 순정고등학교에 전학 온 양순호. 그리고 전학 첫 날! 이 학교엔 정상인이 없다!?,카카오웹툰,https://kr-a.kakaopagecdn.com/P/C/1835/c2/2x/01884593-b709-4ff3-977a-11d147b3a992
182,보통사이,완결,,별거 아닌 말 한마디에서 시작됐다.,카카오웹툰,https://kr-a.kakaopagecdn.com/P/C/1697/c2/2x/88196a9b-ae45-4a6c-b55d-ae2f850aa719
183,나홀로 주부,완결,,살림에 찌든 고교생 주부! 그의 감춰진 일상이 드러난다.,카카오웹툰,https://kr-a.kakaopagecdn.com/P/C/1659/c2/2x/cce81fa4-0cb9-4d39-b697-be8516c1c41b
184,화양연화,완결,,겉은 화려하지만 성격은 누구보다 소심한 그녀의 파란만장 캠퍼스 라이프,카카오웹툰,https://kr-a.kakaopagecdn.com/P/C/1626/c2/2x/13941d67-4b00-4b66-bacb-b7da2e9b2d70
185,단지,완결,,"깨물어서 아프지 않은 손가락은 없다 는 거짓말이다. 나는 단지 , 잘린 손가락.",카카오웹툰,https://kr-a.kakaopagecdn.com/P/C/1800/c2/2x/7287b294-0e33-428c-b8a8-de7989a984d9
186,우정으로 결혼한 소꿉친구,완결,,연애세포 0 이소연과 로맨틱가이 김유신. 23년지기 소꿉친구의 결혼생활 러브코미디,카카오웹툰,https://kr-a.kakaopagecdn.com/P/C/1437/c2/2x/cd37373e-aff2-4294-99cf-2a886431d671
187,치삼 탐정 사무소,완결,,"폭력을 무서워하는 평화주의자 킬러, 추리보다 주먹이 먼저 나가는 탐정. 그 둘의 이야기.",카카오웹툰,https://kr-a.kakaopagecdn.com/P/C/1674/c2/2x/f30cc13e-82ce-4b91-94fb-c1b3212c797f
188,너도 나랑,완결,,고민투성이인 나에게 가장 큰 고민이 피자 치킨?!,카카오웹툰,https://kr-a.kakaopagecdn.com/P/C/1496/c2/2x/8e13959f-4832-42b2-bb15-68cf4db4f74d
189,1호선,완결,,"5회 다음공모전 대상작. 폐허가 된 서울, 그녀를 찾기 위해 1호선을 따라 걷는다",카카오웹툰,https://kr-a.kakaopagecdn.com/P/C/1002/c2/2x/67f163d0-a96e-4d85-b184-a8d7127c7fd3
190,다정한 겨울,완결,,자라지 못하는 두 아이의 조금은 특별한 겨울나기,카카오웹툰,https://kr-a.kakaopagecdn.com/P/C/789/c2/2x/9a9cf0de-e0eb-4e40-b1d3-7b483048c5b6
191,태양의 시,완결,,그토록 찬란했던 태양빛도 영원할 순 없었다. 그리고 남은 건,카카오웹툰,https://kr-a.kakaopagecdn.com/P/C/1367/c2/2x/5ff90f73-921a-4f74-8ca6-31284288dfce
192,그놈의 스캔들,완결,,"사고뭉치 배우 지강혁과 톱스타 유제아, 그들이 선택한 결혼은?",카카오웹툰,https://kr-a.kakaopagecdn.com/P/C/1409/c2/2x/1f145844-ac98-4e85-bb1b-623980f24add
193,허세남길들이기,완결,,"좋은 차, 좋은 집.. 모든 게 다 있는데, 정작 내 옆엔 네가 없네. 헤어진 여친을 그리워하는 성공한 찌질남의 이야기",카카오웹툰,https://kr-a.kakaopagecdn.com/P/C/1576/c2/2x/f0eb8f36-336a-4ba3-9abc-453564e40789
194,햄스터와 그녀,완결,,대학생 민규는 햄스터를 들고 다니는 이상한 여자와 엮이게 되면서 악몽 같은 일상을 겪게 되는데...,카카오웹툰,https://kr-a.kakaopagecdn.com/P/C/1625/c2/2x/5f1e9156-b061-4ff7-8d8e-b3ac51bdfc66
195,샤먼 트리트먼트,완결,,백여 년 전 사라진 신을 찾아 헤매는 무당과 영들의 숨겨진 이야기,카카오웹툰,https://kr-a.kakaopagecdn.com/P/C/1743/c2/2x/c0d6ce77-e010-46a0-8238-37d48757fe8a
196,호아전,완결,,호랑의 여인과 벽안의 귀신이 그려가는 일제강점기 퓨전시대극,카카오웹툰,https://kr-a.kakaopagecdn.com/P/C/1601/c2/2x/7fd48045-44eb-4361-942c-3ba289aa3a2e
197,말괄량이 길들이기,완결,,카사노바 페트루키오는 까칠한 미녀 카트리나를 유혹해달라는 의뢰를 받는데?,카카오웹툰,https://kr-a.kakaopagecdn.com/P/C/1481/c2/2x/486ea526-8c28-48d3-9f77-5a80ce428241
198,이웃잔혹사,완결,,복권 당첨금을 둘러싸고 이웃 간에 벌어지는 잔혹드라마,카카오웹툰,https://kr-a.kakaopagecdn.com/P/C/1615/c2/2x/5f68c5dd-d07a-40f4-9b63-7deff1381be8
199,미래의 시간,완결,,어느날 나도 모르게 나의 과거가 바뀌고 있다. 만화공모대전3 대상 수상작,카카오웹툰,https://kr-a.kakaopagecdn.com/P/C/1277/c2/2x/18009e7f-05b4-4ab9-bbb2-5583e81262f4
200,빛나는 손을,완결,,혼자에서 우리가 되기 위해 세상으로 뛰쳐 나온 한 소녀의 이야기,카카오웹툰,https://kr-a.kakaopagecdn.com/P/C/1366/c2/2x/4a4fa9cf-12d7-491a-950d-2526cfd63a4e
201,그래도 되는가,완결,,"우리 가족을 괴롭히는 진상 친척들, 그래도 되는가? 만화공모대전2 대상 수상작",카카오웹툰,https://kr-a.kakaopagecdn.com/P/C/1206/c2/2x/ed8d107b-5c28-4861-a9f2-2e459a650581
202,포 더 프린세스,완결,,이루어지지 않았던 첫사랑을 테마파크 공연단의 파트너로 다시 만나는 동화같은 로맨스,카카오웹툰,https://kr-a.kakaopagecdn.com/P/C/1420/c2/2x/2527a47d-be73-46d0-9f98-41ab815e4f7d
203,"안녕, 엄마",완결,,엄마가 떠났고 엄마를 만났다. 가깝고도 먼 우리의 이별 이야기,카카오웹툰,https://kr-a.kakaopagecdn.com/P/C/1642/c2/2x/ee1fbe46-be33-4f2f-a253-a6d8559ccfce
204,사생,완결,,"매일 사생팬들에게 시달리던 가수 더키 , 어느 날 돌이킬 수 없는 사건에 휘말린다.",카카오웹툰,https://kr-a.kakaopagecdn.com/P/C/1494/c2/2x/237c01ec-be7d-487b-82c1-c275d6fc82e6
205,아귀,완결,,스스로 지옥에 들어가버린 남자 4회 공모전 대상 수상작!,카카오웹툰,https://kr-a.kakaopagecdn.com/P/C/891/c2/2x/62d74210-1e50-449b-92e0-8a357fc50b77
206,도나스 학교괴담,완결,,기묘한 학교에서 벌어지는 무시무시한 이야기,카카오웹툰,https://kr-a.kakaopagecdn.com/P/C/1364/c2/2x/7c4f6590-0ead-46e9-b86b-da063cc79736
207,이병 일학년,완결,,부푼 마음을 안고 입학한 음대. 그런데 막상 가보니 군대인지 음대인지 헷갈리는 건 내 기분 탓?,카카오웹툰,https://kr-a.kakaopagecdn.com/P/C/1501/c2/2x/c845f97f-a25e-49bd-88d4-c97e2b87a921
208,환상숲,완결,,"환상들이 모여서 이루어진 숲 환상숲, 그곳에서 벌어지는 신비한 사건들",카카오웹툰,https://kr-a.kakaopagecdn.com/P/C/1523/c2/2x/8004ce9b-d99b-4861-979e-094969d5c31d
209,지배,완결,,누군가 우리 집을 지켜보고 있다. 어느 순간 베란다를 통해 자신의 집을 지켜보고 있는 누군가를 발견한 주인공. 그날부터 주인공의 주변에서는 믿을 수 없는 일들이 일어나고 그의 일상은 지옥으로 바뀌어간다. 사람이 아닌 듯한 그것들에게서 살아남고 정체를 밝혀내라.,카카오웹툰,https://kr-a.kakaopagecdn.com/P/C/1680/c2/2x/7a919e17-08d8-4d6c-bd92-d6c79b1bc7e1
210,위대한 로맨스,완결,,"사랑에 미치고, 시공을 초월하다.",카카오웹툰,https://kr-a.kakaopagecdn.com/P/C/1564/c2/2x/ef4e62e3-f7da-417f-9298-beff4357eea1
211,죽어도 좋아♡,완결,,이루다 주임의 미중년 상사 백 과장. 이 둘 사이에 생긴 묘한 사건,카카오웹툰,https://kr-a.kakaopagecdn.com/P/C/1202/c2/2x/2d485993-50c0-4a79-951b-5ea1e3a0f54f
212,우리 남매의 일상은,완결,,대한민국 어디에나 있을법한 남매들의 화려한 일상!,카카오웹툰,https://kr-a.kakaopagecdn.com/P/C/1458/c2/2x/3e7d974e-1047-462b-ba39-e8c372baa4c8
213,무능력자,완결,,초능력을 잃어버린 남자와 까칠한 시골 여자의 좌충우돌 동거 로맨스,카카오웹툰,https://kr-a.kakaopagecdn.com/P/C/1441/c2/2x/198d9586-a102-44d4-828e-11ea048243b1
214,우두커니,완결,,"어느 날, 아버지에게 치매가 왔다.",카카오웹툰,https://kr-a.kakaopagecdn.com/P/C/1444/c2/2x/ea35c3d2-d998-47a3-a5e5-7f329df60816
215,옥탑빵,완결,,회사를 그만두고 차린 옥탑방 빵집에서 일어나는 빵냄새 고소한 우리들의 이야기,카카오웹툰,https://kr-a.kakaopagecdn.com/P/C/1421/c2/2x/d6444797-66a8-4bb1-95ab-a7962322d69c
216,간이역에 겨울이 오면,완결,,"취업난을 뚫고 어렵게 인턴 이 되었는데 쓰러질 것 같은 기차역이 웬말? 하지만 전화위복, 두근두근 로맨스가 찾아온다!",카카오웹툰,https://kr-a.kakaopagecdn.com/P/C/1288/c2/2x/46d27d9d-2be2-41b5-9d22-7f1cbfe6f0b5
217,다음웹툰 팬클럽 모집,완결,,"가입 미션 4월1일, 창단 발표 4월3일 최대 20만 캐시와 한정판 선물을 드립니다!",카카오웹툰,https://kr-a.kakaopagecdn.com/P/C/1650/c2/2x/ef0a2e21-09e5-41a0-90bf-d4fe1e000755
218,박살소녀,완결,,괴물도 때려잡는 최강소녀가 소년을 만났을 때,카카오웹툰,https://kr-a.kakaopagecdn.com/P/C/1376/c2/2x/5d7d8cb6-f3eb-4c84-bc6a-02ebc3312a2e
219,빈둥빈둥 환타스틱 유럽여행기,완결,,유럽 3개국을 빈둥빈둥 여행한 작가의 좌충우돌 여행기,카카오웹툰,https://kr-a.kakaopagecdn.com/P/C/1645/c2/2x/a6549191-c293-45ff-b817-e68eb60b28f9
220,20세 보고서,완결,,이제 막 성인이 된 초보 20세들의 이야기,카카오웹툰,https://kr-a.kakaopagecdn.com/P/C/1352/c2/2x/014828ef-e608-470b-aea9-c62d5d884001
221,티라레,완결,,재벌 3세 상속녀 도도혜 . 어느 날 갑자기 찾아온 기이한 고통 으로 그녀의 인생은 뒤틀린다!,카카오웹툰,https://kr-a.kakaopagecdn.com/P/C/1341/c2/2x/a5a30312-0bcf-4c5b-abbf-2cce8e231764
222,어제 오늘 그리고 내일,완결,,하얗고 찰지구나 감수성 남다른 두부의 깨알 디테일 라이프,카카오웹툰,https://kr-a.kakaopagecdn.com/P/C/940/c2/2x/cfae2399-d3d2-4fd0-9126-888a79f32ebd
223,크리스마스는 쨈과 함께,완결,,"개 로 추방된 악마 제임스, 다시 악마로 돌아가려면 사랑하는 주인을 죽여야 한다?!",카카오웹툰,https://kr-a.kakaopagecdn.com/P/C/1637/c2/2x/f94571f6-405a-4df5-9062-02f44912aa26
224,대작,완결,,최고의 막걸리를 두고 펼쳐지는 신명나는 술 대결!,카카오웹툰,https://kr-a.kakaopagecdn.com/P/C/194/c2/2x/c73dc592-405e-4794-9140-03acd1b5d880
225,새벽날개,완결,,"오토바이에 앉아 먹고, 오토바이에 기대어 사랑하고, 오토바이 타며 생각하고.",카카오웹툰,https://kr-a.kakaopagecdn.com/P/C/1466/c2/2x/8d3c9dc3-29cf-4232-ad49-0c38f51423d7
226,차이니즈 봉봉클럽 광저우편,완결,,"중국 4대 요리 중 하나 광둥요리, 이번엔 광저우다! 여름방학을 맞아 딤섬 탐험에 나선 차이니즈봉봉클럽! 새우살과 돼지고기 가득한 딤섬 , 여유로운 오후의 차 문화와 바삭하고 향긋한 광둥식 거위구이 , 그리고 각종 산해진미와 광둥식 디저트까지! 입맛 자극할 이야기가 지금 시작된다!",카카오웹툰,https://kr-a.kakaopagecdn.com/P/C/1595/c2/2x/735b2eda-d5c2-4451-98f2-786e5a8118a5
227,언더그라운드 블러드팩,완결,,"3년 간 생존, 100번의 임무수행 살아남는다면 가족을 살릴 수 있다.",카카오웹툰,https://kr-a.kakaopagecdn.com/P/C/1230/c2/2x/3948c204-a198-408b-96a3-e93e0a41f0a0
228,오랑캐,완결,,무림 고수를 사칭하는 무림 초짜의 이야기,카카오웹툰,https://kr-a.kakaopagecdn.com/P/C/1375/c2/2x/a67aecd9-82c4-4ea2-969e-b5f555cee129
229,고양이 마마님,완결,,지금의 당신에게 소중한 시간은 언제인가요? 300년만에 다시 시작된 인연과 악연의 굴레.,카카오웹툰,https://kr-a.kakaopagecdn.com/P/C/1378/c2/2x/76c0ac53-758f-4c19-a056-9f0c82f5be11
230,고등패왕전기,완결,,전설적인 무신 항우와 왕따 소년 유민의 힘겨운 공생과 투쟁! 그리고 사랑의 이야기!,카카오웹툰,https://kr-a.kakaopagecdn.com/P/C/1480/c2/2x/a781b936-a1d4-4833-a409-13a166bd90ef
231,남자친구를 조심해,완결,,"다인과 시현은 같은 반이지만 말 한 번 해보지 않은 어색한 사이. 어느 날, 자신이 미래에서 온 시현이라고 주장하는 낯선 남자가 나타나고 다인과 자신이 미래에서 사귀는 사이라고 주장한다. 다인은 낯선 남자의 말이 믿기지 않지만, 그의 예언이 하나둘 맞을 때마다 점차 신뢰하게 된다. 다인이 시현에게 관심을 보이자 반 아이들 사이에서는 둘이 썸 탄다는 소문이 돌고, 둘 사이에는 미묘한 기류가 감돈다 그러나 시현에게는 구분하기 힘들 정도로 똑같이 생긴 쌍둥이가 있다. 낯선 남자의 정체는 무엇일까...",카카오웹툰,https://kr-a.kakaopagecdn.com/P/C/2312/c2/2x/135413df-a85d-4436-aa69-5333bd8ac3be
232,영웅의 변수,완결,,슈퍼히어로를 동경하던 시골청년. 꿈을 이루다!,카카오웹툰,https://kr-a.kakaopagecdn.com/P/C/1410/c2/2x/df6acefa-7eac-44d6-b5a7-f97c96efc771
233,곤조 스트릿 - 갱스터의 시대,완결,,미친 거리에서 벌어지는 파이트 바운서들의 스트릿 파이트,카카오웹툰,https://kr-a.kakaopagecdn.com/P/C/1469/c2/2x/2d839ffe-e34d-469d-ab05-78cb019cdd15
234,애휴,완결,,서로 잘 모르는 남녀 이야기,카카오웹툰,https://kr-a.kakaopagecdn.com/P/C/1549/c2/2x/cc2d4369-ae8e-4fb8-a3c8-e02b5dc064a0
235,하면 좋습니까?,완결,,"결혼 해, 말아? 오늘도 골치 아픈 30대 언니들의 통렬한 수다.",카카오웹툰,https://kr-a.kakaopagecdn.com/P/C/1465/c2/2x/26bce9c3-2f59-43f0-85e5-b03937845b97
236,헬로 브리,완결,,어느 날 이루어진 이상한 만남. 그러나 별 탈 없이 굴러가는 단순한 사람들,카카오웹툰,https://kr-a.kakaopagecdn.com/P/C/1346/c2/2x/ccab85cd-174b-4bd4-9569-ae59b97c0710
237,삐꾸래봉,완결,,새끼손가락이 굽어서 왕따를 당하는 래봉이와 친구 은철이의 우정과 배려를 담은 이야기!,카카오웹툰,https://kr-a.kakaopagecdn.com/P/C/1589/c2/2x/403302f0-b482-4823-bfa4-65202507f187
238,얌얌숲 당근길 토요요,완결,,얌얌 소리 가득한 얌얌숲의 동물들이 좀 이상하다.,카카오웹툰,https://kr-a.kakaopagecdn.com/P/C/1244/c2/2x/35e63f8d-fe19-4423-baf4-6c876fe938a1
239,오리지널 씬2,완결,,"강형규, 역대급 절대악의 귀환! 통쾌한 캐릭터의 혁명은 계속된다",카카오웹툰,https://kr-a.kakaopagecdn.com/P/C/1400/c2/2x/7b57f281-9c1f-4fc5-b0a2-a94935e6b94e
240,첫사랑은 죽었다,완결,,위기에 빠진 첫사랑을 구하라!!,카카오웹툰,https://kr-a.kakaopagecdn.com/P/C/1201/c2/2x/19295ecd-2abf-497c-941b-b823eb981fb5
241,에스키스,완결,,"여자가 싫은 미대생 정시인 , 그에게도 사랑이 찾아올까?",카카오웹툰,https://kr-a.kakaopagecdn.com/P/C/1281/c2/2x/aa270ed3-b056-43d2-9552-40eb24471980
242,방랑시인 김삿갓,완결,,"조선 팔도를 유랑하던 김삿갓, 기생 연향과 김판서의 모략으로 고통받는 영월 사람들을 보게 되는데",카카오웹툰,https://kr-a.kakaopagecdn.com/P/C/1555/c2/2x/b2f7609a-021b-4c59-ac3a-df9c9c1a0c41
243,오만상과 편견,완결,,매 순간마다 오해와 편견으로 부딪히는 남녀의 로맨스!,카카오웹툰,https://kr-a.kakaopagecdn.com/P/C/1359/c2/2x/25ea4179-2551-49c6-b5f3-1bb35754af92
244,강도,완결,,"들개들, 벼랑 끝에서 아귀떼를 만나다.",카카오웹툰,https://kr-a.kakaopagecdn.com/P/C/1384/c2/2x/daaa352d-a5b4-40f9-bf67-71d4da6e96eb
245,익명의 독서중독자들,완결,,들고 읽어라!,카카오웹툰,https://kr-a.kakaopagecdn.com/P/C/1445/c2/2x/899dcaa7-5b41-4148-856f-03317866b3c3
246,어쿠스틱 라이프,완결,,알콩달콩 공감백배 생활 만담 에피소드 만화!,카카오웹툰,https://kr-a.kakaopagecdn.com/P/C/553/c2/2x/3baf5e98-0993-4c55-ae88-9bb01da8e132
247,놈들의 도시,완결,,지구 상 모든 여성이 사라졌다! 인류의 유일한 여성 나오 가 남성만 있는 도시에서 무사히 살아남을 수 있을까?,카카오웹툰,https://kr-a.kakaopagecdn.com/P/C/1327/c2/2x/cbe23d3d-a294-48ef-88f3-ae88bcb95be1
248,스킬,완결,,어디서든 최고가 되고 싶은 문제아 진우의 기술학교 정복기.,카카오웹툰,https://kr-a.kakaopagecdn.com/P/C/1348/c2/2x/a9168c72-a40f-480f-be80-7388fba14ebf
249,나는 달린다,완결,,"육상부 유망주 채준수, 달리고 싶지만 달릴 수 없다. 푸른 하늘 끝까지 달리고 싶은 준수의 성장 드라마",카카오웹툰,https://kr-a.kakaopagecdn.com/P/C/1530/c2/2x/0f935f25-2cab-4eb1-b364-3ae6e9c9616b
250,화자,완결,,"그 아이를 만나게 된 그 해 여름, 난 어른들의 비밀을 알아 버렸다",카카오웹툰,https://kr-a.kakaopagecdn.com/P/C/742/c2/2x/922bad8f-8354-465c-90ba-4daf18f6e5d9
251,키몽툰,완결,,"순도 100 언어유희, 아재 드립 끝판왕 키몽을 만나보자!",카카오웹툰,https://kr-a.kakaopagecdn.com/P/C/1363/c2/2x/c6553465-889c-4f94-b959-436d50edf0e3
252,그림형제 잔혹동화,완결,,아름다운 그림형제의 동화 속 이야기들. 그 동화의 잔혹한 비밀이 공개된다!,카카오웹툰,https://kr-a.kakaopagecdn.com/P/C/1270/c2/2x/824be8a0-f507-4e47-910b-e09f29f6e037
253,은밀하게 위대하게,완결,,"천재 남파 간첩, 그의 임무는 동네 바보형?",카카오웹툰,https://kr-a.kakaopagecdn.com/P/C/529/c2/2x/598cfb99-fed6-40e5-a226-a93ba7166ee2
254,다시피는 꽃,완결,,"나이를 먹었든, 먹지 않았든 누구나 자신만의 이야기가 있다. 위안부 할머니들의 애틋하고 슬픈 이야기",카카오웹툰,https://kr-a.kakaopagecdn.com/P/C/1541/c2/2x/1dae37b1-35b4-499b-9909-cb352e17680b
255,단지 그것 뿐,완결,,17세 딸이 자기 딸이 아니란 것을 알게된 아빠와 딸의 가슴 따뜻한 좌충우돌 홈드라마 !,카카오웹툰,https://kr-a.kakaopagecdn.com/P/C/1540/c2/2x/dd0e48e1-4f40-4135-b665-316970fe5dec
256,트리니티 원더,완결,,무협세계 최강고수와 판타지 세계 천재 마법사가 만난다면? 브레이커 두 작가의 신작!,카카오웹툰,https://kr-a.kakaopagecdn.com/P/C/1282/c2/2x/55a1c141-2f01-4eb8-a2c8-91cb8352c65f
257,피그말리온 컴플렉스,완결,,금수저 학교에 잠입한 고아 소매치기 소녀의 삼단변신 ? 이 시작된다!,카카오웹툰,https://kr-a.kakaopagecdn.com/P/C/1332/c2/2x/eaa55ce3-0300-4c6c-9787-8c1690913eb1
258,작가의 사생활,완결,,4년차 웹툰작가의 묵직 발랄한 사생활,카카오웹툰,https://kr-a.kakaopagecdn.com/P/C/1449/c2/2x/9dc26fe2-5247-4f18-b701-20f4b20afd89
259,오늘의 초능력,완결,,이딴 초능력 필요 없어! 매일매일 새로운 초능력을 얻는 소녀의 예측불허 코미디가 펼쳐진다!,카카오웹툰,https://kr-a.kakaopagecdn.com/P/C/1335/c2/2x/4edccc63-5a45-47bd-a7c9-1fbac0186c01
260,리와 구,완결,,당신은 좋아하는 그 사람에 대해 얼마나 알고 계세요?,카카오웹툰,https://kr-a.kakaopagecdn.com/P/C/1373/c2/2x/7274e8ed-6793-478b-85e8-55c553cec097
261,위 아 애니멀스,완결,,각양각색 동물들이 펼치는 옴니버스 리얼 야생 드라마. 우리는 동물이다!,카카오웹툰,https://kr-a.kakaopagecdn.com/P/C/1337/c2/2x/599a5baa-bb17-4288-babb-f3d4527d470b
262,골든왈츠,완결,,홍주와 해성이의 사랑하고 성장하는 아이스댄싱의 기적,카카오웹툰,https://kr-a.kakaopagecdn.com/P/C/1340/c2/2x/50b9df81-1785-47e5-a5a3-614a705afa1d
263,The 윷놀리스트,완결,,"윷놀이, 올림픽 정식 종목이 되다? 윷판을 지배하는 자만이 윷놀리스트가 될 수 있다! 만화공모대전3 장려상 수상작",카카오웹툰,https://kr-a.kakaopagecdn.com/P/C/1280/c2/2x/8143150f-cae0-4ef3-bba8-9b05acda4837
264,인랑:프리퀄,완결,,통일을 앞둔 사회의 폭력적인 혼란과 서로 대립하는 권력기관의 욕망,카카오웹툰,https://kr-a.kakaopagecdn.com/P/C/1493/c2/2x/e3643c8d-aece-40a4-afa9-023d24bf641f
265,개밥도토리,완결,,갑자기 개가 된 조영수. 개인 듯 개 아닌 개 같은 그의 이야기.,카카오웹툰,https://kr-a.kakaopagecdn.com/P/C/1349/c2/2x/434c913a-b242-4bcf-ba6d-7af41aa575e3
266,벨트 위 벨트 아래,완결,,"90년대 후반, 이태원과 한남동에서 잊을 수 없는 가슴 아픈 첫 사랑이 새겨진다.",카카오웹툰,https://kr-a.kakaopagecdn.com/P/C/1499/c2/2x/dee90957-66d3-4140-92c8-4b87983c4af6
267,블레이드2 : THE RETURN OF EVIL,완결,,세상을 검게 물들이는 악마에 맞서 엘리시움으로 떠나는 영웅들의 일대기,카카오웹툰,https://kr-a.kakaopagecdn.com/P/C/1470/c2/2x/6810ed42-a077-44f4-8d61-bbe136870de7
268,귀신이면 어때,완결,,취준생과 처녀 귀신의 대책 없는 낭만 로맨스!,카카오웹툰,https://kr-a.kakaopagecdn.com/P/C/1401/c2/2x/091adefa-5303-4e2e-a7bd-230b5e5838a4
269,바토리의 아들,완결,,"가장 고귀한 여인의 감춰야만 하는 비밀, 가상의 유럽을 배경으로 펼쳐지는 서스펜스 드라마",카카오웹툰,https://kr-a.kakaopagecdn.com/P/C/1297/c2/2x/c6020267-37b9-4418-9e48-f7249fea73ed
270,엄마들,완결,,"차라리 모르고 싶은 엄마들의 연애, 노동, 목소리",카카오웹툰,https://kr-a.kakaopagecdn.com/P/C/1488/c2/2x/1bfbf9b6-2d62-42d3-b3ff-c98f68d08c54
271,스틸레인2 : 강철비,완결,,한반도 전쟁위기를 타개하기 위한 두 철우 의 첩보 스릴러. 12월 개봉 영화 강철비 의 더 풍부한 이야기를 웹툰으로 먼저 만나보세요!,카카오웹툰,https://kr-a.kakaopagecdn.com/P/C/1390/c2/2x/e52aaf38-e38d-4ddc-8021-568be0dec9cf
272,미생,완결,,자신의 삶을 승리하기 위해 한 수 한 수 돌을 잇는 사람들의 이야기,카카오웹툰,https://kr-a.kakaopagecdn.com/P/C/818/c2/2x/3a09e9c6-dd98-473f-b9df-c21b14c61739
273,4버디스,완결,,이번엔 스코틀랜드다! 4버디스와 함께 떠나는 스코틀랜드 로드트립!,카카오웹툰,https://kr-a.kakaopagecdn.com/P/C/1326/c2/2x/5739abb8-29a0-49e3-80fd-ab4b80286070
274,가슴도 리콜이 되나요,완결,,진정한 사랑을 쟁취하기 위한 나유빈의 연애 이야기,카카오웹툰,https://kr-a.kakaopagecdn.com/P/C/1343/c2/2x/efca7b38-baa8-44f1-9620-34ad58def68c
275,가내수공업 Ent.,완결,,"급 섹시 아이돌 병풍 멤버, 하영과 너무나도 눈에 띄는 숨은 조력자들의 하영이 꽃길 걷기 프로젝트!",카카오웹툰,https://kr-a.kakaopagecdn.com/P/C/1290/c2/2x/c06f15a5-546a-4956-93a7-3d6af0c8cc8b
276,도깨비훈장,완결,,"낯선 섬, 제주도에서 만난 도깨비들이 자꾸만 나를 쫓아온다.",카카오웹툰,https://kr-a.kakaopagecdn.com/P/C/1271/c2/2x/c58fdffd-f0fc-4b47-8a8a-0ff203b69db5
277,구리의 구리구리,완결,,논픽션 좌충우돌 구리의 구리구리한 일상툰,카카오웹툰,https://kr-a.kakaopagecdn.com/P/C/1457/c2/2x/4c95a01a-1c5e-4233-8f88-3cea4b853fda
278,19세기말 비망록,완결,,"종교와 과학이 격돌하는 19세기 말 영국, 릴리안과 낯선 오라버니의 금단의 사랑",카카오웹툰,https://kr-a.kakaopagecdn.com/P/C/1283/c2/2x/996cb41b-553e-4287-9481-8f9ebac61867
279,파워맨,완결,,파워맨과 친구들의 아스트랄 휴우먼 스토리!,카카오웹툰,https://kr-a.kakaopagecdn.com/P/C/1385/c2/2x/c5a9ad6b-5c31-4d8f-acdb-acb44cd84e13
280,2018 다음웹툰 능력고사,완결,,"1등에게 10만 캐시를 지급합니다. 시험기간 4 1, 정답 및 장학생 발표 4 3",카카오웹툰,https://kr-a.kakaopagecdn.com/P/C/1448/c2/2x/82442b2a-3761-4ada-9228-f3f879052d71
281,초월(初月),완결,,일제에 대항했던 백초월 스님의 이야기를 거장 이현세 작가의 그림으로 만나세요!,카카오웹툰,https://kr-a.kakaopagecdn.com/P/C/1432/c2/2x/c5efd7c4-79ae-4c89-a4b2-e9150c32efab
282,아수라발발타,완결,,본의 아니게 ? 신내림을 받은 한 남자의 미스터리 이야기,카카오웹툰,https://kr-a.kakaopagecdn.com/P/C/1265/c2/2x/7f25ac32-62e3-431b-a768-dcef2659e4cc
283,공대에는 아름이가 없다,완결,,공대 아름이들의 좌충우돌 캠퍼스 라이프!,카카오웹툰,https://kr-a.kakaopagecdn.com/P/C/1319/c2/2x/c3a48434-0019-4c5e-b927-24aa94d5947e
284,가랑가랑,완결,,우리에게 선택은 언제나 어려운 일이었다.,카카오웹툰,https://kr-a.kakaopagecdn.com/P/C/1356/c2/2x/0a42a68c-a0f2-4e85-8894-128f408af18e
285,혼자를 기르는 법,완결,,스스로를 돌보기도 힘든 내가 과연 잘 할 수 있을까?,카카오웹툰,https://kr-a.kakaopagecdn.com/P/C/1257/c2/2x/50b6d913-df94-4467-a2da-5f305a4bac41
286,사컷 : 죽음의 소리,완결,,평범한 일상을 살고 있는 당신에게 일어날 수 있는 끔찍한 공포의 순간,카카오웹툰,https://kr-a.kakaopagecdn.com/P/C/1294/c2/2x/d9f9c483-d864-4330-aefe-eba8bdff2f03
287,두번째 집,완결,,우리 집은 이런 집이 될 수 없다,카카오웹툰,https://kr-a.kakaopagecdn.com/P/C/1358/c2/2x/dfc0fa5d-b526-48f2-9387-d75e1ad2da9b
288,라그나로크,완결,,게임 라그나로크 온라인 브랜드 웹툰. 잊혀진 자들을 위한 진혼곡이 시작된다!,카카오웹툰,https://kr-a.kakaopagecdn.com/P/C/1394/c2/2x/6be022de-ec82-4846-9f83-62653b5090d5
289,아이쇼핑,완결,,"부모에게 살해당한 아이들, 그들의 복수가 시작된다.",카카오웹툰,https://kr-a.kakaopagecdn.com/P/C/1334/c2/2x/4529b134-9e2c-43d6-bd3b-6bbd6c183854
290,매생이가 나타났다,완결,,연애만 빼고 다 잘하는 여대생 도형에게 들이닥친 초록색 그것 ? 과의 파란만장 하숙 생활. 만화공모대전3 우수상 수상작,카카오웹툰,https://kr-a.kakaopagecdn.com/P/C/1286/c2/2x/00e8ca35-1a06-4081-977b-742e55721a79
291,어른의 취미,완결,,"조선의 미를 지켜온 장인의 후손인 영우 따뜻한 심성의 소유자로 누구에게나 곁을 잘 주는 강아지 같은 성격이다. 스무 살이 되던 해, 집안 어른들이 정해놓은 서방님 인 슬우와 결혼을 하기 위해 찾아가고, 아슬아슬한 동거를 하게 된다. 배우인 슬우는 고양이 같은 성격으로 아픔을 속으로 묵묵히 참으며 남들에게도 매정하리만치 냉정 하다. 톱스타 하윤과 이미 열애중인 상태로 널리 알려져 있는 슬우는 끊임없이 상처 를 주는 하윤을 떠나고 싶어하면서도 어쩔 수 없이 하윤에게서 벗어나지 못한다. 하지만 영우의 진심에 점점 마음을 열게 되는 슬우. 도중에 배우로서의 수명이 끝날 뻔 한 위기를 맞지만 옥봉 덕에 간신히 벗어난다. 비록 옥봉과의 첫만남은 이상했지만 자신의 가능성을 보고 믿어준 옥봉을 믿고 슬우는 그녀와 새로운 매니지먼트 계약을 하게 된다. 새로운 영화를 시작하기 위해 얽히고설킨 관계들을 애써 정리해나가는 중, 영우는 슬우와 자신의 결혼과 관계된 계약 에 대해 알게 되고, 슬우를 떠나버리게 되는데....",카카오웹툰,https://kr-a.kakaopagecdn.com/P/C/1416/c2/2x/a9db529f-54b6-4fdd-9642-b9399c46f0dd
292,금빛도깨비 쿠비,완결,,"사라진 엄마를 찾아 떠난 소녀가 만난 놀라운 세계, 그리고 어디서도 보지 못한 도깨비들의 비밀은?",카카오웹툰,https://kr-a.kakaopagecdn.com/P/C/1293/c2/2x/414949b2-0533-46d1-ade5-b2b9832b33fe
293,옥탑의 전설,완결,,"다운 옥탑, 극한의 자취방 생존기! 저 그냥, 하게 해주세요!!",카카오웹툰,https://kr-a.kakaopagecdn.com/P/C/1316/c2/2x/faa44715-38ee-4a6e-9a4a-c2579b2d161c
294,가딩 : 그녀는 나의 웬수,완결,,14살 때 죽은 친구가 수호신이 되어 연애를 방해한다? 다사다난한 모태솔로 탈출 이야기,카카오웹툰,https://kr-a.kakaopagecdn.com/P/C/1233/c2/2x/531bc267-de78-4bd6-9452-b92efd971864
295,대새녀의 메이크업 이야기,완결,,화장 못한다고 까인 새내기 김경아의 두근두근 로맨스 메이크업 이야기!,카카오웹툰,https://kr-a.kakaopagecdn.com/P/C/1220/c2/2x/65fe57b7-d8e5-442a-aa16-a81e019292d1
296,월령관 살인사건,완결,,"100여 년 전, 의문의 살인사건이 벌어졌던 낡은 서양식 저택에서 또 다시 사건이 일어난다!",카카오웹툰,https://kr-a.kakaopagecdn.com/P/C/1305/c2/2x/4d974082-966c-4da7-b8c9-164fb4e140e6
297,사랑스러운 복희씨,완결,,언젠가는 이 사랑이 이루어질까요? 조금은 서투른 그들의 짝사랑 탈출기,카카오웹툰,https://kr-a.kakaopagecdn.com/P/C/1275/c2/2x/a99fa3eb-c5e2-4645-b228-3fd037246a4b
298,게임회사 여직원들,완결,,게임을 만드는 여직원들의 게임같은 이야기,카카오웹툰,https://kr-a.kakaopagecdn.com/P/C/1135/c2/2x/f19342e6-855b-4079-b65e-ee7227b66465
299,풍뎅이뎅이,완결,,저를 봐도 밟지마세요! 그냥 풍뎅이일 뿐이니까요!,카카오웹툰,https://kr-a.kakaopagecdn.com/P/C/878/c2/2x/f0f5f71d-54e3-48aa-98b8-47a490fe8c59
300,라디오 갤럭시,완결,,인간의 마음에 방송을 하는 기상천외한 세계 라디오 갤럭시를 무대로 펼쳐지는 우주 활극!,카카오웹툰,https://kr-a.kakaopagecdn.com/P/C/1357/c2/2x/9195b108-aae3-4774-84d0-d1fcabf1c040
301,저택의 주인,완결,,외딴섬의 저택. 아이들이 찾아오고 저택의 분위기는 급변하게 된다.,카카오웹툰,https://kr-a.kakaopagecdn.com/P/C/1333/c2/2x/81276686-d23e-47d6-8902-bc8e5f4fa26e
302,블랙 마리아,완결,,난데없이 쏟아지는 외계인들의 재난에 대처하는 지구인경찰의 수난기!,카카오웹툰,https://kr-a.kakaopagecdn.com/P/C/109/c2/2x/60b39256-bc5f-4d94-9316-d376df8dd294
303,살아말아,완결,,"사랑 없는 결혼 생활에 지친 노부부, 다시 그 때로 돌아간다면?",카카오웹툰,https://kr-a.kakaopagecdn.com/P/C/1223/c2/2x/3a7dd574-a91a-46f2-ae12-9a5c59e23bc9
304,바퀴벌레,완결,,생존에 최적화된 바퀴벌레처럼,카카오웹툰,https://kr-a.kakaopagecdn.com/P/C/1300/c2/2x/200d31b7-c0c4-4374-948c-7d66e397659b
305,인천상륙작전,완결,,해방에서 한국전쟁까지. 격동기를 살아간 사람들의 이야기,카카오웹툰,https://kr-a.kakaopagecdn.com/P/C/1344/c2/2x/d96dd06b-6bad-400a-a248-f47edf985637
306,고교대장부,완결,,왕년에 주먹 좀 날리던 그가 돌아왔다?,카카오웹툰,https://kr-a.kakaopagecdn.com/P/C/1267/c2/2x/a0befd25-4187-40e3-afa4-e0ce2bf52b30
307,달콩분식,완결,,작은 분식집에서 펼쳐지는 달콤한 연애소동,카카오웹툰,https://kr-a.kakaopagecdn.com/P/C/1317/c2/2x/5e7ce11f-c841-4fb6-8fda-21be5fef94c7
308,어떤 거짓말,완결,,난 나를 위해 너를 사랑한다. 이기적인 그들의 위선과 사랑,카카오웹툰,https://kr-a.kakaopagecdn.com/P/C/1353/c2/2x/0a09a56d-5319-415b-8824-e1e3e769594d
309,음양사,완결,,"고려의 소년 병사 설봉 과 기억을 잃은 음양사 세이메이 의 무인도 조우, 위험에 빠진 마을을 구하라",카카오웹툰,https://kr-a.kakaopagecdn.com/P/C/1377/c2/2x/4be9bbcc-61d8-4037-aae0-9cd2b3ba9920
310,일진의 크기,완결,,"화제의 작품 일진의 크기 그 마지막 이야기, 파이널!",카카오웹툰,https://kr-a.kakaopagecdn.com/P/C/1024/c2/2x/d1182122-facb-48b5-bd49-9a394f40fc85
311,웹툰작가 살인사건,완결,,"웹툰 작가가 죽었다. 용의자는 셋, 과연 그를 죽인 진짜 범인은 누구일까?",카카오웹툰,https://kr-a.kakaopagecdn.com/P/C/1380/c2/2x/3e3cc305-86ad-453d-9ec6-a2cbcb2017cc
312,가디언즈 오브 갤럭시 : 죽음의 보석,완결,,"다음웹툰과 의 두 번째 콜라보 웹툰. 지구에는 어벤져스 , 우주엔 가.오.갤 이 있다!",카카오웹툰,https://kr-a.kakaopagecdn.com/P/C/1362/c2/2x/228f88c1-22b2-4685-942d-ea6ea8f7ea5c
313,장산범 : 거부할 수 없는 목소리,완결,,3년 전 죽었던 그녀에게서 전화가 걸려왔다.,카카오웹툰,https://kr-a.kakaopagecdn.com/P/C/1371/c2/2x/4c8f18c3-6d74-4ce3-98f7-fae16fd2db4f
314,썸머드림,완결,,"남들과 조금 다른, 그렇기에 더 특별한 한 소년의 성장기",카카오웹툰,https://kr-a.kakaopagecdn.com/P/C/1191/c2/2x/a88dffab-3b14-45cd-be7c-075f6366ae9e
315,마샬아츠,완결,,부산에서 전학 온 문제아 황민도가 종합격투기에 도전하는 청춘 열혈 스포츠 만화!,카카오웹툰,https://kr-a.kakaopagecdn.com/P/C/1164/c2/2x/b4929413-f1b5-4f63-a2fe-c785535d7ac4
316,궁상가족,완결,,이토록 구질구질한 가족은 없었다! 돼지 핍 과 궁상가족의 우여곡절 이야기,카카오웹툰,https://kr-a.kakaopagecdn.com/P/C/1266/c2/2x/154c275d-8db7-418d-988a-832c3609f8f8
317,도플,완결,,난 두명이 되었고 5년 동안 아무일도 일어나지 않았다. 바로 지금까진...,카카오웹툰,https://kr-a.kakaopagecdn.com/P/C/1232/c2/2x/a0f25fd1-10b1-47f5-b23f-167edd54cd06
318,랫츠,완결,,"우리 곁을 둘러싼 수많은 사건 사고들, 나는 얼만큼 무뎌져 있는가?",카카오웹툰,https://kr-a.kakaopagecdn.com/P/C/1193/c2/2x/770b8c7b-fd19-4160-ae0e-e61f93720ebd
319,아 지갑놓고나왔다,완결,,"2017 오늘의 우리만화 수상작. 엄마와 딸, 죽음 이후 두 사람이 살아가는 이야기",카카오웹툰,https://kr-a.kakaopagecdn.com/P/C/1195/c2/2x/25042ad8-8680-438f-b52f-05cee49ab015
320,로렌스를 구해줘,완결,,재벌들이 향락을 즐기는 연회장. 우리는 그 곳에서 일한다.,카카오웹툰,https://kr-a.kakaopagecdn.com/P/C/1278/c2/2x/84a1af97-146a-4524-8e77-ef6dc46279a0
321,못 잡아먹어 안달,완결,,쌍둥이 남매의 대수롭지 않은 일상,카카오웹툰,https://kr-a.kakaopagecdn.com/P/C/1130/c2/2x/1e64098f-cb9f-4cec-a032-3eed04df62e0
322,용이라고 불러줘,완결,,용이 되고 싶은 이무기의 복수를 빙자한 사랑 이야기,카카오웹툰,https://kr-a.kakaopagecdn.com/P/C/1325/c2/2x/32b1d778-987b-46f8-9fcd-169845d9e81b
323,Dr.브레인,완결,,천재적인 뇌과학자가 죽은 사람의 뇌에 접속하며 겪게되는 사건들,카카오웹툰,https://kr-a.kakaopagecdn.com/P/C/1315/c2/2x/d24dd56e-a2b7-4893-af1e-d0e62d7f4d90
324,트레져헌터3,완결,,"연단술사와 연금술사의 전쟁, 트레져헌터 최종장 오픈!",카카오웹툰,https://kr-a.kakaopagecdn.com/P/C/920/c2/2x/f4edcc9c-a14b-457e-bba5-5797121dd0f5
325,에비츄,완결,,까망베르 치즈와 아이스크림을 좋아하는 에비츄의 소소한 ? 이야기,카카오웹툰,https://kr-a.kakaopagecdn.com/P/C/1311/c2/2x/78578500-48e4-47d0-8078-040dfb3023c3
326,당신의 소원은 무엇입니까,완결,,소원을 들어주는 나무가 있다?! 귀여운 소원 나무 신령과 까칠 소녀의 좌충우돌 힐링판타지,카카오웹툰,https://kr-a.kakaopagecdn.com/P/C/1324/c2/2x/d803072f-e516-4f3f-abbc-d6d26b538aba
327,술꾼도시처녀들,완결,,술꾼들을 위한 본격 음주 일상툰. 경고 지나친 음주는 건강을 해칠 수 있습니다,카카오웹툰,https://kr-a.kakaopagecdn.com/P/C/1090/c2/2x/a7196c08-8d4f-475c-bdf5-10ca6cb9cc20
328,애프터눈 히어로즈,완결,,1급 비밀. 한국형 소녀 히어로가 나타났다!,카카오웹툰,https://kr-a.kakaopagecdn.com/P/C/1032/c2/2x/5cab2366-4936-4ec8-a8e4-1a9275476a9b
329,키스앤코리아,완결,,"1919년, 영국인 화가 엘리자베스 키스 . 미지의 나라 조선을 여행하다.",카카오웹툰,https://kr-a.kakaopagecdn.com/P/C/1272/c2/2x/3e98b004-be3b-40f6-a050-4bc8099c21d8
330,부암동 복수자 소셜클럽,완결,,평범한 세 여자의 특별한 복수. 온라인 만화공모대전 장려상 수상,카카오웹툰,https://kr-a.kakaopagecdn.com/P/C/1122/c2/2x/cda721c1-460f-45c2-816e-67a6c2770715
331,70,완결,,"정전 70년 이후, 내 나라 조국은 없다. 웹툰 최초 밀리터리 극화.",카카오웹툰,https://kr-a.kakaopagecdn.com/P/C/1000/c2/2x/c12c1a52-1c5a-4e69-abbe-476f54d54c54
332,아스팔트 정원,완결,,예전의 지위를 되찾기 위해 분투하는 소녀의 이야기,카카오웹툰,https://kr-a.kakaopagecdn.com/P/C/1172/c2/2x/01e06277-57d0-4070-8196-14fb2e4b4d98
333,"어쩌면, 사랑",완결,,"사랑이란 뭘까? 고민하는 고등학생 우영, 담임 선생님 석훈을 만나 찾아가는 감정의 정의",카카오웹툰,https://kr-a.kakaopagecdn.com/P/C/1256/c2/2x/eb990dd3-9921-4731-8a6b-2f04bca8bf6a
334,빅토리아처럼 감아차라,완결,,"축구계의 방랑자, 구연산. 위기에 처한 대표팀의 구세주로 등극할 것인가!",카카오웹툰,https://kr-a.kakaopagecdn.com/P/C/1279/c2/2x/f43801b0-6fa0-41f7-8d90-55eca0c39209
335,신시,완결,,12개의 시간으로 세상을 지배하는 십이지신. 동물 신들의 버라이어티한 배틀!,카카오웹툰,https://kr-a.kakaopagecdn.com/P/C/1092/c2/2x/6cb20c0d-721b-442a-890f-ff8d68344713
336,조상님이 돌아왔다,완결,,실수로 조상님을 불러냈다. 이 분을 무사히 돌려보내려면..?!,카카오웹툰,https://kr-a.kakaopagecdn.com/P/C/1226/c2/2x/192b5467-a96a-4206-8fe3-8ab96dcfa191
337,작약만가 : 서리꽃,완결,,"후궁이라는 미명 하에 칼을 두른 여인들, 탐욕과 공포 아래 나는 이 황궁에서 살아남을 수 있을까? 만화공모대전3 최우수 수상작",카카오웹툰,https://kr-a.kakaopagecdn.com/P/C/1287/c2/2x/4483762b-d373-46ca-b605-64d2a0e34995
338,19년 뽀삐,완결,,장발머리 병걸이 곁엔 뽀삐가 언제나 함께 있다,카카오웹툰,https://kr-a.kakaopagecdn.com/P/C/1243/c2/2x/2d3746be-7c22-46c3-bf5c-365280df2be4
339,아시안 하이웨이,완결,,"대륙으로 이어진 길, 그 희망의 길 위에서 펼쳐지는 처절한 사투",카카오웹툰,https://kr-a.kakaopagecdn.com/P/C/1231/c2/2x/f9e239c7-2c42-4f80-8f65-7635ac671266
340,세자전,완결,,천운을 타고난 귀한집 자식. 조선시대 세자들의 치열한 경쟁!,카카오웹툰,https://kr-a.kakaopagecdn.com/P/C/1063/c2/2x/7d0a11c8-9486-48d2-bf6a-3af64b48f525
341,그놈은 여고생,완결,,최강 이라 불린 고등학생 최강배. 그가 치마를 입고 여학생이 된 이유는?,카카오웹툰,https://kr-a.kakaopagecdn.com/P/C/1116/c2/2x/de3a60c6-3b04-454f-8625-82640d603e51
342,페이머스맨,완결,,"뺑뺑이 안경에 존재감 없는 아이 유명인, 그가 무대에 오른다.",카카오웹툰,https://kr-a.kakaopagecdn.com/P/C/900/c2/2x/11f85edc-5ec3-4f3d-a17b-d825124a351a
343,놀러와 마이홈,완결,,뚝딱뚝딱 공방에서 심쿵심쿵 로맨스까지 베리의 달콤한 일분일초가 궁금하면? 놀러와 마이홈,카카오웹툰,https://kr-a.kakaopagecdn.com/P/C/1310/c2/2x/b56c3480-b5d0-4acf-8409-9a80ea917f65
344,"회색 방, 소녀",완결,,"이름 없는 소녀의 삶과 죽음, 버림받은 아이들의 비극에 관하여",카카오웹툰,https://kr-a.kakaopagecdn.com/P/C/1224/c2/2x/060108d4-05cb-4233-8558-31f0f879eabf
345,소년 가라사대,완결,,"소년, 소녀를 만나다.. 그리고 그들은 친구가 될까 아니면 첫 사랑이 될까",카카오웹툰,https://kr-a.kakaopagecdn.com/P/C/1246/c2/2x/2648460c-b763-4a94-bfa4-8ae133f4a444
346,무균격리구역 AA아파트,완결,,"불명성 면역결핍증이 유행하는 대한민국, 위기의 청년 와 수수께끼의 아파트",카카오웹툰,https://kr-a.kakaopagecdn.com/P/C/1240/c2/2x/b8c31f26-19d3-4cd4-b52c-0b12240c5f9a
347,밤의 베란다,완결,,너도 나처럼 끊임 없이 절망하고 괴로워 했으면 좋겠어 날 이해 할 수 있게..,카카오웹툰,https://kr-a.kakaopagecdn.com/P/C/927/c2/2x/7f931237-7256-4f8d-bf56-da2a584e5647
348,여우는 같은 덫에 두 번 걸리지 않는다,완결,,"1990년, 아마추어 무선사들의 광장에서 벌어지는 이야기",카카오웹툰,https://kr-a.kakaopagecdn.com/P/C/1274/c2/2x/6947da1f-aeb0-4368-a29e-15be004dd7da
349,부탁해요 이별귀,완결,,연인들의 이별을 관장하는 귀신들의 특별한 커플 브레이킹! 과연 성공할 수 있을까?,카카오웹툰,https://kr-a.kakaopagecdn.com/P/C/1028/c2/2x/4f72f2c2-9e8f-4dbd-9455-ee9aba4e8e5c
350,웰컴 투 고스트시티,완결,,서울시 귀신특별자치구로 파견된 엘리트 공무원의 임무수행기!,카카오웹툰,https://kr-a.kakaopagecdn.com/P/C/1072/c2/2x/840710db-e759-453a-838b-16c771d063cf
351,캐셔로,완결,,"2017 오늘의 우리만화 수상작. 정말로 돈이 곧 힘 이지만, 그러던가 말던가 빈곤한 두 남매 이야기",카카오웹툰,https://kr-a.kakaopagecdn.com/P/C/1197/c2/2x/c6661221-e7ae-4a68-a33e-b8a9b3dbe30b
352,사랑하는 나의 엄마에게,완결,,"엄마는 너를 사랑해, 네가 작은 아기였을 때부터.. 엄마에게 보내는 딸의 소소한 편지",카카오웹툰,https://kr-a.kakaopagecdn.com/P/C/1188/c2/2x/291b38c3-b079-4c17-b5a4-0c67d73dde47
353,하푸하푸,완결,,"애교가 부족할때 보세요, 혀가 짧아지는 만화",카카오웹툰,https://kr-a.kakaopagecdn.com/P/C/1113/c2/2x/84d724dc-8168-4309-b8e8-cebbf844ca96
354,오빠의 향기,완결,,오빠와 나는 3살 차이. 그런데 왜 이렇게 어른처럼 보이는 걸까?,카카오웹툰,https://kr-a.kakaopagecdn.com/P/C/1203/c2/2x/10b7f563-be19-4a41-8517-96caf4bb6795
355,멈춰있는 동안에,완결,,멈춰있는 동안에 찾아온 이야기.만화공모대전2 우수상 수상작.,카카오웹툰,https://kr-a.kakaopagecdn.com/P/C/1214/c2/2x/c9d618b3-4270-4b08-ae4f-718460f5e44c
356,던전오브다단계,완결,,교묘하게 벌어지는 어떤 악몽같은 일에 대하여..,카카오웹툰,https://kr-a.kakaopagecdn.com/P/C/1205/c2/2x/e4a9d0f7-1603-48c8-91ea-1d68b23fce8f
357,우리 집에 사는 남자,완결,,"드라마 이웃집 꽃미남, 호구의 사랑 원작자 유현숙 작가의 신작",카카오웹툰,https://kr-a.kakaopagecdn.com/P/C/1192/c2/2x/fcbabcb3-0777-4a3e-a975-058e2951165c
358,지구방위연구소,완결,,지구 수호의 임무를 띤 연구소에서 펼쳐지는 개그 퍼레이드!,카카오웹툰,https://kr-a.kakaopagecdn.com/P/C/595/c2/2x/f8aa9158-d30e-49cd-a7ec-c6ce023e9f1b
359,더 헌터,완결,,"임진왜란의 처절한 게릴라 혈투, 무등산 매 와 함께 왜군에 맞서다!",카카오웹툰,https://kr-a.kakaopagecdn.com/P/C/1144/c2/2x/ab0d5ed2-8c5b-4ace-8310-9a6c160466ad
360,죽어 마땅한 자,완결,,내게 들려오는 소리... 인간은 벌을 받아야 한다.,카카오웹툰,https://kr-a.kakaopagecdn.com/P/C/1260/c2/2x/637026eb-cef4-4550-bb8d-b921ca2139c9
361,백조만화방,완결,,4년째 취업준비 중인 해밀이 잊혀지던 출판 만화를 통해 전달해주는 희망 메세지,카카오웹툰,https://kr-a.kakaopagecdn.com/P/C/1184/c2/2x/e5826aaa-f489-4d95-9073-ccfe75a725d5
362,아빠는 16세,완결,,"내게 완벽한 삶을 주겠다던 외계인, 그런데 뭔가 이상하다..",카카오웹툰,https://kr-a.kakaopagecdn.com/P/C/1204/c2/2x/e32ecb3a-3253-4ad1-87a7-060425d6f297
363,계마로의 블로그,완결,,"귀여움의 대명사, 웰시코기와 하우스 쉐어! 이 개.. 아니 이분과 잘 지낼 수 있을까?",카카오웹툰,https://kr-a.kakaopagecdn.com/P/C/1119/c2/2x/0229d3b4-d5d4-4994-b5cc-317417a5722b
364,생존인간,완결,,학교는 나의 유일한 안식처였다. 그것 이 나타나기 전까지...,카카오웹툰,https://kr-a.kakaopagecdn.com/P/C/1219/c2/2x/b402957b-912f-4ae1-abb2-87af5d76a7f8
365,집떠난 개고생,완결,,"삶에 지친 남녀의 3주 간의 여행, 그들에겐 무슨 일이?",카카오웹툰,https://kr-a.kakaopagecdn.com/P/C/1249/c2/2x/0ab11291-8f21-4ae0-a635-284b7779de22
366,청춘극장,완결,,누구나 청춘을 산다. 다양한 장르의 이야기를 통해 본 청춘 드라마,카카오웹툰,https://kr-a.kakaopagecdn.com/P/C/1245/c2/2x/d3bea9cd-dde3-4961-a6f7-96d44b848d4d
367,별신마을 각시,완결,,"요괴들만 사는 별신마을, 그속에 나만 인간? 인간 세상으로 돌아가기 위한 기나긴 모험!",카카오웹툰,https://kr-a.kakaopagecdn.com/P/C/1248/c2/2x/e77b03f6-602f-4310-88f8-8ffceb1093b4
368,[특집] 15인의 반전만화,완결,,내가 알던 작가 맞아? 15인 작가의 스타일 대반전!,카카오웹툰,https://kr-a.kakaopagecdn.com/P/C/1268/c2/2x/742c3eb3-3d95-4462-b008-9c5e5062f7cd
369,마야비,완결,,"신들의 봉인이 풀린 아유타국, 마지막 마야비의 전쟁이 시작된다",카카오웹툰,https://kr-a.kakaopagecdn.com/P/C/1238/c2/2x/07958aa4-64eb-4ca6-8df0-8bff2fd7cbf8
370,오버 스팀,완결,,"궁극의 에너지원 드라칸 , 그리고 이를 둘러싼 처절한 제국전쟁!",카카오웹툰,https://kr-a.kakaopagecdn.com/P/C/921/c2/2x/e6b57683-66fc-4789-8e61-5158edbb4bad
371,스타워즈 : 깨어난 포스 그 이전의 이야기,완결,,최고의 우주 대서사시 스타워즈 시리즈 스타워즈 원작 3부작을 웹툰으로!,카카오웹툰,https://kr-a.kakaopagecdn.com/P/C/1200/c2/2x/bf39bc9a-c994-4af3-8d13-03c4d946e0bd
372,장기대출,완결,,인간의 장기를 대출할 수 있다면 어떻게 될까?,카카오웹툰,https://kr-a.kakaopagecdn.com/P/C/1216/c2/2x/6ad857af-2d34-4f1c-bb88-1e69d041d1a5
373,스타캣의 힐링툰,완결,,지친 당신을 스타캣이 살포시 안아드릴게요.,카카오웹툰,https://kr-a.kakaopagecdn.com/P/C/1159/c2/2x/793597b7-1840-4bd5-93e7-e0ea5c0bb20d
374,달세즈,완결,,"빛을 지닌 소년의 이야기, 4월 웹툰리그 당선작",카카오웹툰,https://kr-a.kakaopagecdn.com/P/C/999/c2/2x/93a48f29-3fb5-4f45-87fc-71fc66a773aa
375,아메리칸 유령잭,완결,,세상에서 가장 오싹한 유령 잭 하우스에귀신의 집 딸 마고은이 도전한다!,카카오웹툰,https://kr-a.kakaopagecdn.com/P/C/976/c2/2x/3b5977aa-67e0-4017-8270-5afbe455fa77
376,잡초 이야기 : LIVE,완결,,나는 죽지 않는다. 묵묵히 살아갈 뿐..,카카오웹툰,https://kr-a.kakaopagecdn.com/P/C/1173/c2/2x/9f618eaa-2356-42ca-95ea-b304443956ae
377,무(武)림수사대2,완결,,강호의 운명을 건 사투! 무림수사대 두번째 시즌 무황재림,카카오웹툰,https://kr-a.kakaopagecdn.com/P/C/1073/c2/2x/b4e682a8-da7d-4fd8-baa8-d889fc15babe
378,치삼만화,완결,,"웃대의 전설 치삼, 5년만에 다음웹툰 입성",카카오웹툰,https://kr-a.kakaopagecdn.com/P/C/1095/c2/2x/26c135f6-a65d-4d79-8fee-4867f86eeb2c
379,50픽셀 데이즈,완결,,"게임을 만드는 청춘들의 일상, 성장, 좌충우돌 로맨스 코미디",카카오웹툰,https://kr-a.kakaopagecdn.com/P/C/1196/c2/2x/1f07e2c0-7bcf-47cc-8099-96437d8d5821
380,꽃드림,완결,,"전쟁과 사막화로 황폐화된 근미래, 하지만 그곳에도 꽃집은 있었다!",카카오웹툰,https://kr-a.kakaopagecdn.com/P/C/1071/c2/2x/566bd3da-bc18-425a-9a69-15c34116b261
381,점핑걸,완결,,"녀, 현대판 마녀사냥을 당한 그녀들의 엽기발랄 생존기",카카오웹툰,https://kr-a.kakaopagecdn.com/P/C/1114/c2/2x/874da8d7-75ec-4482-a2d8-b956ed927cef
382,친구엄마,완결,,"나는 좋은 딸이 될 수 있어, 너보다 더..",카카오웹툰,https://kr-a.kakaopagecdn.com/P/C/1186/c2/2x/3f4ec52c-ef48-470a-97a5-b5199a05fdeb
383,용비개천가,완결,,개천에서 사는 거지용과 무미건조한 중2 소녀의 좌충우돌 밥정 이야기.,카카오웹툰,https://kr-a.kakaopagecdn.com/P/C/1198/c2/2x/a89452ca-bbe2-4684-96bc-70bf64ac2d8b
384,조난! 에로로,완결,,때로는 당황스럽게 때로는 흥분되게 영원히 곁에 있어줄 저돌적인 그가 옵니다.,카카오웹툰,https://kr-a.kakaopagecdn.com/P/C/1075/c2/2x/1860ae92-c7bc-4ae3-b1b2-945fdc408d2e
385,귀신,완결,,1924년 북한산. 신이 되고자 했던 그 것은 그 날 죽어야 했다,카카오웹툰,https://kr-a.kakaopagecdn.com/P/C/1117/c2/2x/6c7b3d11-6a9a-48ab-afdf-5fdce60f19e0
386,셜록 : 여왕폐하의 탐정 2,완결,,세계적인 명화가 도난당했다! 홈즈의 형님이 마피아와 분투하는 홈즈와 왓슨을 돕다,카카오웹툰,https://kr-a.kakaopagecdn.com/P/C/1798/c2/2x/6b044ba9-a40f-452d-8b81-67a21ee03550
387,들숨날숨,완결,,죽음을 그리는 한 남자의 이야기,카카오웹툰,https://kr-a.kakaopagecdn.com/P/C/1100/c2/2x/f77acd10-7cb0-4844-ae95-cb977cb4cf30
388,파인,완결,,범죄자들을 모아 신안앞바다 보물을 도굴하려는 근면성실 악당 이야기,카카오웹툰,https://kr-a.kakaopagecdn.com/P/C/1109/c2/2x/9ead54be-81e2-42a5-8dcd-d800c510298a
389,지하철도의 밤,완결,,"서울의 중심 지하철 2호선, 매일 그곳을 방황하는 당신에 대한 이야기",카카오웹툰,https://kr-a.kakaopagecdn.com/P/C/1199/c2/2x/ca0fda9f-ea44-4a61-ae29-338d5510a711
390,하윤의 죄,완결,,"동급생을 죽인 소년, 그리고 소년을 추격하는 형사의 충격 스토리",카카오웹툰,https://kr-a.kakaopagecdn.com/P/C/1110/c2/2x/213f9868-9099-4799-8f26-7047d38886b9
391,연애가 제일 쉬웠어요,완결,,말썽 피우면 호랑이한테 시집보낸다! 그 말 누가 믿냐고? 뒷산에 살던 호랑이가 믿죠,카카오웹툰,https://kr-a.kakaopagecdn.com/P/C/1098/c2/2x/54adbdc0-d41c-4c8e-861e-848b6d169d99
392,하숙집 도로시,완결,,하숙집에 엉겨서 살게 된 동화 속 주인공들..제발 다시 돌아가줘,카카오웹툰,https://kr-a.kakaopagecdn.com/P/C/1005/c2/2x/08c2f1a2-e040-4b13-9865-f55a88fb747a
393,데미지 오버 타임,완결,,괴생명체 출현으로 고립된 군부대. 집단을 꾸려 살아보려는 이들의 운명은?,카카오웹툰,https://kr-a.kakaopagecdn.com/P/C/1097/c2/2x/b1512344-77d9-4a40-84c1-6abbb9b6eab8
394,소소한가,완결,,가족들도 모르는 가족들의 진짜 이야기를 들려드립니다,카카오웹툰,https://kr-a.kakaopagecdn.com/P/C/932/c2/2x/8f0832b3-3bce-41ff-ba41-767aca6e0c18
395,관찰인간,완결,,이사 온 옆집 남자가 수상하다. 아귀 작가 신작,카카오웹툰,https://kr-a.kakaopagecdn.com/P/C/1118/c2/2x/25c132c2-56ec-4fa1-b6dd-ef5e389bb735
396,까칠한 임작가의 만화그리기,완결,,"슈퍼우먼, 임강혁 작가의 소소한 그림 팁!",카카오웹툰,https://kr-a.kakaopagecdn.com/P/C/1174/c2/2x/7f8b98a7-fc12-45f3-80bb-3283cb777349
397,PT맨 강코치,완결,,"남자들이여, 맨 강코치와 근육을 만들어봅시다.",카카오웹툰,https://kr-a.kakaopagecdn.com/P/C/1091/c2/2x/32372438-fb5f-4104-a2f6-f3f6f14f8c5f
398,동네의사 닥터쿡,완결,,동네의사 동강과 요리사 봉식의 좌충우돌 시끌벅적한 동거가 시작된다.,카카오웹툰,https://kr-a.kakaopagecdn.com/P/C/1104/c2/2x/db7d07bd-5925-4484-bb02-124128b29402
399,찡한 일상단편,완결,,"하루하루가 찡한 나와 내 친구, 가족의 공감 일상",카카오웹툰,https://kr-a.kakaopagecdn.com/P/C/1170/c2/2x/1affa925-4822-4fa0-bb08-c60899fd8028
400,엘리베이터에 낀 그 남자는 어떻게 되었나,완결,,의지를 가지고 운명을 극복하려는 남자와 운명에 순응하는 또다른 남자의 이야기,카카오웹툰,https://kr-a.kakaopagecdn.com/P/C/1181/c2/2x/58276ef9-cb7b-429e-9036-974b66edaffd
401,오늘은 자체 휴강,완결,,게으른 자 함부로 욕하지 말라. 너는 누구에게 한 번도 게으른 적이 없었느냐,카카오웹툰,https://kr-a.kakaopagecdn.com/P/C/970/c2/2x/be6d960c-e985-417b-9f8a-70a7a1a20c8b
402,에스탄시아 3,완결,,"만화창작집단 풍경의 대작. 에스탄시아, 세번째 이야기!",카카오웹툰,https://kr-a.kakaopagecdn.com/P/C/1065/c2/2x/39ff91b3-9aac-4e1c-8377-4aae09810a32
403,늑대처럼 울어라,완결,,살기 위해 싸움을 선택한 남자들!,카카오웹툰,https://kr-a.kakaopagecdn.com/P/C/910/c2/2x/3fe8f843-0476-49e4-887d-2357673f16db
404,안녕! 바북아,완결,,"평생을 함께 할 수 있는 반려동물, 바북이 이야기",카카오웹툰,https://kr-a.kakaopagecdn.com/P/C/1178/c2/2x/cd5e55c6-6555-449e-9c05-de6e02587e71
405,괴담콜렉터,완결,,돈 많은 사이코패스를 감동시킬만한 이야기는 무엇일까?,카카오웹툰,https://kr-a.kakaopagecdn.com/P/C/1165/c2/2x/d04f4798-99a5-4925-827d-b31b06f82cc6
406,에이스 하이,완결,,4년 만에 돌아온 . . 이번에는 출격할 것인가,카카오웹툰,https://kr-a.kakaopagecdn.com/P/C/1146/c2/2x/cfa2539d-ec3f-4fd0-ab37-bd40988056b8
407,어벤져스 : 일렉트릭 레인,완결,,전세계 최초 마블 공식 웹툰 어벤져스 일렉트릭 레인 다음 독점 연재,카카오웹툰,https://kr-a.kakaopagecdn.com/P/C/1138/c2/2x/d6e5850d-f535-489d-a143-d28f65a48e42
408,상상고양이,완결,,"인간과 고양이... 같은 상황, 다른 생각! 두둥!",카카오웹툰,https://kr-a.kakaopagecdn.com/P/C/1094/c2/2x/c62902a2-661e-46e4-b0c9-90922dc79200
409,도대체 무슨 일이야,완결,,열살 소녀가 되어 버린 안나와 연하남 일우의 기상천외한 동거,카카오웹툰,https://kr-a.kakaopagecdn.com/P/C/1123/c2/2x/318ccd8d-d891-47ec-b4e2-211874316c64
410,그녀와 32분의 1,완결,,"설레는 마음으로 맡은 첫 담임, 그런데 우리 반은 뭔가 이상하다...?",카카오웹툰,https://kr-a.kakaopagecdn.com/P/C/1070/c2/2x/137d4afb-b268-4517-bb57-ff4b02b29d1c
411,지킬박사는 하이드씨,완결,,지금까지와는 전혀 다른 이충호 스타일을 만나다!,카카오웹툰,https://kr-a.kakaopagecdn.com/P/C/675/c2/2x/f4d10559-92e2-486d-9e3e-7a483e867bab
412,하이드,완결,,한 소녀의 죽음을 둘러싸고 벌어지는 두 인격의 대립. 과연 게임의 승자는 누가 될 것인가?,카카오웹툰,https://kr-a.kakaopagecdn.com/P/C/1289/c2/2x/cf1fd514-bbbb-471d-9913-1cf4621d6472
413,암묵적 동의,완결,,"바이오공학이 발달한 근 미래 서울, 그곳에 거대한 음모가 숨어있다!",카카오웹툰,https://kr-a.kakaopagecdn.com/P/C/1077/c2/2x/e6cc27c0-0503-4779-ba30-4c112bb03085
414,호구의 사랑,완결,,나는 지금 제대로 된 사랑을 하고 있을까?,카카오웹툰,https://kr-a.kakaopagecdn.com/P/C/935/c2/2x/5901c6c7-0a34-417b-9672-3ba5c8829e5a
415,슈퍼스타 마광길,완결,,무엇을 상상하든 그 이상을 보게된다. 신개념 병맛 판타지액션드라마,카카오웹툰,https://kr-a.kakaopagecdn.com/P/C/1102/c2/2x/1a2fbb76-62d4-4850-8ebb-5b17fa5214b1
416,순간,완결,,평범한 일상에서도 심장이 움직이는 순간이 있습니다. 그 순간을 기억하시나요?,카카오웹툰,https://kr-a.kakaopagecdn.com/P/C/1067/c2/2x/5ec56b68-97f8-4c95-9cf3-62131da222a5
417,괴물 같은 아이돌,완결,,"이 멋진 남자들, 괴물 같은 아이돌? 아이돌 같은 괴물?",카카오웹툰,https://kr-a.kakaopagecdn.com/P/C/905/c2/2x/1bf1253e-2041-486d-b245-e673f145aff5
418,부엉이 식당,완결,,귀신들이 영업하는 식당으로 초대합니다!,카카오웹툰,https://kr-a.kakaopagecdn.com/P/C/1038/c2/2x/aecc296a-7149-43d7-8eef-d0b8a800fcc5
419,취미학배틀,완결,,"외국산 오타쿠는 가라, 대한민국은 취미학 배틀이다!",카카오웹툰,https://kr-a.kakaopagecdn.com/P/C/847/c2/2x/634d3874-fb4a-4390-8ec1-e3f649ad942e
420,모험의 꿈동산,완결,,모두가 원하는 궁극의 놀이기구를 개발하라!,카카오웹툰,https://kr-a.kakaopagecdn.com/P/C/1045/c2/2x/ac512b5a-05f3-42b8-829b-601a6a9d2fbd
421,이장본색,완결,,파워농촌 대왕리에서 펼쳐지는 농력의 향연!!,카카오웹툰,https://kr-a.kakaopagecdn.com/P/C/870/c2/2x/35b5a547-c5f1-4f98-99c4-2e6b4110b3d5
422,연무,완결,,도시 전체가 숨죽인 화이트 아웃. 무조건 살아남아야한다. 삶은 계속되어야 한다.,카카오웹툰,https://kr-a.kakaopagecdn.com/P/C/1037/c2/2x/9aac2801-21a3-4bb0-aebc-81bf4bdf143c
423,언더시티2,완결,,"가상현실게임 언더시티에서 위험에 빠진 유저들, 무사히 로그아웃 할 수 있을 것인가",카카오웹툰,https://kr-a.kakaopagecdn.com/P/C/1052/c2/2x/ed5844e6-b603-498e-b367-07c8c484685d
424,동재네 식구들,완결,,"마흔 중반의 동재와 그의 식구들, 그들이 만들어가는 조금은 다른 이야기",카카오웹툰,https://kr-a.kakaopagecdn.com/P/C/866/c2/2x/a0d13005-0e87-41b8-869c-7522750f9623
425,개와 토끼의 주인,완결,,메트로놈 이원진 작가의 조금은 다른 반려동물 이야기,카카오웹툰,https://kr-a.kakaopagecdn.com/P/C/855/c2/2x/c685fad5-1af0-47e6-a1eb-8e9ee67c2f7e
426,로봇이 상냥해,완결,,"2085년 화성의 밤, 그녀를 지키려는자, 구하려는 자",카카오웹툰,https://kr-a.kakaopagecdn.com/P/C/1041/c2/2x/1a08827e-5423-4f10-8b82-6f8fbd29f12a
427,신사의 집,완결,,당신의 남자를 위한 맞춤 양복점,카카오웹툰,https://kr-a.kakaopagecdn.com/P/C/1040/c2/2x/a7bcb0af-fe14-4a8d-bf78-cb7b276834f8
428,즐거운 나의 집,완결,,서울대 다니는 나태한의 개인 다큐,카카오웹툰,https://kr-a.kakaopagecdn.com/P/C/1029/c2/2x/dca44a90-2857-48ea-9acf-a0d1a540e2cb
429,모르모트 인 더 시티,완결,,"개성 넘치는 모르모트들의 실험실 탈출, 그러나 또 이상한 곳으로 와버린 듯?",카카오웹툰,https://kr-a.kakaopagecdn.com/P/C/1086/c2/2x/ea34471d-cb04-4968-b939-886ad231108a
430,장난감의 사정,완결,,철없는 장난으로 시작된 삼각관계. 너만 사라지면 돼,카카오웹툰,https://kr-a.kakaopagecdn.com/P/C/1096/c2/2x/93834566-9d29-4e1a-8e04-7afaae9e172f
431,셜록 : 여왕폐하의 탐정 1,완결,,19세기 가상의 국가에서 셜록 홈즈가 왓슨과 협력하여 각종 사건을 풀어나간다!,카카오웹툰,https://kr-a.kakaopagecdn.com/P/C/1087/c2/2x/507db4ea-ec25-4e1d-8e88-97d366170f22
432,제비전,완결,,"까칠한 흥부와 왕자병 놀부, 두 형제 사이에 낀 제비의 험난한 은혜 갚기!",카카오웹툰,https://kr-a.kakaopagecdn.com/P/C/895/c2/2x/fac0af6f-48e3-40ef-ab16-18571e58e4b7
433,아네미아,완결,,피가 모자란 사람들에 관한 4가지 단편 옴니버스,카카오웹툰,https://kr-a.kakaopagecdn.com/P/C/1011/c2/2x/965151d9-ca8e-4c93-8c83-556a8b35e067
434,한성 1905,완결,,"1905년 제국수도 한성, 검과 총이 충돌하는 본격 개화기 공상활극",카카오웹툰,https://kr-a.kakaopagecdn.com/P/C/929/c2/2x/bfa1e0e0-4820-4e4e-8c07-2f83b479545a
435,팬더댄스,완결,,"중국 본토 캐릭터들을 압도한 토종 캐릭터 팬더댄스의 귀환! 뽀얀 찹쌀떡 같은 동그란 머리통에 도무지 속을 알 수 없게 지그시 뜬 눈. 상대의 황당함과 뒷골 땡김은 안중에도 없는 통쾌한 마이 페이스, 팬더댄스! 음식과 언어, 문화, 철학과 과학, 그리고 자연과 우주를 넘나드는 팬더댄스와 왕구리의 문답 여행! 황당하면서도 묘하게 논리적인 팬더댄스의 말빨을 기대하시라!",카카오웹툰,https://kr-a.kakaopagecdn.com/P/C/93/c2/2x/8b93f4b2-9459-46cc-a46f-21e62b84eb2b
436,은밀하게 위대하게2,완결,,은밀하게 위대하게 두 번째 침투가 시작된다! 은밀하게 위대하게 그리고 유일하게!,카카오웹툰,https://kr-a.kakaopagecdn.com/P/C/1019/c2/2x/83f2af96-a031-420e-80df-1f3cc696f02c
437,여행해도 똑같네,완결,,"캐러멜, 네온비 부부 동구와 자동차 여행을 떠나다!",카카오웹툰,https://kr-a.kakaopagecdn.com/P/C/1093/c2/2x/76c1e1ca-5092-4915-9492-872d4b72db83
438,루드비코의 만화일기,완결,,작가 루드비코의 솔직한 이야기..일상툰은 이런 것이다!,카카오웹툰,https://kr-a.kakaopagecdn.com/P/C/938/c2/2x/13a45fd3-9407-40fd-9126-92eeddb1d618
439,마왕을 위한 동화,완결,,"지위도 명예도 버렸다..하지만 상관없다, 너를 가질 수만 있다면",카카오웹툰,https://kr-a.kakaopagecdn.com/P/C/666/c2/2x/eae98b16-e4de-4177-9eb3-dbfcde71dc22
440,육갑 : 여섯개의 갑,완결,,"여긴 어디? 난 누구? 6명의 기억상실자, 알고 보니 극강의 오감을 가졌다!",카카오웹툰,https://kr-a.kakaopagecdn.com/P/C/1060/c2/2x/07f3f59b-1081-4a0b-a099-74c0fc91ac1d
441,포코알레그레토,완결,,시립교향악단과 함께하는 따뜻한 음악 이야기,카카오웹툰,https://kr-a.kakaopagecdn.com/P/C/1088/c2/2x/e4314e50-9da6-4b62-a535-badeaacbd3d0
442,망치를 부수는 변호사,완결,,시골 다운타운에서 벌어지는 젊은 변호사의 미스테리 법정 드라마,카카오웹툰,https://kr-a.kakaopagecdn.com/P/C/924/c2/2x/bdf24c3e-63b3-4ddc-98ff-e8d809bb59ed
443,꽃처럼 산다,완결,,20 30대가 폭풍공감할 꽃집에 얽힌 에피소드,카카오웹툰,https://kr-a.kakaopagecdn.com/P/C/1013/c2/2x/4e68110f-569b-40ea-b128-16e0fd929114
444,쓸개,완결,,어느 날 내게 대단한게 생겼다..바로 순금 370 !,카카오웹툰,https://kr-a.kakaopagecdn.com/P/C/972/c2/2x/202c1c95-5de8-4291-9677-b171d407d2e5
445,공긔 엇더하니잇고,완결,,"그래, 결정했어! 나는 열심히 노력해서 공기학과를 갈거야!",카카오웹툰,https://kr-a.kakaopagecdn.com/P/C/1009/c2/2x/0549972a-3d4f-42ca-9b98-1933f441f989
446,지구 전세냈냐,완결,,외계인들의 커밍아웃 시작! 지구 전세내셨어요?,카카오웹툰,https://kr-a.kakaopagecdn.com/P/C/957/c2/2x/cd9ebee1-ab46-4d42-801c-efc7f471f57f
447,카산드라,완결,,그대는 미래를 보겠지만 아무도 믿지 않으리라! 아폴론의 저주를 받은 카산드라 왕녀,카카오웹툰,https://kr-a.kakaopagecdn.com/P/C/862/c2/2x/3a76e923-3f18-4f1e-86e5-769b4c8bc067
448,빌어먹을 것들,완결,,"유쾌한 노숙자들의 살인사건 해결기, 5회 다음만화공모전 장려상 수상",카카오웹툰,https://kr-a.kakaopagecdn.com/P/C/1001/c2/2x/6f96f24c-0a4a-4d2a-b9e2-e22787a38271
449,명탐정 포우,완결,,풀리지 않는 사건의 실마리를 찾는 사설 탐정 사무소의 이야기,카카오웹툰,https://kr-a.kakaopagecdn.com/P/C/1007/c2/2x/f32dee6d-f7f3-42f4-9561-260df79483bb
450,동거,완결,,"어서와, 이런 커플은 처음이지? 찌질한 자취생 뱀파이어, 곰의 동거 생활",카카오웹툰,https://kr-a.kakaopagecdn.com/P/C/1008/c2/2x/85eee5be-8ce0-4c98-b12f-96427cdf5ab4
451,기세기세2,완결,,기네스 세계기록 세우기! 기상천외한 그 두번째 이야기!,카카오웹툰,https://kr-a.kakaopagecdn.com/P/C/980/c2/2x/2050c683-a35c-4fde-b38f-2fb307eb7a98
452,러브메이커,완결,,"12월, 눈 내리던 그날 밤 나는 큐피트를 만났다. 4회 다음공모전 최우수상작",카카오웹툰,https://kr-a.kakaopagecdn.com/P/C/897/c2/2x/762c937a-4157-4078-afbf-480d555d41e9
453,더 퀸 : 침묵의 교실,완결,,"여왕이 지배하는 교실, 우리는 정말 평등하기를 바라는가",카카오웹툰,https://kr-a.kakaopagecdn.com/P/C/937/c2/2x/8b372362-ec28-460b-8213-7459533d4533
454,삼풍,완결,,1995년 6월 29일. 그들은 삼풍의 잔해 속에 묻혀 있었다.,카카오웹툰,https://kr-a.kakaopagecdn.com/P/C/959/c2/2x/788a2787-14e6-479e-af51-a179a5ce142c
455,탐묘인간,완결,,고양이의 모든 것이 사랑스러워.. 당신도 나와 같은가요?,카카오웹툰,https://kr-a.kakaopagecdn.com/P/C/798/c2/2x/ba293af3-3063-4fb5-9a58-539d120fea04
456,외발로 살다,완결,,"각자의 삶을 건 싸움, 처절한 복수가 시작된다!",카카오웹툰,https://kr-a.kakaopagecdn.com/P/C/890/c2/2x/f5994cf4-11b1-44a9-ba8b-279fcbc2b370
457,CCTV,완결,,모든 것을 지켜보고 있다! 제4회 공모전 본선 진출 작품!,카카오웹툰,https://kr-a.kakaopagecdn.com/P/C/884/c2/2x/466df6bd-0b2d-4cb3-87a3-d7c88c78778b
458,미 앤 아이,완결,,세상 사람들이 똑같이 변해간다! 그 중 진짜를 찾아 사랑을 이뤄야 하는데. .,카카오웹툰,https://kr-a.kakaopagecdn.com/P/C/977/c2/2x/62dcf8d7-0a39-493b-a6d9-ade739458c35
459,마녀,완결,,마녀라 불리는 여자를 사랑한 남자의 이야기,카카오웹툰,https://kr-a.kakaopagecdn.com/P/C/971/c2/2x/a08dc654-6ebf-4224-a7c1-1a12febcf636
460,설국열차 : 프리퀄,완결,,"17년째 궤도를 도는 열차의 탄생과 인류 마지막, 살아남은 자들의 이야기",카카오웹툰,https://kr-a.kakaopagecdn.com/P/C/981/c2/2x/2b66448c-a6d7-41fd-b95d-01138b94cf5a
461,라임 오딧세이,완결,,너와 나의 판타지 어드벤쳐! 신의 과일 을 찾아라!,카카오웹툰,https://kr-a.kakaopagecdn.com/P/C/901/c2/2x/31e40d2b-fe88-475b-af39-e1d673abec6c
462,하우스 메이트,완결,,무표정한 남자와 흐릿한 여자의 잔혹한 한 집 살이,카카오웹툰,https://kr-a.kakaopagecdn.com/P/C/888/c2/2x/2c40ff19-e074-4012-8dbc-ecc7deebd68e
463,짐승수컷고등학교,완결,,본능에 충실한 우리는 짐.승. 입니다! 짐승수컷고등학교의 시시콜콜 학교생활 엿보기,카카오웹툰,https://kr-a.kakaopagecdn.com/P/C/808/c2/2x/03028076-d41d-43c1-bed2-316cf05aa37c
464,9교시엔 XOXO,완결,,얼짱 여교사한테 날마다 들이대는 뺀질이 중딩. 이 녀석한테도 나름 사정이 있다는데,카카오웹툰,https://kr-a.kakaopagecdn.com/P/C/918/c2/2x/bf198601-0262-4ecd-9e98-f42158036bde
465,벼랑 끝의 디저트,완결,,안정된 사랑 혹은 순수한 사랑. .당신의 진실된 선택은?,카카오웹툰,https://kr-a.kakaopagecdn.com/P/C/963/c2/2x/4a5e78a1-6f10-4379-a637-8ba410f547af
466,오!솔로,완결,,솔로생활이 길면 마법사가 된다고 했던가!,카카오웹툰,https://kr-a.kakaopagecdn.com/P/C/839/c2/2x/dfda5213-8541-4c03-b756-a335cac56a83
467,저스트 원 샷,완결,,인생의 한 방! 복권 당첨자의 운명을 건 잔인한 배팅!,카카오웹툰,https://kr-a.kakaopagecdn.com/P/C/908/c2/2x/cbc2653d-94cf-4bd3-9a97-a6af928029b6
468,인기 있는 남자,완결,,모든 여자들이 선택받으려 줄을 서는 그런 남자만 될 수 있다면,카카오웹툰,https://kr-a.kakaopagecdn.com/P/C/894/c2/2x/027e26fb-617e-4b02-b3b7-718392619f3b
469,폐어,완결,,"깊은 상처, 이대로 사랑해도 되는 걸까?",카카오웹툰,https://kr-a.kakaopagecdn.com/P/C/974/c2/2x/2db240e2-22a9-45b1-9268-f7ffc61db654
470,제 0시 : 대통령을 죽여라,완결,,그 때 그는 죽지 않았다! 그리고 그곳에 그들이 있었다!,카카오웹툰,https://kr-a.kakaopagecdn.com/P/C/889/c2/2x/9aa255db-cea8-4b81-8eb9-790a43aa122f
471,수사전,완결,,광무 5년 대한제국을 배경으로한 본격 정치 수사극!,카카오웹툰,https://kr-a.kakaopagecdn.com/P/C/838/c2/2x/f3c4febb-f374-4dc9-8361-f7753d732439
472,가우시안 블러,완결,,뿌연 안개같은 청춘을 살아가는 19살 소년소녀의 비밀 스토리,카카오웹툰,https://kr-a.kakaopagecdn.com/P/C/898/c2/2x/c46f951b-d548-4aae-ba9e-198216c25029
473,파수꾼의 왈츠,완결,,잊혀지는 병에 걸린 홍조의 인생,카카오웹툰,https://kr-a.kakaopagecdn.com/P/C/899/c2/2x/907f238f-67e5-435b-8dde-30919263d07e
474,파동,완결,,"살인자와 목격자, 그들이 벌이는 치열한 생존게임!",카카오웹툰,https://kr-a.kakaopagecdn.com/P/C/911/c2/2x/8472927f-c567-403e-987b-155e57ee68c7
475,결혼해도 똑같네,완결,,"만화가 네온비, 캐러멜 부부 탄생! 그리고 이어지는 충격 개그 신화!",카카오웹툰,https://kr-a.kakaopagecdn.com/P/C/842/c2/2x/9372408a-c933-40d5-b2a9-a2f68b618457
476,0.1초의 설렘,완결,,긴 사랑과 짧은 설렘에 대한 보고서,카카오웹툰,https://kr-a.kakaopagecdn.com/P/C/868/c2/2x/143f0763-33b5-46b0-b728-a14c95547701
477,지옥철,완결,,익숙한 것에 대한 극도의 공포감!.. 지하철에서 일어나는 기이한 사건의 정체는?,카카오웹툰,https://kr-a.kakaopagecdn.com/P/C/841/c2/2x/5a250b5e-72c9-4120-87bd-8fe40a437197
478,우리집 새새끼,완결,,문조 두 마리와 골드키위새 작가가 엮어가는 새판 이야기,카카오웹툰,https://kr-a.kakaopagecdn.com/P/C/923/c2/2x/74de1d14-4dab-4cd5-9009-1ab625641fbe
479,안되는 건 안되는 거다,완결,,"기억을 잃은 소년, 해결사, 은둔작가..그들의 이상한 이야기",카카오웹툰,https://kr-a.kakaopagecdn.com/P/C/849/c2/2x/bfdcb874-83cd-4d86-aec9-e403ac4857d8
480,은밀하게 위대하게 : 슬럼버,완결,,은밀하고 위대했던 슬픈 혁명의 과거! 그들은 정말 무슨 생각을 했던걸까,카카오웹툰,https://kr-a.kakaopagecdn.com/P/C/934/c2/2x/f405ce37-8b52-4dc9-9cf3-5af80599db71
481,검둥이 이야기,완결,,흰둥이 윤필 작가가 그려내는 또 하나의 가슴 절절한 이야기,카카오웹툰,https://kr-a.kakaopagecdn.com/P/C/907/c2/2x/64bbf32b-d678-4865-acec-41bfb6fae572
482,피노키오,완결,,행복해지고 싶은 사람들과 한 소년의 행복찾기!,카카오웹툰,https://kr-a.kakaopagecdn.com/P/C/701/c2/2x/b9b28d96-6be7-4413-8ad2-769074e6ba34
483,다이아몬드 더스트,완결,,라스트 강형규가 선보이는 흔하지 않은 사랑 이야기,카카오웹툰,https://kr-a.kakaopagecdn.com/P/C/853/c2/2x/b0e4af4e-c476-49b2-9744-45e59c1b9d3e
484,헌티드 스쿨,완결,,학원기이야담의 시초를 만나다..흥미진진 학교 괴담 사냥이 시작된다!,카카오웹툰,https://kr-a.kakaopagecdn.com/P/C/844/c2/2x/39d127ea-e4fd-4399-b877-8232935afab0
485,세상 밖으로,완결,,동네 친구들의 뜻하지 못한 사건. 휘말려버리다.,카카오웹툰,https://kr-a.kakaopagecdn.com/P/C/744/c2/2x/1c77fe0c-6bce-42cc-97b8-23f80f9fbb09
486,그루밍 선데이,완결,,작가와 작은 고양이 알콩달콩 동거 이야기,카카오웹툰,https://kr-a.kakaopagecdn.com/P/C/736/c2/2x/bf15fb96-a9eb-4d7b-8cf4-3c33fbe68659
487,돼지고기 동동,완결,,"돼지고기의 변신은 무죄! 서울의 한 아파트 반상회. 그곳에선 반상회를 여는 집이 저녁을 준비해야 한다. 그리고 연말이면 가장 맛있었던 집을 선정해 상금을 수여하는데... 상금을 받기 위한 704호의 비밀 요리 준비 시작! 엄마, 아빠, 그리고 일곱 살 딸이 준비한 요리는 과연?!",카카오웹툰,https://kr-a.kakaopagecdn.com/P/C/906/c2/2x/fd9c57ab-074c-46c0-8000-a10334b95fbe
488,커밍업!,완결,,기선작가가 선보이는 본격 걸그룹 만들기 프로젝트!,카카오웹툰,https://kr-a.kakaopagecdn.com/P/C/671/c2/2x/eff77ede-1e30-4b95-bd25-be894be33b54
489,한여름밤의 꿈,완결,,"숲, 소년 그리고 한여름의 꿈이 시작되는 순간의 이야기",카카오웹툰,https://kr-a.kakaopagecdn.com/P/C/863/c2/2x/6cfa73a9-f623-4b33-b17e-ec8ceaa1f925
490,루드비코의 만화영화,완결,,만화 작가 루드비코의 영화로 보는 일상,카카오웹툰,https://kr-a.kakaopagecdn.com/P/C/882/c2/2x/6746f033-29d2-4b6d-97f5-a9bdcf40c411
491,파이팅 스타,완결,,런던올림픽? 난 우주올림픽이야! 재미대통령 두엽작가의 2012 액션대작!,카카오웹툰,https://kr-a.kakaopagecdn.com/P/C/875/c2/2x/57689c9c-1431-4ff4-8cef-5e8735d43879
492,"다시, 봄",완결,,두 번 다시 안올 그날이 되돌아 오면 당신은 무엇을 할건가요?,카카오웹툰,https://kr-a.kakaopagecdn.com/P/C/860/c2/2x/c0aef609-8fbb-4d15-989b-b7dfd9d0a966
493,언더시티,완결,,"가상현실의 도시, 언더시티에 오신 것을 환영합니다.",카카오웹툰,https://kr-a.kakaopagecdn.com/P/C/793/c2/2x/e1dab519-e8a3-4dae-915f-b5b7618e88f8
494,올망동은 평화롭습니다,완결,,지구방위연구소의 악당 외전..개념찬 악당의 이상한 동네 적응기!,카카오웹툰,https://kr-a.kakaopagecdn.com/P/C/851/c2/2x/88fab11a-99a3-467c-959e-0b5b34bcecd1
495,트릭코드,완결,,미스터리한 사건들의 비밀을 밝히기 위한 추리극,카카오웹툰,https://kr-a.kakaopagecdn.com/P/C/840/c2/2x/5ad510a4-2829-4be3-b2a4-dd8a66f3bebf
496,애썸,완결,,누구나 겪었을 법한 사랑과 소중한 만남에 대한 짧은 이야기,카카오웹툰,https://kr-a.kakaopagecdn.com/P/C/861/c2/2x/0bd0c3cf-acdb-4ccb-a566-0321ad5a1df1
497,웨이크 업 데드맨,완결,,"시체가 벌이는 순정로드무비, 공모전 최우수상 수상!",카카오웹툰,https://kr-a.kakaopagecdn.com/P/C/528/c2/2x/e4e4c6e5-5c25-43bc-8482-00c100d5f064
498,오세요 타로샵,완결,,국내 최초 타로 실전 웹툰. 애매한 것에 대한 답이 여기에!,카카오웹툰,https://kr-a.kakaopagecdn.com/P/C/837/c2/2x/7641977c-007b-4e36-9bf9-6380976e90d4
499,노루,완결,,"200광년을 건너온 카메라, 인류의 마지막을 담다!",카카오웹툰,https://kr-a.kakaopagecdn.com/P/C/846/c2/2x/63a67333-bb0b-449b-82b6-200f1657aca7
500,아코르,완결,,잔혹한 과거를 가진 이안과 신비한 소녀 네이가 만들어내는 가슴시린 성장동화,카카오웹툰,https://kr-a.kakaopagecdn.com/P/C/791/c2/2x/3c377b89-3f5e-4209-a79a-b32f7efc9111
501,굿모닝 사회인 야구,완결,,기초부터 배우는 사회인 야구 교본의 정석!,카카오웹툰,https://kr-a.kakaopagecdn.com/P/C/814/c2/2x/2fc447aa-abd8-4bf3-af30-23db1cfad529
502,나는 매일 그를 훔쳐본다,완결,,훔쳐보기로 사랑을 시작해버린 극소심녀의 좌충우돌 연애담,카카오웹툰,https://kr-a.kakaopagecdn.com/P/C/748/c2/2x/89979424-92d1-4041-885e-e1b8e861ce6f
503,고.흔.연,완결,,고양이를 통해 만난 흔해빠질 수 있는 그와 그녀의 인연,카카오웹툰,https://kr-a.kakaopagecdn.com/P/C/759/c2/2x/e668be81-188f-4448-80e8-109b05560d9d
504,레이어즈 아나키,완결,,"시공을 초월한 그 곳, 레이어를 둘러싼 학원감성액션!",카카오웹툰,https://kr-a.kakaopagecdn.com/P/C/788/c2/2x/bf19819a-d292-4eaf-b344-81e20dd88381
505,오! 마이 레이스,완결,,"전쟁터와 같은 패션계, 레이스를 사랑하는 이 남자를 주목하라!",카카오웹툰,https://kr-a.kakaopagecdn.com/P/C/660/c2/2x/45286706-7c64-401d-9ad3-ef5e43125660
506,란의 공식,완결,,"누들누드 , 아색기가 의 양영순을 기억하는가? 1001 의 양영순을 기억하는가?",카카오웹툰,https://kr-a.kakaopagecdn.com/P/C/37/c2/2x/9937ccc8-fdb5-4e45-8c49-d4810a7a9496
507,코알랄라,완결,,"먹는게 가장 소중한 코알라와 얌이의 즐거운 먹방. 계란후라이도 군고구마도 라면도 팥빙수도 게장도 모두모두 세상 어떤 음식이라도, 맛있을 땐 외쳐. 코알랄라!",카카오웹툰,https://kr-a.kakaopagecdn.com/P/C/187/c2/2x/62d26974-c6d5-429d-8488-3e54433db50b
508,용사에게 소중한 것,완결,,어느 용사의 대서사시,카카오웹툰,https://kr-a.kakaopagecdn.com/P/C/800/c2/2x/505efd62-61ab-4efa-8f24-54494700cec8
509,빨간봉투,완결,,가질 수 없는 것들을 욕망하는 청춘들의 이야기,카카오웹툰,https://kr-a.kakaopagecdn.com/P/C/781/c2/2x/2ce2602a-6b8e-4379-9057-5b1e1af0e766
510,미세스 선녀,완결,,"학원가를 주름잡던 그녀, 어느날 현모양처가 되어 돌아오다!",카카오웹툰,https://kr-a.kakaopagecdn.com/P/C/747/c2/2x/841154ad-40e4-4870-bfef-7a31c8152204
511,도사랜드,완결,,제대로된 직업에는 사짜가 들어가 줘야지! 그래서 바로 도사!,카카오웹툰,https://kr-a.kakaopagecdn.com/P/C/743/c2/2x/0ee7d8e7-3db6-42ef-88cf-fc157a7fe33e
512,흰둥이,완결,,오늘도 흰둥이는 사람들과 살아갑니다,카카오웹툰,https://kr-a.kakaopagecdn.com/P/C/626/c2/2x/36a51991-ff40-4cd8-9002-f8bf5a51c112
513,낙오여군복귀기,완결,,정부 특별조치 발표! 여성 군복무 의무화 시대!,카카오웹툰,https://kr-a.kakaopagecdn.com/P/C/813/c2/2x/01f41cfb-d664-4d8c-872d-1150bd85ef58
514,모든걸 걸었어,완결,,한계가 꿈을 가로막을 때 당신은 목숨을 걸 수 있겠는가,카카오웹툰,https://kr-a.kakaopagecdn.com/P/C/805/c2/2x/32ce25f4-2a1a-49da-8826-42002632df3f
515,지혜가 쫀득쫀득,완결,,어택 스타일로 배우는 쫀득쫀득한 생활의 지혜!,카카오웹툰,https://kr-a.kakaopagecdn.com/P/C/692/c2/2x/092ecc65-ceae-431c-b327-78447b90056b
516,순정큐피트,완결,,"누구나 필요한 것, 누구나 가슴 속에 품고 있는 그것!",카카오웹툰,https://kr-a.kakaopagecdn.com/P/C/694/c2/2x/7a4ed34e-f067-4c5b-b665-85e4783b98fb
517,후크는 악당이다,완결,,"후크는 악당이다, 대체 왜?....... 그 사건의 전말를 파헤친다!",카카오웹툰,https://kr-a.kakaopagecdn.com/P/C/772/c2/2x/1b43d363-2663-49ee-aab3-a79322071ad0
518,날 좋아해줘,완결,,"좋아할 수 없을 것 같은 그들의 당부, 날 좋아해줘",카카오웹툰,https://kr-a.kakaopagecdn.com/P/C/769/c2/2x/7bc518a4-7d9a-47a7-b7ef-40b961789a34
519,사춘기 메들리,완결,,"풋풋하기만 했던 고등학생 시절, 인생 최대 위기가 찾아왔다!",카카오웹툰,https://kr-a.kakaopagecdn.com/P/C/688/c2/2x/989ad84b-87ce-4144-b95d-24f644e46065
520,소녀K,완결,,이제껏 본적 없었던 미소녀 킬러 액션이 온다!,카카오웹툰,https://kr-a.kakaopagecdn.com/P/C/754/c2/2x/039e9dd4-0b82-4dcc-a8a5-d9a288e4a70a
521,사라세니아,완결,,세상만물의 가치를 보는 초능력을 가진 주인공. 무료한 일상 중 찾아온 의외의 일들.,카카오웹툰,https://kr-a.kakaopagecdn.com/P/C/768/c2/2x/bc9d6181-0992-415a-9749-105eb7d24176
522,환상의 파트너,완결,,"꽃미남 동물 심리학자와 동물의 말이 들리는 여자, 환상의 짝꿍이 될 수 있을까?",카카오웹툰,https://kr-a.kakaopagecdn.com/P/C/719/c2/2x/54054f1d-7d82-4703-a3d0-0876ea1e9fca
523,쏘쏘리,완결,,부족한 것 투성이로 살아가는 30대 싱글녀 쏘쏘리와 그녀의 주변인들의 삶 이야기!,카카오웹툰,https://kr-a.kakaopagecdn.com/P/C/720/c2/2x/c2fd237c-b192-4485-b4f1-05b063a4a7d9
524,라스트,완결,,지하경제 100억을 둘러싼 한 남자의 사투가 시작된다!,카카오웹툰,https://kr-a.kakaopagecdn.com/P/C/681/c2/2x/34d8d790-b276-4ed9-943f-b14552ebe63a
525,스틸레인,완결,,지금 한반도가 위험하다! 숨막히는 국제 정치 스릴러!,카카오웹툰,https://kr-a.kakaopagecdn.com/P/C/714/c2/2x/0387aebe-6064-4e62-98b9-f68c64d9c036
526,보고 있으면 기분 좋아져라,완결,,"말랑말랑 촉촉하게, 당신과 같이 나누고 싶은 페리의 감성시트콤!",카카오웹툰,https://kr-a.kakaopagecdn.com/P/C/749/c2/2x/3bb10f5a-9261-4096-ac14-5d8427eea25c
527,조명가게,완결,,삶과 죽음의 경계에 있는 그들. 끈절하고 밀도 높은 공포!,카카오웹툰,https://kr-a.kakaopagecdn.com/P/C/762/c2/2x/0e7d8eeb-3732-4568-ac69-75e512e66e34
528,창작의 고통,완결,,대학교 만화학과에 들어가면 무엇을 배우는지 알아볼까요?,카카오웹툰,https://kr-a.kakaopagecdn.com/P/C/778/c2/2x/86f9c852-5a98-4b00-b068-338a443d1589
529,아침에 시 한 수,완결,,팬더댄스와 함께 매일 매일 아침 시 한 수 꿀 꺽!,카카오웹툰,https://kr-a.kakaopagecdn.com/P/C/784/c2/2x/642c05bc-5150-4642-a571-42a7b6b27894
530,커피와 하루 the start,완결,,커피와 함께 살아가는 네 사람의 이야기,카카오웹툰,https://kr-a.kakaopagecdn.com/P/C/751/c2/2x/ce93c879-737f-41bb-bd97-0d0b452f4ca5
531,메트로놈,완결,,시간의 벽을 넘어 잃어버린 기억 속의 그녀를 지켜야만해!,카카오웹툰,https://kr-a.kakaopagecdn.com/P/C/508/c2/2x/119a38d8-1f3c-40ce-aa06-69c7252cfc3a
532,잡초이야기,완결,,"고뇌하는 잡초의 탄생 이후, 잡초계에서 벌어지는 4차원의 일상!",카카오웹툰,https://kr-a.kakaopagecdn.com/P/C/684/c2/2x/c9975c9f-fdd5-42f0-9b75-ee7751317b97
533,기춘씨에게도 봄은 오는가,완결,,나에게도 한번만 기회를..! 기춘씨의 처절한 솔로탈출기!,카카오웹툰,https://kr-a.kakaopagecdn.com/P/C/712/c2/2x/30c4239d-1ab4-4a4c-b75f-742dfb128b1c
534,그녀의 수염,완결,,"눈에 거슬리는 그녀의 수염, 그리고 사랑 혹은 이별..",카카오웹툰,https://kr-a.kakaopagecdn.com/P/C/761/c2/2x/32671a33-868d-4544-a668-c1db0aacb5e0
535,학원기이야담,완결,,기이하고 익숙한 학원괴담을 엉뚱하게 비틀어버린다. 계란계란작가의 특별한 호러만화,카카오웹툰,https://kr-a.kakaopagecdn.com/P/C/535/c2/2x/a6fb7031-174f-4dbd-84ec-b0e4d1420436
536,에어리어제로,완결,,행복할 수 없는 지구를 떠나려 하지만 그 이유를 잃은 사람들의 이야기,카카오웹툰,https://kr-a.kakaopagecdn.com/P/C/711/c2/2x/da00224c-a7aa-4210-bc55-bf9f8e68cc24
537,인터뷰,완결,,슬럼프에 빠진 작가가 들려주는 독특한 감각의 옴니버스 이야기,카카오웹툰,https://kr-a.kakaopagecdn.com/P/C/753/c2/2x/b057bc9b-bdaf-4ead-ba23-498f882011e7
538,레이어즈,완결,,"시공을 초월한 그 곳, 레이어를 둘러싼 학원감성액션!",카카오웹툰,https://kr-a.kakaopagecdn.com/P/C/687/c2/2x/d219597e-9b4a-4099-b84f-62f2cbb1254c
539,광해이야기2,완결,,3부작 단편 광해이야기 그 두번째,카카오웹툰,https://kr-a.kakaopagecdn.com/P/C/777/c2/2x/7ff851f2-b9de-4dac-a8a7-f3355f7b3c1a
540,보지 못하고 듣지 못하고 사랑해,완결,,나는 당신을 못보고 당신은 나를 못듣지만 그래도 사랑해,카카오웹툰,https://kr-a.kakaopagecdn.com/P/C/606/c2/2x/068fbd99-da2c-497f-acf3-d242fd397056
541,트레져헌터2,완결,,뒤엉킨 시간과 라크리모사의 분노! 모든 궁금증을 풀어 줄 대망의 시즌2!,카카오웹툰,https://kr-a.kakaopagecdn.com/P/C/204/c2/2x/48a008bc-db34-404c-8944-c6f1b5d47574
542,거울아씨전,완결,,내가 원하던 여자친구의 모습을 한 거울아씨와의 미스터리한 동거,카카오웹툰,https://kr-a.kakaopagecdn.com/P/C/738/c2/2x/a08643cb-57e3-460b-8d17-c4236c989d2e
543,야옹이와 흰둥이,완결,,"흰둥이 시리즈의 시작점, 그 감동의 이야기를 다시 만나다!",카카오웹툰,https://kr-a.kakaopagecdn.com/P/C/677/c2/2x/bb31156b-b43a-4806-b1ef-735a8d2315b0
544,이너 다이어리,완결,,편한 몸을 위해 벗어 던진 속옷! 높은 현실의 벽 앞에 울고 웃는 여자들의 솔직한 이야기!,카카오웹툰,https://kr-a.kakaopagecdn.com/P/C/715/c2/2x/36d2ec02-927b-4ff3-91d2-9c4e71dd8cf1
545,고마워 다행이야,완결,,그녀는 어떤 결정을 내릴까? 네 사람의 사랑 그 잔악한 이야기,카카오웹툰,https://kr-a.kakaopagecdn.com/P/C/713/c2/2x/bec4218c-4084-4936-9da0-14d946bb699f
546,수심 3000m에 닿으면,완결,,신비로 가득찬 바다 그리고 인어에게 복수하기 위한 남자의 사투!,카카오웹툰,https://kr-a.kakaopagecdn.com/P/C/689/c2/2x/9dac2ea4-caef-421c-bea9-c9e9c0e142fd
547,마왕의 성,완결,,"아무도 가보지 못한 안개의 숲 속 마왕의 성, 그곳엔..",카카오웹툰,https://kr-a.kakaopagecdn.com/P/C/707/c2/2x/44166982-cfcb-4913-9e5f-9beb12803ce6
548,기네스 세계기록 세우기,완결,,"기네스 세계기록에 도전하는 소년, 소녀들의 당찬 이야기!",카카오웹툰,https://kr-a.kakaopagecdn.com/P/C/655/c2/2x/e0ac9c44-90dc-4680-a7e4-5ea3df585e41
549,라이오트,완결,,천천히 종말이 다가오고 있다 그것을 막을 수 있는 것은..,카카오웹툰,https://kr-a.kakaopagecdn.com/P/C/693/c2/2x/5cbfc633-0244-4cbd-b226-74ee697911ca
550,비산,완결,,대구 비산동 설화 를 모티브로 한 만화로 거대한 거북과 한 소년의 짧은 여행을 다루고 있다.,카카오웹툰,https://kr-a.kakaopagecdn.com/P/C/680/c2/2x/1a8066b6-4345-4a37-87a2-fabe2dc17e2f
551,아쉬탕가,완결,,궁극의 기술 아쉬탕가 를 완벽 마스터 하는 자 누가 될 것인가!,카카오웹툰,https://kr-a.kakaopagecdn.com/P/C/611/c2/2x/393e505d-f9ff-4b5b-91e5-bd0b3503c30e
552,커피와 하루 ternate,완결,,커피와 함께하는 우리들의 따뜻한 인생 이야기,카카오웹툰,https://kr-a.kakaopagecdn.com/P/C/670/c2/2x/853efc77-acf8-4243-a186-8e3920aa4465
553,암브로시아,완결,,음식 섭취로 초능력을 발휘하는 주인공의 왁자지껄 활약기!,카카오웹툰,https://kr-a.kakaopagecdn.com/P/C/589/c2/2x/57be3deb-512f-47b1-b449-9a002a161e16
554,가론피,완결,,피 에 관한 피할 수 없는 옴니버스 공포만화가 펼쳐진다!,카카오웹툰,https://kr-a.kakaopagecdn.com/P/C/667/c2/2x/b8fd8b2c-514d-4a59-95a5-ca0931c3287a
555,모르모트,완결,,개성 넘치는 쥐들이 들려주는 유리벽 안 작은 세상 이야기,카카오웹툰,https://kr-a.kakaopagecdn.com/P/C/571/c2/2x/698e690f-872a-4a6e-becd-49af7a844795
556,노숙자 블루스,완결,,처음부터 선택된 인생이 어디있어? 난 지금부터 그걸 바꿀꺼야!,카카오웹툰,https://kr-a.kakaopagecdn.com/P/C/556/c2/2x/6d50cc38-8e68-4a97-82fa-bde35d62d7ca
557,좀비의 시간2,완결,,"좀비애와 가족애를 결합한 새로운 한국형 좀비만화, 그 두 번째 이야기!",카카오웹툰,https://kr-a.kakaopagecdn.com/P/C/575/c2/2x/e171f336-fd70-4896-a923-352ebebbffdd
558,차이니즈 봉봉클럽 북경편,완결,,"차이니즈봉봉클럽의 차기 회장을 뽑도록 하지. 온갖 지역의 산해진미가 가득한 북경에서 살아보기로 한 은영양과 그녀의 가족. 마파두부 마라샹궈 딤섬 그곳에서 은영양은 삼시네끼로도 부족한 행복한 나날을 보낸다. 그러던 어느 날, 가족의 초대로 차봉 멤버가 북경에 모였다. 그리고 첫 식사인 베이징 오리 를 맛보는 순간... 어느덧 바뀌어 있는 아롱 의 모자! 차봉의 회장이라면 무조건 써야 되는 저 모자... 회장을 뽑기 위해 시작된 모종의 대결! 과연 그 승자는 누구일까?!",카카오웹툰,https://kr-a.kakaopagecdn.com/P/C/620/c2/2x/73e1ee43-02dd-42be-a1ac-41770b6c8b0c
559,앞으로 나란히,완결,,당신이 알게 된 진짜 사랑이 지금의 사랑이 아니라면..,카카오웹툰,https://kr-a.kakaopagecdn.com/P/C/637/c2/2x/e382d897-bff7-4c81-943c-8e5f1aaed6fc
560,겨울하나,완결,,유령소년 유가온이 죽은뒤에 맞는 첫 인연에 대한 이야기,카카오웹툰,https://kr-a.kakaopagecdn.com/P/C/635/c2/2x/a63aab3a-eca8-412c-aee9-42689797cd8b
561,마당에 데굴데굴 열매,완결,,간절히 바라는 이에게 이 소중한 씨앗을 드립니다,카카오웹툰,https://kr-a.kakaopagecdn.com/P/C/646/c2/2x/0c06d16b-af0d-4adb-976b-1921c0ca029e
562,커피와하루,완결,,커피와 함께하는 따뜻한 하루 이야기,카카오웹툰,https://kr-a.kakaopagecdn.com/P/C/587/c2/2x/c9f8371e-3597-4906-b253-235145bc9968
563,무채색 가족,완결,,"무심한듯 시크한 가족코믹극, 가난한 그들의 경제회복기!",카카오웹툰,https://kr-a.kakaopagecdn.com/P/C/570/c2/2x/35cd361a-a3e0-4ae7-9e66-a03502dd4bc9
564,당신의 모든 순간,완결,,"순정만화 네번째 이야기, 당신의 모든 순간",카카오웹툰,https://kr-a.kakaopagecdn.com/P/C/563/c2/2x/c5ecc2f7-28f1-4fab-b8cd-0c36b5a3d363
565,당신과 당신의 도서관,완결,,사상초유 엘리트 된장녀가 던지는 화끈한 인격모독!,카카오웹툰,https://kr-a.kakaopagecdn.com/P/C/522/c2/2x/c874e33b-9113-41bd-89cb-c0d535d0571e
566,디스라이크,완결,,"민트사탕 맛의 오기와 자존심, 정말 안좋아해? 좋아해?",카카오웹툰,https://kr-a.kakaopagecdn.com/P/C/592/c2/2x/a65ec018-13bd-41fb-b3f6-c02d08248570
567,미소식가,완결,,"외딴 레스토랑 미소식가를 배경으로 펼쳐지는, 꿈과 사랑 가득한 사람들의 이야기",카카오웹툰,https://kr-a.kakaopagecdn.com/P/C/527/c2/2x/ae95d937-b229-41aa-9b34-0e20a5826aab
568,수퍼우먼2,완결,,"모든 것이 사라진 지금, 그녀 앞에 펼쳐진 또 다른 세계는?! 본격 히어로 만화",카카오웹툰,https://kr-a.kakaopagecdn.com/P/C/224/c2/2x/71a448f3-d7be-4a36-807d-27fd51b779f1
569,환상주사위,완결,,환상속의 모험을 즐기는 부 아이들의 이야기,카카오웹툰,https://kr-a.kakaopagecdn.com/P/C/206/c2/2x/6a6a5a3e-1152-41de-9dbb-6aa811797ac3
570,GONE,완결,,"내가 죽더라도 너무 슬퍼하지마, 바람결에 너를 다시 찾아갈게",카카오웹툰,https://kr-a.kakaopagecdn.com/P/C/555/c2/2x/ae308473-726c-42f5-8818-3693ff935b5c
571,에스탄시아1,완결,,에스탄시아 는 만화창작집단 풍경의 데뷔작,카카오웹툰,https://kr-a.kakaopagecdn.com/P/C/17/c2/2x/f9e9aa4c-cc5f-4d12-b3e6-70414f6c9dd5
572,트레져헌터1,완결,,인디아나 존스를 꿈꿨던 청년들과 의문의 소녀들의 보물찾기 대소동,카카오웹툰,https://kr-a.kakaopagecdn.com/P/C/129/c2/2x/0595869c-7fc0-47b1-b46e-84ff468c1948
573,에스탄시아2,완결,,"만화창작집단 풍경의 세번째 대작. 열차탈주극 에스탄시아, 그 두번째 이야기!",카카오웹툰,https://kr-a.kakaopagecdn.com/P/C/60/c2/2x/98223c09-88e3-4901-ba1b-dd9ad7fabb1c
574,아일랜드,완결,,"한국 만화의 신화 팀 풍경, 그들의 2010년 최신작!",카카오웹툰,https://kr-a.kakaopagecdn.com/P/C/161/c2/2x/8ae0c85d-fce1-4328-b594-18d57a864411
575,장마,완결,,어느 시골마을을 휩쓴 연쇄살인..그곳에는 비가 내린다!,카카오웹툰,https://kr-a.kakaopagecdn.com/P/C/138/c2/2x/988b7e88-dd27-4a74-8cf1-b5e54cf5393e
576,이스크라,완결,,썩은 세상을 바꾸려는 젊은 영웅들의 열혈 혁명기! 작가 이충호의 대단한 도전!,카카오웹툰,https://kr-a.kakaopagecdn.com/P/C/99/c2/2x/07f0d496-1a4f-4a51-b071-ad6d2fc30de9
577,매지컬,완결,,올바른 매지컬 프린세스를 기르는 한 요정의 육성분투기,카카오웹툰,https://kr-a.kakaopagecdn.com/P/C/202/c2/2x/65162945-a985-4adf-9bb3-b5f41c67f1b8
578,풋프린트,완결,,"15년 전 돌아가신 아버지, 그가 남긴 흔적을 쫓는 20살 청년의 성장드라마!",카카오웹툰,https://kr-a.kakaopagecdn.com/P/C/531/c2/2x/75e2591a-68aa-44ff-9115-6957fef89036
579,팬더댄스와 차봉클럽,완결,,차이니즈 봉봉클럽에 팬더댄스가 떴다?! 본격 중화요리 만화 지금부터 시작합니다,카카오웹툰,https://kr-a.kakaopagecdn.com/P/C/552/c2/2x/d03b6b70-5917-48fe-b2df-578864401072
580,실버볼2,완결,,드디어 실버볼 시즌전 개막! 상상초월 볼 컨트롤!,카카오웹툰,https://kr-a.kakaopagecdn.com/P/C/209/c2/2x/1b6df8e0-1e76-4523-a82d-be3193c9a2f6
581,광해이야기,완결,,"2010년 여름, 만화속세상이 선보이는 공포 프로젝트 광해",카카오웹툰,https://kr-a.kakaopagecdn.com/P/C/532/c2/2x/3f787341-6ee3-4171-83e5-72867a7b131e
582,크레이지,완결,,어느 소년의 작지만 만만치 않은 감동이 시작됩니다,카카오웹툰,https://kr-a.kakaopagecdn.com/P/C/173/c2/2x/bf8718d0-ab0c-453c-bfca-aa76e9da5580
583,우리동네에 왜 왔니,완결,,조폭 패거리로 부터 우리동네를 지켜라! 조금산 작가 신작!,카카오웹툰,https://kr-a.kakaopagecdn.com/P/C/183/c2/2x/a6d7a0e5-64d4-4d7b-9810-b0abf772efda
584,셔틀맨,완결,,찌질이 빵셔틀맨 앞에 나타난 괴상한 구원자!,카카오웹툰,https://kr-a.kakaopagecdn.com/P/C/136/c2/2x/0b340e73-a2e2-4c8a-aa89-3a8428176c53
585,헌티드스쿨 원더러즈 에이스,완결,,"평화롭던 우리 학교에 생긴 웃지 못할 사건, 사건의 실마리는 과연 어디에?!",카카오웹툰,https://kr-a.kakaopagecdn.com/P/C/174/c2/2x/4d4204c5-a0dd-4638-a9b0-ebbb50e6457e
586,To.From,완결,,"우연히 낯선 세계에 발을 딛은 소년, 그곳에서 만난 것은..?",카카오웹툰,https://kr-a.kakaopagecdn.com/P/C/148/c2/2x/a7e6f755-ae0e-4186-a4cd-be598c34c32b
587,탄,완결,,수퍼우먼 임강혁 작가의 괴기발랄한 단편 만화!,카카오웹툰,https://kr-a.kakaopagecdn.com/P/C/188/c2/2x/eb20afe0-f9ab-4ee9-bcef-4a37c2e3e10d
588,실버볼1,완결,,새로운 스포츠 실버볼 ! 그 속에서 펼쳐지는 요절복통 이야기!,카카오웹툰,https://kr-a.kakaopagecdn.com/P/C/154/c2/2x/a11608f2-ae83-4ce9-83af-cc46278c2635
589,반짝반짝 컬링부,완결,,컬링을 단 한번도 해본적 없는 선생님과 학생들이 풀어가는 좌충우돌 컬링 이야기,카카오웹툰,https://kr-a.kakaopagecdn.com/P/C/164/c2/2x/2ba96508-b199-4315-b60a-32770969d342
590,카메라ON,완결,,"학교의 모든 특종은 나에게 맡겨라, 4차원 명랑 학원만화 출동 !",카카오웹툰,https://kr-a.kakaopagecdn.com/P/C/158/c2/2x/b664d5dc-5cb1-4f54-954c-330a57eddfbe
591,종달새가 말했다,완결,,"아주 가까운 미래, 게임중독 소녀와 자폐소년이 만들어가는 하이테크 청춘 동화!",카카오웹툰,https://kr-a.kakaopagecdn.com/P/C/118/c2/2x/5de1ca43-f7a3-424d-886c-d7abcc8bcf03
592,지옥에서,완결,,한적한 시골에서 드러나는 또 하나의 지옥도! 작가 2009 하반기 최신작!,카카오웹툰,https://kr-a.kakaopagecdn.com/P/C/126/c2/2x/432e857f-6f75-43d0-bf23-afef1413cf26
593,고백,완결,,갑작스러운 고백? 나는 네가 누군지도 잘 모른단 말이야!,카카오웹툰,https://kr-a.kakaopagecdn.com/P/C/169/c2/2x/41a842ac-4a08-411c-a5cb-9597d6465677
594,흩날리는,완결,,2년간의 기다림끝에 찾아 온 항해의 새로운 시작!,카카오웹툰,https://kr-a.kakaopagecdn.com/P/C/178/c2/2x/51bc0a38-57a6-490d-9f3b-29313c6b60c4
595,수퍼우먼1,완결,,강철같은 그녀의 숨겨진 비밀은? 본격 여성 히어로 만화 슈퍼우먼!,카카오웹툰,https://kr-a.kakaopagecdn.com/P/C/116/c2/2x/51ae5159-ff69-4891-92bd-cea6840a5a3b
596,R에 관해서,완결,,각기 다른 4명의 여성. 그녀들의 사랑과 일. 이림의 세번째 작품.,카카오웹툰,https://kr-a.kakaopagecdn.com/P/C/71/c2/2x/7d39f1ff-64f5-4daf-8143-ad84c2d787bc
597,룬의 이야기,완결,,위대한 바위가 되기 위해 떠나는 어느 바위인간의 아름다운 동화!,카카오웹툰,https://kr-a.kakaopagecdn.com/P/C/160/c2/2x/b6959346-a792-4022-bacc-ad09be666c0d
598,까야제맛,완결,,체이서 하준성 작가의 무한 개그본능이 살아난다!,카카오웹툰,https://kr-a.kakaopagecdn.com/P/C/153/c2/2x/b77b02a1-4f7c-4be9-b294-9fa7219c663e
599,비행접시,완결,,사랑하지 않는 자는 모두 유죄! 목숨을 건 사랑쟁탈전 발발!,카카오웹툰,https://kr-a.kakaopagecdn.com/P/C/89/c2/2x/1fb9ccd3-fed8-478c-bf8c-372f989e92f8
600,탁구공,완결,,"어느날 만난 의문의 노숙자, 그리고 떠오르는 사랑의 기억?",카카오웹툰,https://kr-a.kakaopagecdn.com/P/C/155/c2/2x/bc25d970-de20-4b85-bbb7-0e3ed1689165
601,사랑보험,완결,,사랑 때문에 아프십니까? 이제 사랑도 보험이 필요합니다,카카오웹툰,https://kr-a.kakaopagecdn.com/P/C/146/c2/2x/7524b5ef-ffdc-4797-8edf-b297220a38e6
602,삼백이론,완결,,"망상에 빠져 사는 소녀와 평범한 우등생, 두 소녀가 풀어나가는 일상의 낯선 재해석",카카오웹툰,https://kr-a.kakaopagecdn.com/P/C/124/c2/2x/a58ffff7-123a-4636-9683-f8fcf113c325
603,어게인,완결,,2009년 강풀작가의 최신작! 미심썰 시즌4 더 강력한 스릴이 온다!,카카오웹툰,https://kr-a.kakaopagecdn.com/P/C/104/c2/2x/42f0d45b-5b9d-464c-9ed8-398c64ad556d
604,무차별! 강팀장,완결,,성과 위주로 달리는 무차별 강팀장! 그의 리더십에 최대 위기가 찾아왔다!,카카오웹툰,https://kr-a.kakaopagecdn.com/P/C/91/c2/2x/10addc0e-f785-4278-ae58-97ce4ccd057e
605,미확인거주물체,완결,,"옆집에 조용히 내려 앉은 미확인물체, 알수없는 존재와의 독특한 동거가 시작된다",카카오웹툰,https://kr-a.kakaopagecdn.com/P/C/85/c2/2x/2e5a3619-9cd6-4797-8c1f-5acd9f52cb7b
606,방벽동,완결,,지구를 습격해오는 괴생명체. .세상의 끝에서 그들과 맞서 싸우는 농촌 메카닉 드라마,카카오웹툰,https://kr-a.kakaopagecdn.com/P/C/68/c2/2x/7f1bfe2b-e31d-4588-b093-ba7175b2e740
607,밤12시,완결,,"7주간, 매주 금요일 밤 12시 만화속세상 대표작가들이 선보이는 아주 특별한 공포",카카오웹툰,https://kr-a.kakaopagecdn.com/P/C/110/c2/2x/b8dafd41-9c48-4d55-a2f1-f3087f894412
608,염라공주 모모레,완결,,인간세계에서 살아가는 염라국 공주 모모레 식솔들의 좌충우돌 이야기!,카카오웹툰,https://kr-a.kakaopagecdn.com/P/C/53/c2/2x/c3b3dad7-82dc-4d58-ad12-b41191af8ad3
609,술,완결,,트레이스 네스티캣의 신작 술! 증오와 사랑 그리고 인간에 관한 새로운 판타지!,카카오웹툰,https://kr-a.kakaopagecdn.com/P/C/90/c2/2x/ba58c187-df83-4c22-b792-a1c33dbf7bf9
610,12월,완결,,송래현 작가의 12월 전작보다 더 가슴아픈 사랑의 이야기가 펼쳐집니다,카카오웹툰,https://kr-a.kakaopagecdn.com/P/C/82/c2/2x/36cc6025-6688-4e4d-8078-fb6e754a1a6a
611,고양이 장례식,완결,,"헤어진 그와 그녀, 고양이 장례식에서 만나다. 홍작가의 7부작 단편극장",카카오웹툰,https://kr-a.kakaopagecdn.com/P/C/95/c2/2x/12510ed5-8b19-4d38-8195-4b00616af9de
612,향연상자,완결,,그들을 가둔 뜨거운 컨테이너 박스. .새로운 룰로 무장한 또 한 번의 생존게임!,카카오웹툰,https://kr-a.kakaopagecdn.com/P/C/79/c2/2x/51bfaa7e-7188-4c09-bb6f-de89520a7fcf
613,항해1,완결,,작가 최종훈 의 세 번째 웹만화 항해 !,카카오웹툰,https://kr-a.kakaopagecdn.com/P/C/54/c2/2x/2b211ecd-dde2-4d7d-bb1e-3d15ad5a2aeb
614,해골택시,완결,,"이제 스스로 삶을 포기하려는 자여, 당신 앞으로 택시 한 대가 멈춰 설 것이다.",카카오웹툰,https://kr-a.kakaopagecdn.com/P/C/63/c2/2x/5684b659-99b6-4003-99a3-b987c15bbe48
615,마음이 만든 것,완결,,"아이들의 순수한 로맨스, 정필원 작가의 작품과 함께 추억속으로 여행을 떠나세요",카카오웹툰,https://kr-a.kakaopagecdn.com/P/C/66/c2/2x/d7304ce7-8105-4a19-a71b-7379a78eec9f
616,이웃사람,완결,,오늘 나를 스치고 지나간 그 사람은 당신의 공포스러운 대상이 될 수 있다.,카카오웹툰,https://kr-a.kakaopagecdn.com/P/C/57/c2/2x/44a72218-fe4f-4ec4-bff9-06f3662fed30
617,샴,완결,,"불의의 사고로 서로의 몸을 공유하게 된 비극적인 쌍둥이 형제, 그들의 운명은?",카카오웹툰,https://kr-a.kakaopagecdn.com/P/C/69/c2/2x/6567a22b-7a67-41fb-9a99-6d8ad8c92f44
618,천사의 섬,완결,,"하염없이 섬에서 표류하는 주인공. 그러던 어느날, 그의 앞에 천사가 나타난다.",카카오웹툰,https://kr-a.kakaopagecdn.com/P/C/49/c2/2x/dd77f60a-0ba1-4ecc-aea1-a496e3faddf5
619,무림수사대,완결,,이충호 작가의 6년만의 컴백작 무림수사대,카카오웹툰,https://kr-a.kakaopagecdn.com/P/C/39/c2/2x/51f7b6b7-a584-4ca2-91f0-afbf98c42b8c
620,교수인형,완결,,"아마추어 작가 코너 나도 만화가 , 도전 만화가 에서 폭발적인 인기를 모았던 작품",카카오웹툰,https://kr-a.kakaopagecdn.com/P/C/41/c2/2x/425f5480-5411-42f1-8c6f-27d739e31001
621,데자뷰,완결,,작가의 첫번째 웹툰 도전 데자뷰! 감동을 원하는 독자들께 추천합니다,카카오웹툰,https://kr-a.kakaopagecdn.com/P/C/62/c2/2x/af96906c-5e2a-418e-bade-ce85408844e8
622,울트라병장,완결,,리얼코믹 메카닉 만화. 울트라 병장은 대한민국의 평화를 지킬수 있을 것인가,카카오웹툰,https://kr-a.kakaopagecdn.com/P/C/42/c2/2x/7eca46fd-9a53-4513-b59a-dd6d083b4099
623,블러드 오션,완결,,형과 동생들을 찾아 우주를 배회하는 이연의 행로는 어떻게 될 것인가.,카카오웹툰,https://kr-a.kakaopagecdn.com/P/C/28/c2/2x/6b9d6a18-7b22-4050-adc2-51e1c247805b
624,"봄, 가을",완결,,"봄, 가을 은 죽는남자 에서 보여줬던 이림 작가 특유의 시적인 전개와 코믹함이 묻어난다",카카오웹툰,https://kr-a.kakaopagecdn.com/P/C/38/c2/2x/c22e0a02-8875-411f-b71d-211884113ec3
625,커피 앤 페이퍼,완결,,"20대라면 누구나 고민할 법한 진학, 사랑에 대하여...",카카오웹툰,https://kr-a.kakaopagecdn.com/P/C/32/c2/2x/5bc16bfc-5bab-4473-834a-785c4aa37903
626,도로시밴드,완결,,도로시와 그녀의 밴드 맴버들이 안내하는 환상의 나라로 떠나보세요,카카오웹툰,https://kr-a.kakaopagecdn.com/P/C/24/c2/2x/7502e80c-971a-4c3d-bd25-f0b3e01c16a4
627,브이,완결,,어린 시절 우리의 영웅 태권브이의 당당한 귀환!,카카오웹툰,https://kr-a.kakaopagecdn.com/P/C/29/c2/2x/fa7c08e2-243d-4ee5-acd3-53179cbc0b32
628,그대를 사랑합니다,완결,,순정만화 3번째. 강풀의 손끝에서 나오는 어른들의 사랑이야기,카카오웹툰,https://kr-a.kakaopagecdn.com/P/C/35/c2/2x/df64af4d-5e40-4e98-9293-6eefdba3a147
629,오리우리,완결,,청년백수 솔로 탈출기 남아돌아 의 히어로 캐러멜 작가의 두번째 작품,카카오웹툰,https://kr-a.kakaopagecdn.com/P/C/23/c2/2x/7cbe2915-2937-4092-b14f-5c4b7186a778
630,도깨비,완결,,2006 디지털 만화공모전 대상에 빛나는 네스티캣의 데뷔작,카카오웹툰,https://kr-a.kakaopagecdn.com/P/C/27/c2/2x/846a65b2-363e-4155-bd57-384fcdcddf04
631,죽는남자,완결,,"100일 동안 주어진 시간, 모든 것을 나누어주고 떠날 채비를 준비하는 남자",카카오웹툰,https://kr-a.kakaopagecdn.com/P/C/20/c2/2x/fca72a0b-8d5b-45e0-807c-1c75e4baf998
632,스멜스 라이크 30 스피릿,완결,,고리타 작가 특유의 개그코드로 우울한 현대인의 자화상을 즐겁게 편곡 한 작품,카카오웹툰,https://kr-a.kakaopagecdn.com/P/C/26/c2/2x/0dc17426-b336-437f-8e41-87c7170534f9
633,26년,완결,,5.18이라는 민감한 소재를 다루면서 대중적 재미를 놓치지 않아 많은 박수를 받은 작품,카카오웹툰,https://kr-a.kakaopagecdn.com/P/C/21/c2/2x/4e8a99dd-aa1a-44b8-9fd3-9a0a0d3f842d
634,심인애씨의 소유,완결,,놀아죠패밀리 로 사랑을 받았던 남지은 작가의 두번째 작품,카카오웹툰,https://kr-a.kakaopagecdn.com/P/C/16/c2/2x/82f77daf-9d81-4b2e-bd0d-ad8873c8edfc
635,남아돌아,완결,,남아돌아 는 젊은 층에게 많은 인기를 누리고 있는 캐러맬 작가의 데뷔작,카카오웹툰,https://kr-a.kakaopagecdn.com/P/C/9/c2/2x/caf5ba03-701c-4925-9b5d-e9cd7abdfe98
636,타이밍,완결,,"이 작품을 보는 순간, 여러분이 알고 있는 시간의 개념은 무너질 것이다.",카카오웹툰,https://kr-a.kakaopagecdn.com/P/C/13/c2/2x/37d3aea7-4529-4340-8d50-fee485ac9ea4
637,놀아죠 패밀리,완결,,네티즌들과 재밌고 감동적인 이야기를 나누고 싶은 남지은 작가의 데뷔작.,카카오웹툰,https://kr-a.kakaopagecdn.com/P/C/5/c2/2x/e4ace077-183d-4792-b6b8-59a64a4fc2d5
638,바보,완결,,강풀 순정만화 씨즌2 바보. 겨울내내 가슴 속에 따뜻한 사랑과 웃음을 심어주었던 작품,카카오웹툰,https://kr-a.kakaopagecdn.com/P/C/8/c2/2x/539f8da3-bcda-4319-97c5-ef0c72f77151
639,아파트,완결,,강풀만이 그려낼 수 있는 만화속 공포. 2006년 영화로 제작되어 화제를 모으기도 했다.,카카오웹툰,https://kr-a.kakaopagecdn.com/P/C/6/c2/2x/7eea9dce-8c7a-4676-a95f-d7458410fbbb
640,순정만화,완결,,강풀 작가의 대표작품인 순정만화 . 2004년 최고의 히트작품,카카오웹툰,https://kr-a.kakaopagecdn.com/P/C/4/c2/2x/6de57c2b-f9ae-4a74-85da-9277dad19700
641,노력의 卍(만),완결,,만년 낙제생 태원 . 그의 목표는 아픈 누나를 치유하기 위해 세상을 지배하는 천중궐의 신관이 되는 것. 신관을 뽑기 위해 뇌왕신 의 강림제가 얼마 남지 않은 날 호족이 마을을 침입했다. 빼앗고 죽이는 혼란 속에서 누나를 지키기 위해 집으로 뛰어가는 태원이 마주한 사람은 바로 뇌왕신. 생명을 바쳐 뇌왕신을 얻었지만 자신의 누나는 지키지 못했다. 목표를 이뤘지만 목적을 잃어버린 태원에게 천중궐 황제가 건넨 달콤한 제안. 천중궐의 꼭대기 층으로 올라오면 살아있는 누나를 만나게 해주마. 100층에서 이제 1층으로 올라가야 한다. 만년 낙제생 태원은 과연 각 층의 신관을 이기고 누나를 다시 만날 수 있을 것인가?!,카카오웹툰,https://kr-a.kakaopagecdn.com/P/C/1932/c2/2x/75b67162-2561-4410-877d-efe00df6d6d8
