,title,day,genre,story,platform
0,바니와 오빠들,월,,"외모 따지지 않는 개념녀 ? 아니, 나 완전 얼빠 야! 신입생 시절, 남자의 외모를 따지지 않는 개념녀라고 떠들었던 주인공 바니! 그러나 첫 남자친구에게 쉬운 여자 로 낙인되며 신입생 바니의 첫 연애는 쓰게 막을 내린다. 그리고 드디어 인정한 바니 자신의 얼빠 속성 ! 잘생긴 남자가 좋다 는 사실을 외쳐댄 지 얼마 후, 웬일인지 잘생긴 남자들이 자꾸만 꼬인다? 연애에 있어서는 자존감이 낮은 평범한 21살, 그런 바니에게 호감을 표현하는 5명의 미남자! 누구나 흑역사일 수밖에 없는 20대 초반의 연애, 바니는 자신을 진심으로 사랑해주는 좋은 사람과 행복한 연애를 꾸릴 수 있을까?",카카오웹툰
1,사귄 건 아닌데,월,,"스물아홉 살, 서른을 목전에 둔 나이. 고수아는 그 나이가 괜히 심란하다. 고향을 떠나 서울에서 일을 하고 있지만, 미래를 생각하면 고민이 많아진다. 이곳에서의 삶에 대한 확신이 없기에. 그러던 중 대학 시절에 짝사랑했던 후범과 재회하게 된다. 9년 만의 재회에 다시 살아나는 그때의 감정. 과거에 상처받았던 후범에 대한 마음을 봉합해 나가며 어린 시절에는 몰랐던 후범에 대해서 알아가게 된다. 수아에게 다가온 또 다른 남자, 상사 기초롱. 속 깊은 어른의 다정함을 보여주는 그가 당황스러우면서도 마음 한쪽에선 호감이 싹 튼다. 고민이 깊어진 스물아홉 살 수아가 자신의 마음을 찾아가는 이야기.",카카오웹툰
2,액괴,월,,"일진들에게 수모를 당하며 황색망사점균을 먹게 된 교내 왕따 수와 진오. 그로 인해 신체에 변이가 일어나고 황색망사점균 블롭 의 특징과 힘을 가지게 된다. 여전히 학교 내에선 무시 받거나 괴롭힘 당하는 두 명의 아이들은 힘의 정체를 숨긴 채 차근차근 교내 먹이사슬을 장악해 가지만 하나 둘 나타나는 액괴의 흔적이 사회의 이슈가 되고, 변이된 블롭의 실험체를 만든 김수혁의 등장으로 싸움은 점점 커져 간다.",카카오웹툰
3,그 책에 마음을 주지 마세요,월,,"로맨스 피폐 소설 루스벨라의 빛 엑스트라인 황제의 여덟 번째 황녀로 환생에 새로운 삶을 꿈꾸던 아실리 로제, 그런 그녀의 앞에 미래를 예지하는 일기장이 나타나는데 . 너에게 난 어떤 의미인가? 질문이 끝나자 황태자님이 예쁘게 웃더니, 날 죽였다. 피도 눈물도 없는 황태자에게 살해당할 미래만을 예고하는 일기장. 불행히도 아실리는 죽어도 죽어도 다시 살아나 계속 살해당했다. 반복되는 죽음 속에서 천천히 미소를 잃고 변해가는 아실리. 도무지 피할 길이 없는 죽음, 이 미래를 피해 생존할 수 있을까? 한데 어째서인지 메말라 갈수록 아실리 곁에는 사랑을 갈구하는 남자들이 모여드는데 . 제가 오라버니에게 무엇을 줄 수 있는데요? 이름을 불러 봐. 이 사랑은 모두가 진짜일까? 사랑합니다. 당신을 갖고 싶은 욕심은 사랑이 아닙니까? 다가오는 남자들의 진심은? 웃기지 마. 내 삶은 내 거야.",카카오웹툰
4,오무라이스 잼잼,월,,"음식 과 가족 의 이야기를 담은 에세이 만화. 몇 개라도 먹을 수 있을 것 같은 메추리알 조림 , 빙글빙글 돌아가는 회전초밥 , 지구 반 바퀴 돌아 포르투갈에서 맛본 에그타르트 , 매콤상콤하게 볶아 입맛 도는 마라샹궈 , 짭짤한 밥도둑 간장게장 등 우리가 사랑하는 모든 음식들에 얽힌 흥미진진한 비화와 따스한 이야기가 펼쳐진다. 엄마, 아빠, 딸, 그리고 아들로 구성된 작가의 가족이 전하는 음식의 알찬 정보! 몸과 정신의 영양까지 챙기는 건강한 작품, 지금 시작됩니다!",카카오웹툰
5,독고3 [완전판],월,,모든 일에 의욕을 잃고 표류하던 태진은 과거 당영고 씨름부 주장이었던 심상윤으로부터 영입 제안을 받게 되고 결국 현실과 타협하고 주먹의 세계에 몸을 담게 된다. 그리고 그 세계에 적응해나가면서 점차 나락으로 떨어짐을 느끼게 되는데... 독고 시리즈 중 가장 처절한 이야기가 펼쳐진다.,카카오웹툰
6,사랑하면 디져~트,월,,"짝사랑에게 직접 구운 과자와 함께 고백하고 싶다는 로망이 있는 베이킹 똥손 시현. 드디어 인생 처음으로 단 하나의 쿠키를 만들어냈다. 어, 그런데 이걸론 고백 못 하겠다. 왜냐? 살아 움직이니까! 시현이 만든 쿠키인간 ? 진저는 시현의 고백을 돕겠다고 나서지만 하는 짓이 영 못 미덥다. 인간으로 변신해 말썽이나 피우지 않으면 다행. 제발 가만히 있어줘! 짝사랑의 고비는 진저뿐만이 아니다. 결정적으로 짝사랑 상대인 하성이 과자를 싫어한다... 엉망진창 험난한 세 사람의 사랑 이야기. 사랑하면서 무사히 살아남아라!",카카오웹툰
7,뱀파이어님의 대리식사,월,,"대신 먹어주기만 하면 되는 입주 대리식사 알바?! 가난한 대학생 강시영은 입주 대리식사 알바 면접을 위해 서울 외곽의 저택을 찾아가고, 어두운 방에서 김치찌개 먹는 면접을 보고 덜컥 채용되지만 보름달이 뜬 어느 밤, 고용주 피선호 의 정체를 알게 된다. 사실 그는 200년간 자가격리 중인 자살하기 직전의 우울증 클라이맥스를 겪고 있는 뱀파이어! 정체를 들킨 그는 최면을 걸어 기억을 지우려 했지만, 알 수 없는 이유로 실패하고 100일 뒤 다시 기억을 지우는 조건으로 재계약을 한다. 기억을 지우기까지 남은 100일. 동거하며 먹고 마시고 보고! 씁쓸한 인생에 찾아온 달콤한 먹부림 로맨스!",카카오웹툰
8,기숙사(死),월,,사람이 네 명이 모이면 한 명은 정상이 아니다 요리과가 있는 세이 미디어 고등학교로 2학기 편입을 한 평범한 학생 김민제는 기숙사 4인실에 입사하게 된다. 하지만 룸메이트들은 모두 하나같이 정상이 아니었고 오히려 평범한 김민제를 이상한 사람 취급을 한다. 다수에 의해 결정되는 비정상. 김민제는 1학기 때 자신과 같은 일을 겪었던 고병철과 함께 살인 계획을 짜며 정말로 점점 정상이 아니게 되어가는데..,카카오웹툰
9,그라티아,월,,"예수가 창조했다고 알려진 무한한 힘을 지닌 권능의 열쇠 ! 10년 전, 그것을 얻기 위해 나타난 대악마 사탄으로 인해 뉴욕이 붕괴하고, 살아남은 유일한 생존자, 전설의 엑소시스트 진오기는 악마에게 빼앗긴 권능의 열쇠를 찾아 전 세계를 돌아다닌다. 열쇠의 흔적을 쫓아 서울에 도달한 진오기는 씩씩한 소녀 길가온을 만나고, 반 년 전에 자살로 죽은 친구 귀신을 지키는 가온에게서 엑소시스트 가능성을 본다. 진오기를 만난 후, 친구를 지키지 못했다는 자책감을 지니고 있던 가온도 소중한 사람을 지키기 위해 엑소시스트가 되기로 결심한다.",카카오웹툰
10,쓰레기 머학생,월,,"나는 흔한 대학생, 수학을 아주 싫어하지 학교 수업은 출튀. 방에서 하루 종일 게임. 전공이지만 수학을 가장 싫어하고 나중엔 주식투자로 돈도 잃어보기까지. 수레기 작가의 다소 쓰레기 같은 대학 생활, 그리고 졸업 후의 일상 이야기!",카카오웹툰
11,유부녀의 탄생,월,,누구도 알려주지않은 결혼식 준비에 대한 리얼리티 카툰!,카카오웹툰
12,강호표사,월,,"정 과 사 의 협객과 악당들이 힘을 겨루는 곳, 강호무림 ! 조정의 부정부패와 무림인들의 패권 다툼 가운데 백성들의 안전이 위협받는다. 이에, 귀중품을 안전히 운반해 주고, 신변을 경호하거나 재물을 지키는 등의 일을 업으로 삼는 이들이 생겨났으니, 병장기 를 들고 재물 을 지킨다 하여 그들을 표사 라 불렀다. 강호제일협 으로 친송받던 노공수 로부터 힘을 물려받은 무영 이 강호의 정의를 바로 세울 협객이 되기를 바라지만, 무영은 언제나 돈 되는 의뢰만 밝히는 속물근성 가득한 표사인데... 그는 과연 강호무림의 사건들을 헤쳐나가며 사부의 바람대로 강호제일협 으로 거듭날 수 있을 것인가?",카카오웹툰
13,이대로 멈출 순 없다,월,,"사상 최악의 막장 쓰레기 문제아 학교, 정문여상에서 살아남기! 자타공인 날라리 소연은 폭력 사건 주동자로 지목되어 똥통 학교인 정문여상에 전학을 가게 된다. 친어머니 집에 얹혀살게 된 소연은 자신을 둘러싼 모든 부당한 대우에 분노한다. 설상가상으로 전학 첫 날, 왕따 폭행으로 전학 왔다는 오해 가 퍼지고, 상상도 못 할 만큼 저질인 양아치들과 보이지 않는 암묵적인 규칙이 소연을 압박해온다. 민주와 엮여 엉겁결에 오합지졸 배구부까지 가입하게 되어 자연스레 온갖 사건에 휘말리지만... 소연의 오해 에 대해 쉽게 판단하지도 않고 정면으로 부딪치는 친구들과 함께하며 점점 녹아들기 시작한다!",카카오웹툰
14,환골탈태,월,,"부드러운 살가죽, 짧고 까칠한 털, 작고 조그만 발.... 이 해괴하고 귀여운 생물체는 대체 무엇?! 해골 스켈레톤 은 독립하면서 아기 고양이를 기르기로 한다. 드디어 이사 날에 인간계 대행 서비스를 이용해 받은 아기 고양이! 그런데 몸에 털도 별로 없고... 아기 고양이가 원래 이렇게 생겼었나? 인간계 대행 서비스 센터는 연결이 되지 않고, 졸지에 돌연변이 아기 고양이를 떠맡은 해골! 설상가상 아기 고양이의 울음소리에 옆집에서 항의가 쏟아지는데.... 아기 고양이... 키울 수 있을까?! 마계에서 벌어지는 해골과 악마 아담, 서큐버스 릴리의 좌충우돌 아기 고양이 육아 대작전이 시작합니다!",카카오웹툰
15,롱리브더킹,월,,"한 여인을 위해 불가능에 도전하는 남자가 있다. 의리와 사랑을 빼고는 아무것도 없다고 말하는 남자 장세출! 사랑하는 여인 강소현을 위해, 목숨보다 더 소중한 친구 정춘택을 위해, 목포 건달 장세출은 대통령이라는 꿈에 도전한다.",카카오웹툰
16,니니툰즈,월,,"베일에 쌓인 스노우타운. 지금까지 숨겨왔던 니니즈의 수줍은 귀여움이 공개된다. 코미디, 드라마, 우당탕탕 액션, 병맛까지! 다섯개의 챕터로 찾아올 니니툰즈! 과연 다음 챕터의 주인공은 누구?! 까면 깔수록 매력적인 니니즈를 니니툰즈에서 만나보자!",카카오웹툰
17,흑우,월,,"무리하지 말고, 5프로만 먹고 빠지는 거야 불현듯 불어닥친 가상화폐 광풍. 주변에서 다들 돈을 벌었단 소식에 주인공 유성훈 도 질세라 코인판에 뛰어든다. 초반엔 기세 좋게 벌었지만 결국 큰 손실을 입은 성훈. 그는 손실을 주식으로 만회하고자 다시 한번 큰 투자를 강행한다. 그러나 또다시 모든 것을 잃은 성훈은 그간의 경험을 살려 유사투자자문업으로 개인투자자들의 돈을 끌어모으기로 작정하는데... 목숨을 건 거래, 그리고 대기업의 음모까지! 과연 성훈은 거대 기업을 무너뜨리고 평범한 일상으로 돌아갈 수 있을 것인가?!",카카오웹툰
18,환율이 바뀌었나요?,월,,"은행의 신입사원 이 율 , 부탁을 거절하지 못하는 착한 아이 콤플렉스가 있는 그녀. 친오빠의 빚을 갚기 위해 대출까지 알아보다 꽃미남 사채업자 최 환 을 만나게 된다. 그런데 우연한 사고로 두 사람의 몸이 뒤바뀌게 되고, 둘의 기묘한 관계가 시작된다! 무속인의 도움도 구해보고 과학적으로도 알아보려 하지만 몸이 돌아오는 일은 일시적일 뿐, 계속 몸이 바뀌게 되는데 결국 환과 율 두 사람은 서로 너무 달라 이해하기 힘들지만 어떻게든 맞춰 각자의 생활을 해 나가게 된다. 그러면서 생기는 사건사고들로 두 사람은 서로를 이해하기도 하고 반목하기도 하며 점점 변화해 가는데... 과연 환율은 바뀔 수 있을까요?",카카오웹툰
19,교수님을 빚는 중,월,,"이 분을 제가 가르쳐야 한다구요? 재능의 벽 앞에 가수의 꿈을 포기한 도경. 보컬 트레이너로 일하는 그녀 앞에 나타난 매력적인 목소리의 수강생. 교수님이 여길 왜 ?! 심각한 무대공포증을 앓고 있는 희원은 오로지 도경 만이 자신의 병을 고쳐줄 수 있다고 확신한다. 그리고 도경에게 첫눈에 반한 희원은 교수와 제자 관계로 모든 것이 조심스럽기만 하다. 그러던 중, 갑자기 나타난 도경의 제자. 아이돌 메인 보컬로 되어 돌아온 서호는 오래 짝사랑했던 도경에게 연하의 귀여움으로 직진하는데... 혼자 애만 타는 희원이는 과연 어떤 선택을 하게 될까!?",카카오웹툰
20,아싸가 알아버렸다,월,,학교 최고 인싸 윤정의 비밀을 쥔 존재감 제로! 극한의 아싸 두봉. 물과 기름처럼 엮일 리 없는 둘의 학교 적응기!,카카오웹툰
21,집행자여,월,,"자정이면 인적이 드물어지는 통금의 시대, 1969년. 군부의 통제는 극심해지고 언론은 때마침 청삿골 고택에서 벌어진 살인사건을 앞다투어 조명하며 군부의 눈밖에 나지 않으려 안간힘을 쓰는데... 한편 살인범으로 몰린 친구를 구하고자 현장에 뛰어든 김종서 기자는 상상조차 할 수 없었던 괴이한 현실을 눈앞에서 마주하게 된다. 인간도 아니요, 짐승도 아닌 존재가 세상에 드러나면서 혼란에 빠진 정세..! 여론을 움켜쥐려는 중앙정보부가 치안국 수사에 개입하고, 군부의 권세를 실추시키려는 비밀조직 제2술사단도 은밀히 사건의 실체를 쫓게 되는데... 척박한 시대에 사사로운 환상을 꿈꾸는 먹물 김종서의 오컬트 추적기!",카카오웹툰
22,천인의 신부,월,,"채나라의 적통 공주인 채연 은 어린 시절 황후인 어머니를 일찍 여의고, 황제에게 사랑받는 총비 고 귀비 에게 목숨을 위협당하며 궁에서 살아왔다. 자신, 그리고 사랑해 마지않는 동생 성종 의 운명을 바꾸기 위해 천인의 신부가 되기로 마음먹은 채연은 제천 의식을 올리고 사당으로 향한다. 하지만 고 귀비는 채연이 천인의 신부가 되어 새로운 권위를 얻는 것을 저지하고자 병사들을 보내 채연을 쫓는데 사당으로 향하던 채연이 고 귀비의 병사들에게 붙잡히려던 찰나, 날개를 단 남자가 나타나 채연을 구해준다. 네 남편이 될 자 라고 소개한 그 남자는 병사들을 따돌리고는 채연을 데리고 가버리고, 채연은 정신을 잃는다. 다음 날 채연이 눈을 뜬 곳은 낯선 침대였는데 !",카카오웹툰
23,현세이의 보이는 라디오,월,,방송 시작합니다! 안녕하세요 여러분 현세이 입니다! 백혈병 투병을 마친 고등학생 현세이는 예전부터 꿈이었던 스트리머가 되어 자신의 과거 이야기를 들려주기 시작한다. 독자들과 소통하며 따뜻한 이야기를 전달해주는 스트리머 현세이의 일상 소통 이야기 현세이의 방송 보러 가실까요?,카카오웹툰
24,일단 질러! 질렐루야,월,,"사회초년생 개나리와 퇴사 후 프리랜서가 된 닭둘이의 소소한 지름 일상. 생활의 질을 높여주는 꿀팁 용품부터 지친 하루를 달래줄 힐링 물건까지, 일단 지르고 본다! 등장하는 지름 물건들은 아무런 협찬없이 작가의 지갑에서 나온 것 입니다",카카오웹툰
25,무지개다리 파수꾼,월,,"돈과 성공만을 전부로 알던 유명 수의사 이한철. 그는 어느 날 사고 이후, 동물들의 목소리를 들을 수 있게 된다. 그렇게 동물 병원을 찾은 여러 동물들의 이야기를 듣던 어느 날, 길에서 만난 강아지 밍구의 살려달라는 목소리를 듣게 되는데.. 동물의 목소리를 듣는 수의사 이한철, 동물을 사랑하는 수의 테크니션 김나영, 한철의 뒷조사를 하는 동물 뉴스 플랫폼의 기자 이동욱. 그리고 꼬리 달린 웰시코기 밍구와 수많은 동물들의 이야기..!",카카오웹툰
26,조류공포증,월,,"어린 시절 시골에서 닭을 잡는 모습을 본 후로 조류공포증 을 겪고 있는 철민. 그의 눈에 회사 부장이 자꾸만 새로 보이기 시작한다. 착각일 거라고 생각하지만 증상은 나아지지 않고, 이를 눈치 챈 회사 동료인 오컬트 매니아 광빈은 부장의 정체가 사람의 탈을 쓰고 사람을 잡아먹는 전설 속 새 괴물 하르퓌아 가 아닐까 추측한다. 철민은 믿지 않지만 회사 동료 한 명이 의문의 실종이 된 후 광빈과 함께 부장의 정체를 파헤치는데... 정체가 탄로 난 부장은 이들을 잡아먹으려고 하고 철민과 광빈은 간신히 도망치지만, 곳곳에 숨어있는 하르퓌아들의 위협을 받는다. 도망만 다니던 철민은 가족까지 타겟이 되자 가족을 지키기 위해 조류공포증을 극복하고 맞서려고 한다..!",카카오웹툰
27,타원을 그리는 법,월,,오합지졸들과 함께 회사의 비밀 프로젝트를 밝혀내고 연인을 과거에서 구출하라! 제약회사에 이직하게 된 광고쟁이 유주하는 자신의 이직에 연인의 과거가 얽힌 계략이 숨겨져있음을 알게 된다. 참하고 조신한 줄로만 알았던 애인 민성이 사실은 천재해커였단 사실과 이를 노리고 접근하는 서로 다른 사람들로 인해 유주하의 일상은 혼돈해진다. 분명한 것은 이 모든 게 회사의 비밀 프로젝트와 관련 있다는 사실 연인의 과거를 쥔 회사의 높으신 분들에 맞서 유주하는 자신을 돕겠다는 정체불명의 콤비와 손을 잡고 마는데...,카카오웹툰
28,연습생 고영신,월,,"내가 너, 예전에 좋아했었다? 아이돌 연습생 고영신 앞에 비주얼 실력 천재 연습생이 나타났다! 그런데 그는 다름 아닌 초딩 때 건방진 뚱보, 남도영 ?! 아르바이트 하랴, 밤낮으로 연습하랴 몸이 두 개여도 모자란 영신의 팍팍한 일상 속에 자꾸만 스며드는 도영. 하지만 영신은 데뷔를 위해선 그 무엇에도 흔들리지 않겠다고 결심하는데...! 파란만장 아이돌 지망생의 고군분투기 연습생 고영신",카카오웹툰
29,아비무쌍,화,,"무협웹툰? 육아웹툰? 하늘의 뜻을 아니 아비는 무쌍이다! 고아로 떠돌다가 운 좋게 만난 스승에게 무공을 배워 칼 밥을 먹으면서 이름을 날리던 노가장. 행복한 결혼 생활의 기쁨도 잠시 노가장은 난산으로 하루아침에 아내와 사별하게 되고, 홀아버지로서 어미를 떠나보낸 세쌍둥이를 키우기 위해서 천하 삼대 문파 중 하나인 천룡회의 갑급 무사로서 들어가 문지기 생활을 시작하며 아이들을 더욱 잘 키우기 위해 출장 임무들을 떠맡게 된다. 하지만, 그 임무들은 갈수록 위험해져서 갔고, 그 속에서 노가장의 활약은 아름아름 알려져 나가게 된다. 그 와중에 너무나도 잘 큰 세쌍둥이의 재능을 사방에서 눈독을 들이는데 .",카카오웹툰
30,지옥사원,화,,"인간의 음식에 매료된 악마 쿼터, 사고로 흙수저 인간에게 빙의하다?! 능력을 모두 잃고 인간 고순무 의 몸에 갇힌 악마는, 낮은 등급 인간의 삶이 지옥에서의 삶보다 질이 떨어지자 높은 등급 인간이 되기로 결심한다. 한 편, 국내 최고의 대기업 선호 그룹 에선 학력과 경력을 보지 않는 특별 신입 사원 채용이 열리고, 악마는 식품 사업의 말단 직원으로 입사하는데 회사원이 된 악마는 무엇을 얻어가고, 주변 인간들에게 어떤 영향을 끼치게 될까? 인간처럼 생각해서 정답이 안 나올 땐, 악마처럼 행동해. 회사는 그걸 더 좋아할 거야! 세상의 부조리함을 위트 있고 날카롭게 파고드는 판타지 드라마!",카카오웹툰
31,사랑하는 존재,화,,"육상 유망주였으나 급성 심장병으로 모든 것을 잃은 소유. 시한부를 선고받지만 기적적으로 심장을 기증받아 살아난다. 쌓아왔던 것을 모두 잃어버리고 또래보다 1년 늦게 고등학교로 복귀하지만 친구 관계도 꿈을 찾기도 쉽지는 않다. 그러다 2학년 새 학기, 교실에서 어떤 남자애를 보는 순간 갑자기 심장이 뛰고, 눈물이 날 것 같은데... 그날 밤 꿈에 만난 아저씨는 자신이 바로 이식받은 심장의 주인이자 오늘 처음 본 남자애의 아빠라고 소개하는 것이 아닌가? 아저씨의 아들인 재하는 가족을 모두 잃고 이 세상에 혼자라고... 소유는 아저씨의 부탁에 재하에게 응원의 메시지를 건네고, 행동 하나하나로 텅 빈 소유의 삶에 소중한 사람들이 생겨난다. 삶의 이유, 관계, 꿈. 소유는 느리지만 하나둘씩 살아가는 방법을 배워나간다.",카카오웹툰
32,비밀 사이,화,,"가난한 어린 시절로 마음이 온통 결핍투성이인 다온. 가난의 부속품처럼 찾아오는 부끄러움에 아무렇지 않은 척 굴지만 속은 생채기로 아프다. 날을 세우고 경계하지만 한 번 마음을 내주면 누구보다 무르다. 다온은 관계를 잇지도 끊지도 못하며, 그렇게라도 자신의 옆을 채우고 싶어한다. 어쩌면 상처를 감싸줄 사람을 찾아 헤매는 걸지도 모른다. 사랑의 모양은 사람의 수만큼 다양하다. 같은 모양을 찾는 일은 수만큼이나 소용없다. 그저 서로의 모양을 쫓아 맞춰가는 게 사랑일 뿐이다. 내게도 그런 사랑이 올까?",카카오웹툰
33,딩스뚱스,화,,"토종 한국인 딩스와 뚱스, 타지에서 맨 땅에 헤딩하기!",카카오웹툰
34,우리집이거든요!,화,,"힘든 형편으로 온갖 알바를 해야만 했던 은우. 절망의 끝에서, 돌아가신 할아버지의 커다란 게스트하우스를 상속받게 되는데! 달짝지근한 상상을 만끽하며 찾아간 게스트하우스에서 은우는 뜻밖의 거주자들이 있다는 사실을 알게 된다. 그런데 딱 봐도 얘네들이 호락호락 나갈 것 같지 않다..! 겉멋 한가득 뺀질하게 생긴 인스타 날라리. 화장을 진하게 해서 성별이 모호한 꼬마. 시대지난 힙합스타일에 눈 마주치면 욕할 것 같은 여고생. 그리고 집을 가득 채운 동물들의 주인으로 추정되는 따뜻한 미소를 지닌 남자. 은우는 정체불명의 점거인들을 내보내고 무사히 게스트하우스를 상속받을 수 있을까?",카카오웹툰
35,기프트,화,,"선수들의 등급과 능력을 볼 수 있는 감독과, 선수들의 고교야구 이야기",카카오웹툰
36,단두 (斷頭),화,,"부모님을 죽인 원수를 갚기 위해 분투하는 단영, 단린 오누이의 복수 여정 창현표국의 국주는 가족과 함께 표행을 나섰다가 그를 죽이라고 사주 받은 두 낭인에 의해 아내와 함께 끔찍하게 살해된다. 오빠인 단영은 강에 빠졌고 단린은 살인을 사주한 부국주에게 구출되어 그의 수양딸로 자라난다. 은거고수 천태환에게 구해진 단영, 하지만 그의 명을 끊을 때까지 추적을 이어가는 부국주의 자객. 단영은 가까스로 사숙을 찾아 무술을 배우고 본격적으로 복수행의 여정을 시작한다.",카카오웹툰
37,화폐개혁,화,,"몹시 곤란한 삶을 살고 있는 주인공 유일한 . 생면부지 아버지의 부고소식을 든 변호사가 그를 방문한다. 1조원이 넘는 상속 기회와 함께 ! 상속 조건은 다가올 화폐개혁에 대비해서 자산을 지킬 수 있는지 자격을 보는 것. 그 자격은 몇 가지 테스트를 통해 검증한다. 시공사 선택, 뱅크런, 마늘은행 신뢰 등 온갖 테스트를 진행하게 되는데 . 목숨을 건 상속 테스트, 유일한은 1조원을 지켜낼 수 있을까?",카카오웹툰
38,"신성한, 이혼",화,,"결혼은 아름답고 이혼은 치열하다. 누구나 지는 싸움, 이혼 소송.",카카오웹툰
39,아싸클럽,화,,"캠퍼스 라이프 로망을 가진 만년 아싸 새내기 소윤 . 유명 웹툰 작가지만 학교에서는 아싸인 학과 선배 의 진짜 내 사람들 만들기 프로젝트 에 참여하게 된다. 그렇게 만들게 된 수상한 동아리 아싸클럽, 이곳에는 저마다 특별한 사연을 가진 8인의 멤버들이 모여있다. 본격! 아싸 탈출 청춘 캠퍼스 성장 로맨스, 아싸클럽",카카오웹툰
40,악한 기사,화,,"니제르 디에스. 몬트 왕국의 왕비로서 사랑하는 왕과 영원히 행복할 줄 알았다. 하지만 왕은 그녀를 배신하고 참수형을 내리고 만다. 죽음 후, 다시 눈을 뜬 곳은 마녀 사냥터였다. 사람들은 그녀를 마녀라 부르며 죽이려 하고, 필사적으로 도망치며 니제르는 왕을 향한 복수를 다짐한다. 우연히 도착한 곳은 이웃 나라인 이그니스 제국이었다. 그곳에서 신비로운 하얀 늑대를 만나게 되고 ! 늑대의 정체는 바로 이그니스 제국의 황제인 녹스였던 것! 첫눈에 니제르에게 반한 녹스는 정체를 숨긴 채 인간과 늑대를 넘나들며 그녀를 항상 곁에서 지켜준다. 한편, 이그니스 제국과 몬트 왕국의 전쟁이 머지 않았음을 알게 된 니제르는 제국의 기사단에 입단하기로 하고 , 하지만 기사단엔 오직 남자들만 들어갈 수 있을 뿐인데 ! 니제르, 남장 기사가 되기로 다짐하다?! 과연, 니제르는 복수에 성공할 수 있을까?",카카오웹툰
41,개목걸이,화,,"갖고 싶다면 뺏어라! 겉으로는 평범해 보이는 한동 고등학교. 해가 지면 혈투가 벌어지는 도박 싸움판으로 변한다. 재벌 가문의 도련님들이 만든 학생결투위원회 는 비밀 격투 대회 을 열었고, 뛰어난 파이터들이 구경거리가 되는 것을 자처하며 싸움을 계속하고 있다. 그 이유는 단지 돈. 복수의 대상을 쫓아 한동고에 뛰어든 조상백 은 눈에 보이는 일진들을 전부 박살 내며 싸이코란 별명을 얻고 모두의 관심을 끄는데... 복수를 위해 싸움을 계속해 갈수록 강해지는 상대들과 힘겨워지는 상황들. 상백의 복수는 과연 성공할 것인가?",카카오웹툰
42,골드핸즈,화,,"스타 작가의 그림을 대작하라! 그림에 재능을 가진 이그린과 타고난 배경과 노력으로 스타 작가가 된 남현. 중요한 그룹전을 앞두고 팔을 다친 남현은 자신의 작품 절반을 대신 완성해 줄 사람을 찾고 있다. 를 통해 그린의 그림을 발견한 남현은 그녀를 직접 찾아가 설득하고 프로젝트 계약을 맺는다. 두 사람이 완성한 것을 숨기고 발표한 뒤, 대중들이 그 사실을 알아차릴 수 있을지 알아보는 프로젝트. 남현은 오랜 노력으로 쌓아온 자신의 독특한 필치와 색감은 누구도 흉내 낼 수 없다고 자신한다. 남현은 자신의 탁월함을 드러내는 것이, 그린은 완벽하게 자신을 숨기는 것이 목표인 것. 서로 다른 목표를 가진 두 사람의 합작 프로젝트가 시작된다!",카카오웹툰
43,대선비쇼에 어서오세요!,화,,"유도 전공자 황희 의 저세상 유튜브 방송기! 취업 활동으로 유튜브 먹방을 시작한 황희는 첫 방송에서 악플러들과 다투고 방송을 망친다. 같이 유도를 하던 지수와 만나 고등학교 시절 코치님을 찾아간 황희는 병원에서 만난 방송영상과 요한 을 악플러로 오해하여 마스크를 쓰고 업어 쳐 버리고 황희의 방송을 좋게 본 요한은 황희를 스카웃하여 이황희 이황 황희 라는 이름을 해석해 대선비쇼 를 만든다. 난투극으로 인연이 시작된 동근 , 요한의 졸업작품을 훔친 해민 , 요한의 절친 선우 와 서로 얽히며 황희의 본격적인 유튜브 방송이 시작된다!",카카오웹툰
44,트리거,화,,"불량하기로 유명한 대명 고등학교에 입학한 평범한 고등학생 남지일. 입학 첫날부터 일진들의 타깃이 되어 전교생이 다 아는 빵셔틀이 되고 만다. 고질적인 심장병을 앓고 있던 약한 몸으로 일진들에게 폭행과 괴롭힘을 당하며 괴로운 나날을 반복하던 중, 뜻밖의 변화를 겪고 인생의 전환점을 맞이하게 되는데",카카오웹툰
45,니니툰즈,화,,"베일에 쌓인 스노우타운. 지금까지 숨겨왔던 니니즈의 수줍은 귀여움이 공개된다. 코미디, 드라마, 우당탕탕 액션, 병맛까지! 다섯개의 챕터로 찾아올 니니툰즈! 과연 다음 챕터의 주인공은 누구?! 까면 깔수록 매력적인 니니즈를 니니툰즈에서 만나보자!",카카오웹툰
46,해피하우스,화,,행복한 삶이란 무엇인가? 자신이 불행하다고 생각하며 행복한 삶을 꿈꾸는 주인공 고덕봉 은 어릴 적 머리를 다쳐 감정이 없지만 유일하게 사람들이 놀라는 표정을 보며 희열을 느낀다. 고덕봉은 자신의 삶을 망친 주범이라고 생각하는 기업의 부장 한민구 를 놀라게 하려다 회사의 비밀을 알게 되고 그로 인해 죽음의 고비를 넘어 폐가에 숨게 된다. 마침 폐가체험을 하러온 모몽 을 귀신인척 놀라게 하여 쫓아내는데 거기서 인생최대의 희열을 느낀다. 고덕봉은 정체가 들키면 안 되지만 이슈가 된 폐가엔 사람들이 계속 찾아온다. 한민구와 고덕봉과 모몽은 각자의 행복을 찾기 위해 고군분투한다.,카카오웹툰
47,그녀의 앵무새,화,,"이상적인 남자 현실적인 남자! 꿈을 포기한 채, 매 순간 이상과 현실 사이에서 갈팡질팡하며 살고 있던 은행원 진아 는 새로 인사이동을 하게 된 지점에서 우연히 이상적인 남자 호두 와 현실적인 남자 도준 을 만나게 된다. 진아 를 중심으로 펼쳐지는 성장 로맨스 드라마 너무나도 다른 둘 사이에서 진아 는 과연 앞으로 어떤 선택을 하게 될 것인가?",카카오웹툰
48,환상의 아이들,화,,"귀신이라면 지긋지긋한 태경, 저주받은 학교에서 귀신보다 위험한 놈과 엮였다",카카오웹툰
49,멸종인간,화,,"인간의 신체를 흡수하는 미지의 생물 번인 를 기점으로 모습을 드러내며 인류를 공격한다. 70 이상의 인간이 죽거나 끌려갔고, 터전을 빼앗긴 채 살아남은 이들은 번인들을 피해 도망친다. 온미연 일행은 마지막 희망인 민기수 를 만나 최악의 상황을 반전시킬 목적지 로 떠나게 되는데... 인류의 생존 혹은 멸종, 과연 인간은 번인들로부터 살아남을 수 있을 것인가?! 관찰인간 , 생존인간 에 이은 세 번째 이야기!",카카오웹툰
50,너를 만나다,화,,"평소와 다름없던 열여덟 살의 여름날. 내가 좋아하는 아이돌을 꼭 닮은 남자애가 우리 학교에 전학을 왔다고?! 반드시 너와 친해지고 말겠어! 그런데 어째 날 싫어하는 것 같단 말이지? 밀어낼 줄만 아는 재영과, 굴하지 않고 다가가는 혜원. 그리고 그 둘을 둘러싼 사람들의 이야기. 우리 모두 각자 다른 이야기를 가지고 있으며 그만큼 다른 생각을 하고 살아간다. 그 안에서 과연 정답은 무엇일까? 다양한 생각과 사정 속에서 나 자신만큼은 잃어버리지 않기를 바라며, 우연히 너를 만나 변화하는 나의 이야기.",카카오웹툰
51,악마의 편집,화,,"설이 의 인터넷 방송을 보는 게 유일한 삶의 행복인 백희수 . 우연히 그녀가 참가하는 호러 특집 의 편집자로 일하게 된다. 하지만 의도치 않게 호러 특집의 또 다른 참가자 정우현 이 저지른 끔찍한 살인사건에 휘말리게 되는데... 희수는 우현으로부터 설이와 그녀의 방송을 지켜내기로 결심하지만, 호러 특집의 마지막 참가자 한묘은 에 의해 사건은 예상치 못한 방향으로 흘러가기 시작한다. 점점 밝혀지는 살인사건의 또 다른 진실! 희수는 과연 끝까지 설이를 지켜낼 수 있을까?",카카오웹툰
52,뱀파이어 신드롬,화,,"뱀파이어신드롬 에 감염된 후, 죽음으로부터 자유로워진 선택된 소수들의 음모? 세상 사람들 모르게 자신들의 세계를 구축한 후 검찰, 경찰은 물론이고 정치권과 언론까지 지배하는 최강의 권력자로 군림하고 있었다. 아는 사람들은 그들을 죽음 뒤의 사람들 이라 불렀다. 한편, 그들로 인해 모든 것을 잃은 단태수는 자신의 복수를 위해 최강의 팀을 꾸린다. 그리고 그들과 손을 잡고 지상최강의 피 를 지니고 태어난 피주머니 이담을 구출하기 위해 피주머니 수용소 인 레드테이블 로 향한다. 과연 단태수는 어떤 방식으로 자신의 복수를 완성하려는 것일까? 과연 단태수와 친구들의 복수는 성공할 수 있을 것인가?",카카오웹툰
53,신랑이 사라졌다,화,,"톱스타 진사랑의 사라진 ? 신랑을 되찾기 위한 고군분투 러브스토리! 광고 섭외 1위, 캐스팅 섭외 1위, 몸값 1위의 대한민국 톱스타 여배우 진사랑. 그녀가 깜짝 결혼을 발표했다! 진사랑의 갑작스러운 결혼 발표에 전국이 떠들썩한 가운데, 그녀의 예비신랑 무인하가 문자만 남긴 채 돌연 사라진다! 갑작스럽게 사라진 인하를 찾기 위해 사랑은 혈안이 되고, 그를 찾는 과정에서 인하의 진짜 모습을 마주하고 충격에 휩싸인다. 인하와 엮이면서 사랑이에게 알 수 없는 일들이 일어나고 설상가상으로 그녀의 주변에 삿된 것들이 접근하기 시작하는데...!",카카오웹툰
54,닥터 파인의 하루,화,,"세상에 존재하지만 어느 누구도 기억하지는 못하는 존재. 이조은 은 죽음을 맞이한 사람의 몸에서 나오는 작은 빛을 수거하여 에어트랙을 통해 우주 어딘가로 보내는 영혼수거원이다. 그의 담당 구역은 동부 가 3 지역. 어느 날 지역의 경계에서 옆 지역 담당의 여인 연화 를 만나고, 세상에서 서로만 기억하는 두 사람은 연인으로 발전한다. 한편, 죽음을 앞둔 일부 주변 사람이 그들을 기억하자, 남은 시간동안 감정적 관계를 나누고 지내며 이전과는 다른 일상의 이야기가 펼쳐진다. 조은과 연화의 사랑은 불멸의 존재인 둘의 생애처럼 영원할 것인가. 조은을 기억하는 주변 사람들은 어떤 죽음을 맞이하게 될까",카카오웹툰
55,유부녀 킬러,수,,"육아휴직을 마치고 회사로 돌아간 5년차 유부녀 유보나. 보나는 저격총을 쥔 채 호텔에 있는 타깃을 향해 총구를 겨눈다. 탕! 복귀 후 첫 미팅은 암살업무, 보나는 유부녀 킬러 이다. 보나는 자신의 딸 율이와 시어머니가 운영하는 치킨집을 찾았는데, 테이블 뒤편에서 고아인 보나를 험담하는 시어머니의 소리가 들린다. 어느 날, 시어머니 옥선자와 보나의 첫째 시누이 순일은 월세를 올리지 않는 고마운 건물주에게 선물을 보내기로 한다. 밤이 되고 세입자가 선물을 보냈다는 문자 한 통을 받은 보나! 웃으며 월세를 동결하겠다고 말한 후 일상을 이어간다. 한편 현장에 도착한 형사들은 희대의 암살자 킹피셔 가 돌아왔다는 것을 눈치 챈다. 보나의 남편인 태성에게 상사인 낫투데이 신문사의 우국장은 킹피셔에 관해 알아오는 지시를 던지는데...",카카오웹툰
56,말하지 말까,수,,첫사랑의 향기를 다시 기억하고 싶은 한마리 와 향기 나는 남자 길은수 가 서로 필요로 하는 이야기.,카카오웹툰
57,칼집의 아이,수,,"난쟁이 할아버지와 낚시를 즐기고 세상을 떠돌며 나름 행복하게 살아가던 주인공 비라 . 어느 날 할아버지는 비라에게 북쪽 끝에 있는 숲으로 가서 자신을 기다리라는 말을 남긴 채 어디론가 다급히 사라진다. 평소 절대로 사람들의 인생에서 끼어들지도, 호의를 받지도 말라던 할아버지의 가르침을 가슴에 담아둔 채, 비라는 곰 가족 보로 와 사람의 손길이 닿지 않는 깊은 숲속에서 꿋꿋하게 살아간다. 어느 날 계곡에서 낚시를 하던 비라는 북천마교에 쫓겨 위기에 빠진 탄유 라고 불리는 청년과 마주치게 되고, 자신과는 다르게 자신의 목숨이 위태로운 상황에서도 비라를 챙기는 탄유의 모습에서 옛 할아버지의 모습을 보게 된다.",카카오웹툰
58,블랙 베히모스,수,,"태초에 세 명의 신이 있었다. 땅의 베히모스, 바다의 레비야탄, 하늘의 즈가. 그러나 베히모스와 레비야탄은 서로를 증오하였고 사투 끝에 둘다 죽게 된다. 이를 지켜본 즈가가 눈물을 흘렸고, 그 눈물이 탈리스라는 신비한 힘을 가진 광석이 공존하는 세상을 탄생시킨다. 이 탈리스를 두고 분쟁이 끊이지 않는 두 나라 이리스타와 폴만. 이리스타는 자원의 발굴과 관리를 위해 탈리스만 시험을 개최한다. 시험에 참가한 주인공들은 자신들의 과거와 마주하게 되고, 고통의 기억은 자꾸만 링클레터와 윙첼의 발목을 붙잡아 그들이 미래로 나아가지 못하도록 하는데... 과학적 원리가 곁들어진 판타지 세계관 속에서 주인공의 내적인 성장을 그리는 철학적이며 서사적인 이야기",카카오웹툰
59,금수친구들,수,,"평범한 나무꾼, 금수 네 마리의 집사가 되다! 고요한 아침의 나라 조선, 어느 작은 마을 외딴 곳에 허름한 초갓집을 짓고 개 한 마리를 키우며 어머니와 살고 있는 나무꾼. 가난했지만 평화로운 삶을 살던 그 앞에 나타난 회색 아기 고양이...? 그리고 곧 나타난 비둘기와 하얀 쥐까지! 졸지에 네 마리의 집사가 된 나무꾼. 그런데 알고보니 조선의 공주가 키우던 왕실 혈통 고양이?! 그리고 회색 아기 고양이를 둘러싼 거대한 음모까지! 평화로웠던 삶의 나무꾼은 이제 잊어야 한다. 왕을 해하려는 악의 세력을 무찔러야 한다! 금수친구들과 벌이는 좌충우돌 사건의 소용돌이 속에서 과연 나무꾼은 조선을 구할 수 있을 것인가?!",카카오웹툰
60,하나하나둘,수,,"언제나 날 찾아냈던 네가 이번에도 날 알아볼 수 있을까? 25살 사회 초년생 란이에게 어느 날 3명의 ? 남자가 동시에 찾아온다. 어릴 적 같이 살았지만 미국으로 갔던 쌍둥이 형제 둘. 그리고, 자신이 미래의 남편이라고 주장하는 유령 하나. 그런데 그 유령이 쌍둥이 형제 중 하나라고?! 미래에서 사고를 당해 과거로 튕겨오면서 기억을 잃어 자신이 쌍둥이 중 누구인지 모른다니?! 10년 후 미래에서 현재로 타임 슬립한 유령 이 된 남편과 만나면서 생기는 로맨스 판타지.",카카오웹툰
61,CELL,수,,"어느 날 생긴 초능력. 희망 없는 청춘에게 힘이 생겼다! 모든 친구들이 선망하는 부유한 학생회장 상우. 아버지의 사업 실패와 연이은 부모님의 죽음으로 상우네 집안은 풍비박산이 난다. 홀로 남은 상우는 나름대로 성실하게 살아보려고 하지만 예상치 못한 교통사고가 발생하고, 누군가 상우에게 정체 모를 약을 투입하는데 . 그날 이후 상우는 엄청난 괴력과 함께 알 수 없는 능력을 얻게 된다! 이 엄청난 힘을 활용해 돈 벌 궁리를 해보지만, 배터리 충전 말곤 쓸모도 없는 쓰레기 같은 힘이다. 그러나 그 힘이 상우의 욕망을 충전하는 순간, 돌이킬 수 없는 소용돌이에 빠져 드는데 !",카카오웹툰
62,쌍갑포차,수,,"예상치 못한 시간, 예상치 못한 장소에 나타나는 쌍갑포차! 쌍갑포차를 운영하는 월주는 과연 누구일까? 쌍갑포차에 찾아오는 다양한 손님들의 감동적인 이야기! 한국 전통 신화 이승과 저승을, 꿈의 세계 그승과 함께 재창조한 세계관으로, 덤덤하게 써 내려진 깊이 있는 사람들의 사연 속 조선 시대부터 현대까지 폭넓은 시대 배경을 가지는 각각의 에피소드가 거미줄처럼 서로 인연이 얽혀있는 주인공들의 각각의 인생 이야기를 통해 잔잔하게 위로를 받을 수 있는 힐링 웹툰 쌍갑포차에 여러분도 들려보시겠습니까?",카카오웹툰
63,21’ LCK 서머 : Summer is Coming,수,,2021년 서머 스플릿 공식 웹툰! 매주 핫한 경기 리뷰와 비하인드 스토리 대방출!,카카오웹툰
64,천광명월,수,,강자만이 살아남는 무림전국시대. 전쟁노예 천광과 중원제일의 기생 명월의 무림 생존기를 그린 가족 무협 액션 드라마.,카카오웹툰
65,구원,수,,"인류사회의 문제 해결을 위해 만들어진 복제인간 카피! 그들은 빠른 속도로 사회에 퍼져 인간들과 조화를 이루었지만 어느 순간부터 인간들의 공격과 미움을 받기 시작했다. 한편, 삶을 살아가는 이유와 목적을 잃어버린 암살자 동언은 어느 날 생사의 기로에서 카피인 미나를 만난다. 삶에 대한 의지를 찾고, 그녀에 대한 사랑으로 다시 일어서게 된다. 동언이 속해 있던 암살조직, 카피를 타겟으로 폭발하는 사회, 그리고 암흑 속에서 이를 조장하는 지배세력과 이에 맞서는 레지스탕스 세력이 얽혀 벌어지는 치열한 사투! 그 속에서 동언과 미나는 서로밖에 의지할 수 없는 존재로서 사랑에 빠지고 점점 더 거대한 위험을 마주하게 되는데 동언과 미나, 서로의 존재는 구원이 될 것인가. 그리고 인간들에게 진정한 구원이란 무엇인가.",카카오웹툰
66,후크,수,,"마법사들의 수호 아래 평화를 유지하고 있는 대륙 네버랜딩 . 하지만 갑작스럽게 등장한 천공대륙 신국 라바돈 의 침공에 네버랜딩은 정복당하게 된다. 그 후 네버랜딩은 신국의 차별과 억압에 시달렸고, 네버랜딩의 수호자들이었던 마법사들 역시 신국의 압도적인 군사력에 도망치게 된다. 그렇게 네버랜딩의 희망이 사라져가던 그 때..! 7년 전 사라진 10명의 혁명단체 서북의 바람 과 그들의 수장 후크 가 대 감옥을 탈출하고 세상으로 나온다. 혼자서 한 나라를 상대할 정도의 능력을 갖춘 후크 . 하지만 7년 동안 모든 능력을 잃은 그는 지금은 뿔뿔이 흩어진 10명의 동료들을 모아 신국 라바돈을 향한 혁명을 시작하려 하는데..!",카카오웹툰
67,좋아하면 울리는,수,,지금 당신의 반경 10 안에 당신을 좋아하는 사람이 있습니다,카카오웹툰
68,미드나잇 블루,수,,"특출난 손재주와 예술적 재능을 가진 오리온! 유복한 환경에서 태어나 성장한 라미르! 미르는 어렸을 때부터 알고 지낸 리온에게 애틋함을 갖지만, 어떤 이유에서인지 리온은 미르의 진심을 거절하기만 한다. 시간이 흘러 성인이 되고, 재회한 두 사람. 연예인이 된 미르는 작가가 된 리온의 호감을 얻기 위해, 친한 동생인 윤다솜을 전령으로 삼아 마음을 전달하지만 의도를 가지고 접근하는 다솜을 냉정하게 밀어내는 리온. 마주치고 부딪칠수록 둘의 관계는 점점 엉켜가는데.. 꿈을 좇는 남자 , 오리온과 쟁취하려는 여자 , 라미르. 현실과 이상을 둔 자존심 싸움에서 이들은 각자 어떤 선택을 하게 될 것인가?",카카오웹툰
69,이미테이션,수,,"나는 진짜 를 꿈꿉니다. 약육강식과도 같은 연예계. 그곳에서 탑스타와 닮은 이미지로 간신히 발을 걸치고 있던 마하는 천우신조로 인기 방송 프로그램에 출연하는 기회를 얻게 된다. 어떻게든 대중들에게 눈도장을 찍기 위해 최선을 다하지만 결과는아이돌 그룹 샥스의 멤버를 다치게 만드는 걸로 끝이 나고 만다. 그저 열심히 했던 것뿐인데, 왜 이렇게 돼버린 걸까? 탑스타의 짝퉁 이미지인 마하가 자기 정체성을 찾아 진짜 가 되는 이야기.",카카오웹툰
70,죽어도! 치우,수,,죽어도! 죽지 않고 더 강해지는 치우의 성장 모험기! 용병들이 득세하는 세상. 용병이 되기 위해 준비 중인 치우에게 어릴 적 같이 수련하던 메이가 찾아온다. 그녀의 부탁으로 치우는 주머니에 든 물건을 모래의 끝으로 전달하기 위해 마을을 떠나는데... 여정 중에 일련의 사건들을 겪으면서 자신에게 특별한 능력이 있다는 것을 발견하게 되는 치우. 그것은 바로 죽어도 죽지 않고 더 강해지는 능력! 한편 치우가 가진 주머니 속 물건을 노리는 세력들이 등장하고 치우 역시 주머니 속의 물건을 정체를 알게 되며 점차 더 큰 싸움에 휘말리게 되는데...!,카카오웹툰
71,니니툰즈,수,,"베일에 쌓인 스노우타운. 지금까지 숨겨왔던 니니즈의 수줍은 귀여움이 공개된다. 코미디, 드라마, 우당탕탕 액션, 병맛까지! 다섯개의 챕터로 찾아올 니니툰즈! 과연 다음 챕터의 주인공은 누구?! 까면 깔수록 매력적인 니니즈를 니니툰즈에서 만나보자!",카카오웹툰
72,방구석 여포,수,,방구석에서만큼은 천하무쌍! 찐따고딩 여포의 숨겨진 능력이 깨어난다! 인터넷에서 적토마18 로 활동 중인 고등학생 여포. 악명높은 키보드 워리어인 그는 슈퍼베어 라는 유저와 키보드 배틀을 벌이다가 다니는 학교를 적는 실수를 하게 된다. 선망의 대상인 학생회장을 사칭하며 여포가 쓴 과거의 게시글들을 보고 적토마18이 학생회장이라 생각한 슈퍼베어가 여포를 응징하기 위해 학교에 찾아오는 사건이 벌어진다. 어찌어찌 위기를 넘겼지만 이로 인해 자신이 적토마18이라는 사실을 한 일진에게 들켜버리고 약점을 잡힌 여포는 빵셔틀로 전락하게 된 것도 모자라 일진들의 술파티 장소로 자신의 빈집을 강제로 내어주게 되었지만 여포에게는 집 근처에서만 발휘되는 신기한 초능력을 지니고 있었으니....,카카오웹툰
73,악녀의 탄생,수,,"지옥에 떨어질 악녀라 손가락질 받는 그녀의 앞에 나타난 세 명의 남자! 첫 번째, 변방의 왕족으로 부와 권력을 가진 마르몽텔 공작 두 번째, 영국에서 프랑스로 유학 온 젊고 잘생긴 로한 백작 세 번째, 그녀의 영혼을 탐내는 악마 아즈라일까지. 이 세 명의 남자들을 이용해 원하는 것을 얻어내는 능력을 가진 똑똑한 그녀지만 남편인 마르몽텔 공작에 의해 좌절되는 욕망과 함께 고통스러운 결혼 생활에 환멸을 느끼기 시작한다. 그와 동시에 자신을 사랑하는 로한 백작과 자신의 모든 걸 알고 이해하는 악마 아즈라일한테 묘한 감정들을 느끼게 되는데.. 우연한 계기로 전생의 기억까지 되찾으면서 혼란에 휩싸이기 시작한 그녀의 운명은?",카카오웹툰
74,저승사자 온라인,수,,"뇌파를 이용하여 직접 체험하듯 즐기는 게임 월드 피아 ! 새로운 시대에 관심 없는 꼰대 저승사자는 게임 중 심장마비로 죽은 소녀 최아진의 영혼을 인도하려 한다. 하지만 저승사자가 찾아낸 그녀의 육체엔 이미 영혼이 사라졌는데..! 500년이 넘는 세월 동안 인간에게 속으며 고통받았던 저승사자는 인간이 또 무슨 짓거리를 한 것인가 당황해하고, 그때 이상한 쇠사슬이 튀어나와 그를 묶고 강제로 월드 피아에 끌려가게 된다. 인간을 극혐하고 게임을 전혀 모르는 저승사자에겐 낯선 판타지 세계! 저승사자는 이 이상한 곳을 탈출할 수 있을까?",카카오웹툰
75,수린당 -비늘 고치는 집-,수,,이런게 축복이라고? 운명을 바꾸기 위한 자매의 여정! 수린당의 역사는 먼 옛날 봉황의 비늘을 찾아준 자매에게서 시작된다. 봉황은 자매에게 각각 마르지 않는 재능과 성군을 낳을 운명을 축복으로 내렸고 그 축복은 대대로 이어져 현재 수린당 자매에게 이른다. 천재적인 바느질 실력을 갖췄지만 영수들이 무서운 장녀 은침과 비혼주의자이지만 성군의 탄생을 위해 결혼을 종용받는 동생 홍실 이들은 자신들의 운명이 저주스럽다. 그런 자매 앞에 비늘을 다친 도망자 봉이 나타나게 되고 비늘을 고쳐주는 대가로 동생의 축복을 풀어준다는 약속을 받아낸 은침은 그와 함께 신비롭고 로맨틱한 여정을 떠나게 되는데... 과연 자매는 모든 유혹과 역경을 물리치고 축복 풀기에 성공할 수 있을까?!,카카오웹툰
76,두번째 썸,수,,"중2 때 잠시 사귀었던 희수와 소리. 순수했던 희수의 마음을 받기에는 많이 미숙했던 소리였다. 결국 희수에게 상처만 입힌 채 둘은 헤어진다. 시간은 흘러 20대에 접어든 두 사람. 이들은 우연히 다시 재회하게 되는데 . 좋아서, 다시 만난 게. 희수를 본 순간 심장이 다시 뛰기 시작한다. 희수의 행동도 심상치 않다. 썸인 듯 아닌 듯한 관계에 희수에 대한 소리의 마음이 커져간다. 어렸던 자신으로 인해 어긋났던 희수와의 관계. 이번엔 내가 먼저 다가갈 거야. 내가 고백할거야 용기를 낸 그 순간, 전 남친의 한 마디. 나 여친 있는데?",카카오웹툰
77,소쩍이 운다,수,,"생을 찾아 세상으로 나온 여자, 여자를 쫓는 무리, 그리고 여자를 지키려는 보디가드",카카오웹툰
78,우리가 사랑하는 방법,수,,그녀의 마음을 얻기 위해 아이돌 덕질에 뛰어들다!,카카오웹툰
79,아버지의 복수는 끝이 없어라,수,,"30년 간 묵혀있던 비극이 복수로 깨어났다 . 도훈은 치매에 걸린 할머니 소식을 듣고 내려간 시골집에서 30년 간 지하창고에 감금되어 있던 아버지 영춘 을 발견한다. 영춘에게 잘 보여 할머니 집을 물려 받으려하는 도훈. 하지만 영춘은 오히려 도훈의 가족에게 해코지를 하려는데. 아버지는 왜 할머니에 의해 30년 동안이나 감금되었을까? 30년 전 이 마을에는 무슨 일이 있었던 것일까? 베일에 싸인 끔찍했던 사건들과 하나 둘 씩 밝혀지기 시작하는 비극의 실체, 그리고 그 일에 얽힌 사람들의 원한과 복수가 시작된다!",카카오웹툰
80,조국이 당신을 원한다,수,,"집 떠나 열차 타고 훈련소로 가는 길... 내겐 없을 줄 알았다. 올해는 헤어지길 기도하고 기도했지만 금술 좋은 견우직녀 헤어질 기미가 안 보인다. 결국 코 앞까지 다가온 오작교 대대 입대 날. 조까치 앞에 펼쳐진 조까튼 현실, 더 이상 견우직녀 발닦개로 살 수 없어! 사나이 가슴에 손을 얹고 맹세한다! 내 기필코 오작교를 없애고야 말테다! 견우와 직녀의 연애질을 위한 까치와 까마귀들의 지옥훈련 조국이 당신을 원한다",카카오웹툰
81,키스해주세요,수,,치료차원 ? 으로 키스를 해달라고요?! 엘오디 그룹의 말단 계약직 사원 지순애 는 지속되는 선배들의 만행에 퇴사를 결심하는데 자신의 팀장에게 뜻밖의 제안을 받게 된다. 단 3개월 간 매일 아침 비밀 키스! 엘오디 그룹의 엘리트인 강진국 은 키스 못하면 죽는 희귀병을 앓고 있지만 키스는 반드시 사랑하는 사람과 해야 한다는 신념 하나로 약에 의존하며 살고 있다. 치료 차원이니 도와주세요. 저도 당신을 돕겠습니다. 알게 모르게 자신을 도와주던 진국의 부탁을 거절하기 어려운 순애. 과연 순애는 진국과 무탈하게 직장 생활을 이어갈 수 있을까?!,카카오웹툰
82,샬롯에게는 다섯 명의 제자가 있다,목,,세상을 구한 위대한 대마법사 샬롯 엘레노어 생애 마지막 마법을 시전하고 눈을 감는다. 하지만 이게 웬일? 다시 눈을 떠보니 뜬금없이 어린아이가 되어버렸다! 마법은 스스로의 마음에서 시작되고 그 바람을 이루어 주는 것. 죽음을 앞둔 샬롯의 유일한 아쉬움은 바로 사랑 ?! 고되었던 대마법사의 삶과 다섯 제자들을 뒤로하고 아리아 리센 이란 이름으로 제2의 삶을 살아가기로 한다. 하지만 자신이 사라진 이후 제자들의 행적에 대한 소문들이 심상치 않은데 ? 스승님만을 찾아 헤매는 다섯 제자들과 다시금 드리우는 재앙의 그림자. 샬롯은 과연 사랑을 찾을 수 있을까?,카카오웹툰
83,블랙윈터,목,,"조선 후기, 백송골이라는 시골 마을에 사는 13세 소녀 설해사. 친척과의 갈등으로 오래된 폐가를 우연히 들어가는데, 그곳에서 수상한 한 남자, 유안을 만나게 된다. 그는 산 사람보다는 죽은 사람에 더 가까운 존재였다. 소중한 사람들을 잃고 외로운 유년 시절을 보내기를 10년, 잃어버린 줄 알았던 해사의 친구들이 돌아왔고 수상한 그 남자의 비밀을 알게 되었다. 그리고 모든 기억이 돌아왔을 때, 우리는 또다시 죄를 지어야만 했다. 이제는 죄로 뒤덮인 차갑고 어두운 겨울을 벗어나, 따뜻하고 새하얀 겨울을 맞을 수 있길 .",카카오웹툰
84,프레너미,목,,"하늘 아래 두개의 태양은 없...있다?! 세계가 주목하는 테니스 천재 강산 은 전학 첫날 테니스를 그저 취미로 즐기는 주신이 를 만나게 된다. 가벼운 마음으로 신청한 대결의 결과는 강산 인생의 최대 굴욕적인 패배. 타고난 재능으로 무패 행진을 거듭했던 강산 의 오만한 콧대는 산산조각이 난다. 설욕을 다짐한 강산 의 주신이 를 향한 집착은 날이 갈수록 커지는데... 힘과 스피드로 상대를 짓누르는 파워 테니스 플레이어 강산 , 그리고 지략과 컨트롤로 상대 약점을 파는 주신이 ! 전혀 다른 색깔을 지닌 두 명의 천재가 만났다! 1년 뒤 그 날 의 있을 시합에서 과연 승자는 누가 될 것인가?!",카카오웹툰
85,러브 스트리밍,목,,"어느 기업 사장님의 아들이자 의대생 인턴으로 자신을 소개하는 남자, 감도건. 사실 그는 거짓말로 여자들을 유혹한 후, 돈을 빌리고 잠적하는 20대 백수이다. 돈 많아 보이는 여자를 발견, 감도건은 여자에게 접근했고 여자는 쉽게 걸려들었다. 취업하지 않고 여자들의 등을 처먹고 사는 쉬운 인생 하지만 걸려든 여자는 남자들에게 순위를 매겨 연락처를 수집하는 음탕의 끝판왕, 오나희였다. 감도건은 평소와 다르게 신중한 작업으로, 서서히 오나희의 .1까지 올라가는데 . 적은 돈을 위해 음탕의 늪에 빠져든 감도건, 빠져나가기엔 불길은 걷잡을 수 없이 커졌다!",카카오웹툰
86,뽀짜툰,목,,"가난한 자취초년생이던 2003년 봄날, 예기치않게 두 아기고양이, 뽀또와 짜구가 내게 왔다. 주변에선 네 형편에 무슨 고양이냐 며 모두 만류하지만, 이미 내게 온 두 생명을 최선을 다해 지키고싶다. 그리고 이듬해, 지인의 회사창고에서 발견된 꼬물이 쪼꼬는 잠시 임시보호만 해주려다 결국 셋째로 눌러앉는다. 자취생활을 청산하여 부모님이 계신 집으로 돌아온 후 하나 둘 고양이가족은 더 늘어난다. 담벼락위에서 구해달라 울어대던 포비, 골목길 한켠 아이스박스에서 발견한 꼬물이 봉구와 똥국자, 동네 운동장에서 뜬금없이 만난 해맑은 꽁지. 그들과 만나고 살아가고 헤어지고... 십수 년, 그렇게 이어지는 삶의 이야기",카카오웹툰
87,신의 태궁,목,,"신의 아이를 낳아 기르는 여인과 그를 사랑한 도깨비의 이야기! 신들의 궁전인 태궁 그리고 신의 아이를 낳아 기르는 여인인 수영이 살고 있다 이곳에서 나고 자란 신의 아이는 장성하여 인간세상으로 내려간 후 세상사람들의 소원과 억울함을 풀어주는 무당이 된다. 신의 아이 외에도 태궁의 수발을 드는 도깨비들이 있었지만 이들과는 말할 수도, 가깝게 지낼 수도 없었기 때문에 수영은 신의 아이가 떠나고 나면 늘 혼자 아이들을 추억하는 것으로 일상을 보내곤 했다. 내려보낸 신의 아이 또한 자신에 대한 기억을 잊는 데다 두 번 다시 만날 수 없었기 때문이었다. 그날도 홀로 생각에 잠긴 수영에게 어느 날 갑자기 한 신의 아이가 찾아온다. 그것도 자신을 기억하는 채로.",카카오웹툰
88,관존 이강진,목,,미친놈인가? 아니면 흔한 관심종자인가? 사람의 다름을 이해 못 하는 제자 이강진. 그리고 그걸 이해시켜주고자 하는 스승 곽노. 두 사제 의 따뜻한 휴먼스토리.,카카오웹툰
89,재벌과의 인터뷰,목,,"재벌 납치 감금물 웹소설 작가, 재벌남의 은인이 되다?! 동시에 재벌녀의 최애 작가가 되다!? 폭풍우가 치던 어느 날, 재벌 3세 양서준과의 극적인 만남을 시작으로 알바를 병행하는 웹소설 작가 지은의 인생에 재벌들이 꼬이기 시작한다. 재벌 로맨스 작가라는 자신의 정체를 진짜 재벌에게 들키고 싶지 않다는 일념으로 비밀을 사수하는 지은. 그런 지은을 두고 양서준, 양서정 두 재벌 남매의 상상 초월 클리셰 박살 기행 대잔치가 벌어진다 !",카카오웹툰
90,도깨비언덕에 왜 왔니?,목,,"엄마, 아빠 없는 집에 그 녀석들이 나타나기 시작한다?",카카오웹툰
91,침묵의 정원,목,,이번 생은 온전히 나를 위해 쓸 거야! 나는 생전에 누군가의 아내이자 어머니로서 헌신하며 살았다. 사랑하지는 않았지만 존경했던 남편 나와는 피 한 방울 섞이지 않았으나 사랑해 마지않던 딸 두 사람은 내 세계를 이루는 전부였다. 분명 그랬었는데. 난 그저 내 딸과 가정을 돌볼 여자가 필요했어. 연고 없는 너는 내게 장난감일 뿐이야. 두 사람이 죽고나서야 나는 비로소 내 세계가 뒤틀렸다는 걸 알았다. 평생 남을 위해 살다가 두 번째로 주어진 삶. 그러니 이제는 너희 차례야.,카카오웹툰
92,나를 지켜줘,목,,"연쇄 살인사건의 5번째 피해자가 발생하고, 형사들은 유일한 목격자를 찾아내는데 목격자인 도준혁이 재벌3세라고? 가족 몰래 엄마의 죽음을 조사하다 마주친 놈이 연쇄 살인범이란 걸 알게 된 준혁. 돌 아이 같은 강해라 형사의 집착에 미칠 것 같은 그 순간, 진짜 살인마를 마주한다 ! 하지만 증거 하나 남기지 않고 사라진 살인마. 수사는 진척이 없고, 준혁의 신변보호까지 맡게되자 해라는 준혁을 미끼로 살인마를 잡을 계획을 세운다. 재벌 3세의 비서로 위장출근, 그를 지키고 살인마를 잡아야만 한다!",카카오웹툰
93,시간이 머문 집,목,,"학대받아온 소녀와 아무것도 없는 세상에서 살아온 성격 더러운 아저씨가 만나다. 모든 법칙과 개념이 재창조된 새하얀 세상 한 때 세상을 구한 전설적인 용사 아델 의 세상 속에 부모에게 버림받고 지옥같은 삶을 살아온 노예 소녀 리베 가 찾아온다. 투닥거리기만 하는 둘. 이 둘 앞에 나타난 수수께끼의 인물 다루다루 . 무채색으로 가득한 아델의 삶 속에, 서툴지만 강렬한 리베의 색이 스며들기 시작한다. 이 셋이 만남은 과연 우연일까? 아니면 누군가의 의도일까?",카카오웹툰
94,쑥,목,,"나 서울 떠나. 지금 서울역. 한 통의 문자만 남긴 채 홀연히 떠난 여자, 쑥 그녀를 쫓아 한 자리에 모이게 된 네 남자는 사랑일지 경쟁심일지 모를 감정에 이끌려 기차에 몸을 싣는다. 네 명의 기억 속 완벽하리만치 아름답고 매력적이지만 어딘가 서늘하게 모호한 그 여자. 물음표투성이인 기억을 맞추며 찾아가는 쑥 이라는 존재. 한편, 예기치 못한 일들을 함께 겪고 헤쳐나가며 경쟁관계의 네 남자는 점점 전우애 같은 어이없는 감정을 느낀다. 그런데 어쩐지 쑥의 행방을 알아갈수록 네 남자는 표정이 어두워지는 듯하는데 . 과연 그녀가 떠난 이유는 무엇이고 그들이 여정을 통해 알게 되는 것은 무엇일까?",카카오웹툰
95,록산,목,,"격동의 19세기 말, 귀족 셸 가문 남작 부부가 살해되고, 부모의 죽음으로 큰 충격과 실의에 빠진 아들 막시밀리안 . 장례식을 치르고 돌아온 날 어머니가 고용한 신비롭지만 수상한 가정교사 록산 을 만나는데... 마법을 사용하여 자신을 위험에서 구한 그녀에게 점차 묘한 끌림을 느끼는 막시밀리안. 록산이 불멸자이며, 붉은 가슴 을 지닌 상대에게 영생을 줄 수 있다는 것을 알게 되고, 그녀에게 점점 더 빠져든다. 하지만 일련의 사건 속에서 집착하는 록산의 모습을 보며 그녀가 천사가 아닐 수 있다는 의심과 악마성에 대한 강한 거부감을 느낀다. 그럼에도 막시밀리안은 자신이 록산의 운명의 상대인 붉은 가슴 임을 직감하고 그녀에게 향하는 마음을 멈추지 못하는데...!",카카오웹툰
96,함께 춤을,목,,"댄스스포츠 서바이벌 오디션으로 화려한 재기를 꿈꾸지만 첫날부터 아무에게도 선택받지 못한 아영. 게다가 자신이 선택한 사람은 바로 자신을 배신한 전남친 준수였다! 설상가상으로 자신을 뒷담화 한 시원과 한 팀이 되는 아영. 컨셉부터 의상까지 맞는 게 하나 없는 시원과 걱정스럽게 춤을 맞춰보는데, 함께 할수록 그동안 몰랐던 자신의 실력을 알게 된다. 강력한 우승후보로 떠오르는 아영과 심사위원의 극찬을 받는 라이벌 서희. 목표는 댄스 위드 미 우승! 아영은 화려한 재기에 성공할 수 있을까?",카카오웹툰
97,시월드 게임 -please save my husband-,목,,"완벽한 이상형인 남편. 로맨틱한 웨딩 데이. 꽉 찬 행복으로 가득한 신혼생활 이 펼쳐질 줄 알았는데 내 결혼의 장르가 로맨스가 아니라 판타지였어?!! 하하하하하하하!!! 결혼하니 별일이 다 생기네. 벗어날 수 없는 인생의 굴레 이 미친 결혼은 어떤 엔딩을 향해 질주하는가! 나의 남편 여운이를 지키기 위해, 그리고 잃어버린 나의 미래를 열기 위해, 지금부터 이 결혼과 시댁은 내가 지배한다! , 시월드 게임",카카오웹툰
98,니니툰즈,목,,"베일에 쌓인 스노우타운. 지금까지 숨겨왔던 니니즈의 수줍은 귀여움이 공개된다. 코미디, 드라마, 우당탕탕 액션, 병맛까지! 다섯개의 챕터로 찾아올 니니툰즈! 과연 다음 챕터의 주인공은 누구?! 까면 깔수록 매력적인 니니즈를 니니툰즈에서 만나보자!",카카오웹툰
99,저기요 손님,목,,"성격도 다르고 취향도 다른 개성 넘치는 친구 4명이 겁도 없이 카페 창업에 뛰어 들었다! 회사 내 부조리로 백수가 된 조아 . 성공과 사랑에 목마른 현우 . 그림책 작가가 꿈인 아연 . 자신의 삶에 재미가 없는 금수저 서주 . 처음엔 열정 만으로 가게 운영을 할 수 있을거라고 생각했지만 예상하지 못한 사건들은 여기저기서 튀어나오고, 설상가상 시간이 흐를수록 각자가 원하는 목적이 달라지게 된다. 모든게 잘 맞았던 친구였던 때와 달리 같은 일을 하면서 몰랐던 서로의 내면을 알게 되고, 친구들의 우정에 위기가 찾아 온다. 도전하고 실패하고 때로는 싸우면서 서로를 이해하려고 노력하는 친구들의 모습을 그린 이야기",카카오웹툰
100,울화통 고등학교,목,,"어릴 적 잘못 먹은 보약으로 머리가 하얗게 세버린 17세 김쌍용은 아버지와 산에서 닭을 키우며 소박하게 살고 있었다. 친구들로부터 종종 산에서 산다 며 놀림당하던 그는 시내로 이사 가고 싶다는 꿈을 갖고 있지만 집안의 형편상 쉽지 않은 일이었다. 어느 날 시내 한 마트의 할인 전단이 우편으로 날아온다. 그 길로 아버지와 장을 보러 나갔다가 복권을 구입하는데, 덜컥 1등에 당첨이 돼버리고 만다! 생각지도 않게 서울로 이사를 가게 된 부자. 쌍용은 촌스러움을 들키지 않으려 새 옷을 빼입고 등굣길에 나서보는데, 그 앞에 운명처럼 나타난 이들이 있었으니",카카오웹툰
101,26번째 살인,목,,"여기 자신의 죄 의 기억을 잊은 사람 이 있다. 죄와 벌. 그는 이제 어떻게 살아가야 하는가? 자신의 죄를 기억하면 사형집행장으로 가야 한다. 자신의 죄를 기억하지 못하면 평생을 죄책감에 시달려야 한다. 그는 이 지옥에서 벗어날 수 없다. 이것이 신이 그에게 내릴 형벌이다! 사형 집행 1 수많은 사람들을 무참히 살해한 전대미문의 연쇄 살인마 살아있는 악마 장필두. 대한민국에서 오래토록 집행 되지 않은 사형을 부활시킨 장본인. 그런데, 식당에서 미끄러져 뇌진탕으로 혼수상태에 빠지고 만다. 아무것도 기억하지 못하는 사형수 내일이 사형 집행일인데 ! 사형이 두려워 연기를 하는 것이 아닐까? 죄수가 자신은 물론, 자신이 저지른 죄까지 모른다면? 그의 사형을 위해 기억을 되살려야 하는 상황이 벌어지고... 장필두. 그는 정말 기억을 잃은 것일까? 아니면 사형 회피를 위한 고도의 거짓말을 하고 있는 것일까?",카카오웹툰
102,논현동 장사꾼,목,,"장사 몇 번 망해봤어? 젊은 패기로 시작했던 장사를 4번이나 말아먹고 빚더미에 나앉게 된 27세 청년 성광수 . 이제 정말 끝인가 싶었는데, 마지막 기회가 찾아온다. 영동시장에서 장사의 신 으로 불리는 짬뽕집 사장님. 그 밑에서 한 수 배워보려 하는데...... 제자같은 거 안 키우니까 꺼지라고! 이 할머니...성격이 심상치 않다? 하지만 절대 포기하지 않을거야! 과연 비법 짬뽕 레시피를 배워 이번만큼은 성공할 수 있을까? 장사 초보의 고군분투 자영업 생존기!",카카오웹툰
103,스타의 학교생활,목,,"아역배우로 연예계 생활을 시작해 승승장구 하던 영은, 어느 날 국민 비호감으로 낙인 찍히게 되는데... 사건 이후 마음의 문을 닫은 채 고등학교 생활을 시작한 어느 날 어릴 때부터 알고 지내던 예능국 의 제안으로 스타의 학교생활 이란 관찰형 예능에 출연하기로 결심한다. 그러나 함께 출연한 찬민과 같은 반 친구 이은아로 인해 촬영은 순탄하지 않고, 아직 마음의 문을 열지 않은 영은은 아이들과 지내는 학교생활조차 어렵다. 영은은 스타의 학교생활 을 통해 무사히 연예계를 복귀할 수 있을까?",카카오웹툰
104,살어리랏다,목,,"강원랜드 카지노 근방에서 전당포를 운영하는 김청산. 그의 유일한 취미는 낚시. 다른 전당포 사장들에 비해 어리지만 제일 독하기로 유명하다. 전당포 회장을 맡고 있는 곽기용은 청산을 의심하기 시작했고, 자신을 옭아매려는 걸 알아챈 청산은 곽 회장에게 맞서기로 결심한다! 한편 강원도 산 끝에 위치하고 있는 살어리 마을 그곳에선 교수가 은밀히 제조한 약을 완성하기 위해 주민들을 생체실험까지 강행하며 살인도 행하게 되는데 살아남기 위해 고군분투하는 청산 , 자신의 위치를 지키기 위해서라면 어떠한 것도 하는 곽 회장 그리고 살어리 마을에 있는 의문의 교수 지금부터 그들의 처절하고 지독한 생존법을 공개한다!",카카오웹툰
105,중고거래,목,,극한의 이득충 되팔러 이준! 중고거래 꿀매로 구매한 택배가 도착하고 기쁜 마음으로 택배 상자를 열어보지만...,카카오웹툰
106,조국이 당신을 원한다,목,,"집 떠나 열차 타고 훈련소로 가는 길... 내겐 없을 줄 알았다. 올해는 헤어지길 기도하고 기도했지만 금술 좋은 견우직녀 헤어질 기미가 안 보인다. 결국 코 앞까지 다가온 오작교 대대 입대 날. 조까치 앞에 펼쳐진 조까튼 현실, 더 이상 견우직녀 발닦개로 살 수 없어! 사나이 가슴에 손을 얹고 맹세한다! 내 기필코 오작교를 없애고야 말테다! 견우와 직녀의 연애질을 위한 까치와 까마귀들의 지옥훈련 조국이 당신을 원한다",카카오웹툰
107,백의사자,목,,"옛날 어느 마을에 연이어 사람이 죽어나가는 괴변이 발생한다?! 사람들이 원흉으로 지목한 것은 마을 근처에 살던 백발의 소년. 소년은 이유도 모른 채 죽음을 맞이하고, 이승을 홀로 헤매이게 된다. 그때 손을 내밀어 준 것은 저승사자의 우두머리인 적의사자 . 그는 소년에게 설기 라는 이름과 새 삶을 살아갈 기회를 준다. 죽은 후에야 비로소 자신이 있을 곳과 희망을 얻은 설기에게 저승은 그야말로 꿈만 같은 장소. 이후 저승사자가 된 설기는 누군가를 돕기 위해, 그리고 자신을 받아준 저승을 위해 열심히 일하기로 다짐한다. 그러나 예상치 못한 사건과 존재들을 마주하며 저승의 내력과 자신을 둘러싼 어떤 흐름에 얽혀드는데 저승을 무대로 사람과 귀신, 신령이 등장하는 한국판타지극!",카카오웹툰
108,갱스쿨,목,,아버지의 자살로 일순간 모래성처럼 무너져 버린 가족들. 정신을 놓은 어머니와 맹인 학교를 다니는 여동생을 책임져야하는 가장이 되어 버렸다. 가족을 위해 부산 최고 깡패 학교 최강고 에 자신만의 갱을 만들기 위해 전학가는데... 차가운 세상을 향한 뜨거운 액션!,카카오웹툰
109,백로식당,목,,"신들은 어디에나 있다. 요리하는 만신 백로는 격변하는 현대사회에 적응해야만 하는 신들에게 대가를 받고 신들을 위한 음식을 만든다. 각자의 사정을 싸들고 와서 백로의 바짓가랑이를 잡는 각양각색의 신들. 듬직하고 애교많은 산군 호랑이 오택 , 다정하지만 어딘지 쎄한 흑룡 진 , 베일 속에 가려진 이무기까지. 연애세포가 죽어버린 백로의 가슴을 자꾸만 두드려대는데 . 신화 속 신들이 바로 우리 곁에서, 살기 위해 발버둥치는 슬프고도 아름다운 이야기. 한국형 신화를 곁들인 로맨스 판타지 한식대첩!",카카오웹툰
110,트러블,목,,드넓은 세계 르도완 을 통치하고 있는 신은 어느날 르도완에 새로운 신법을 내린다. 바로 잉태를 금지 하는 것. 잉태를 금지당한 이들은 사랑하는 사람과 자식들을 위해 반란을 일으키지만 신과 신을 따르는 자들의 힘은 너무나 막강하다. 신은 신법 이후에 태어나는 아이들을 반역자의 아이라 칭하며 모두 죽이거나 신의 노예로 만들어 버린다. 그런 혼란스러운 세상에 신을 처단하려는 자들이 생겨나고 그들의 처절한 싸움이 시작된다.,카카오웹툰
111,소녀신선,금,,"재수생 하버들, 신선이 되어 성질 드러운 이무기 꽝철이 와 만나다",카카오웹툰
112,나만 아는 사랑,금,,사랑을 고백하지 못하는 이들의 짝사랑 로맨스! 주인공 이하리는 한때 김진호를 짝사랑했지만 친구 연주의 연인이 된 그를 단념했다. 하지만 어느 날부터인가 친구의 남친인 그가 술을 마시고 한밤중에 보고 싶다며 연락을 해온다. 동기지만 친분이 없던 신유하가 하리에게 친한 척을 하기 시작하고 호감을 표하지만 하리는 거절한다. 그렇게 끝날 듯 싶었던 둘의 관계는 하리가 유하의 숨기고 싶은 사랑을 알게 되면서 꼬이며 적대관계로 변질된다. 그러나 하리는 연주가 자신에게 남자친구만 생긴다면 김진호가 더는 하리에게 한눈팔지 않으리라 생각하는 것을 알게 되고 이 생각이 틀렸음을 알려주기 위해 유하와 가짜 연애를 시작하게 되는데,카카오웹툰
113,헤븐 투 헬,금,,"신앙심 깊고 고귀한 대천사장 아사엘 은 어느 날 신으로부터 한 가지 명을 받는다. 제2의 메시아 탄생을 위해 새로 간택된 예비성모 마리얌 을 천국으로 데려오라는 것. 한달음에 찾아간 그녀는 예상과도 너무나 달랐으니. 융통성 제로의 율법 꼰대 아사엘, 개차반 견습 수녀 마리얌과 만나다! 상극의 성격을 지닌 두 사람의 만남으로 신의 계획은 여러 번 위기를 맞지만 천국으로 향하는 여정에서 갖가지 난관을 함께 넘기는데 누구보다 신앙심 깊었던 대천사 아사엘이 아홉 지옥의 나락으로 떨어진 사연은? 지옥의 가장 깊은 밑바닥에서 천국의 가장 높은 꼭대기까지, 신을 죽이기 위한 복수의 여정을 시작하게 된다.",카카오웹툰
114,바리공주,금,,"조선 초기 무속이 배척당하기 시작하던 시기. 무당들의 조상, 무조신 바리공주가 조선 시대 양반집 규수로 환생하였다. 바리공주 남편 무장승은 바리가 무당의 길을 걸어야 함을 알게 되어 신 스승을 자처하며 그녀의 곁을 지키게 되는데... 바리와 무장승은 상단을 운영하는 여우 마님과 음주가무를 좋아하는 도깨비 김선비와 함께 악귀와 악인을 혼내준다. 또 구천을 떠도는 귀신들의 슬픔과 한을 어루만져주며 갈 곳 잃은 소외된 이들을 위한 이야기를 그려나간다. 초보 무당이었던 바리가 점점 무당으로서의 정체성을 확립해나가는 에피소드 형식의 성장 스토리! 바리공주 는 잘 알려지지 않은 무속, 신화 그리고 민속의 세계를 보여주는 공포와 호러, 감동과 로맨스가 첨가된 장편 웹툰!",카카오웹툰
115,열무와 알타리,금,,우리 가족의 시간은 남들보다 조금 느리게 흘러갑니다. 우리의 이야기가 누군가에게는 몹시 낯설지도 모릅니다. 또 누군가에게는 공감 가는 일상의 이야기 일 수도 있고 혹은 누군가가 지금 걸어가고 있는 일상의 이야기 일지도 모릅니다. 뇌성마비 아이 열무와 쌍둥이 형제 알타리. 그리고 소소와 토토. 평범하고 조금은 특별한 우리의 이야기 우리는 장애 가족입니다.,카카오웹툰
116,남남,금,,"어느 날 엄마가 애인이라고 데려온 아저씨가 사실은 얼굴도 몰랐던 나의 친부였다면..? 엄마와 단 둘이 살아가는 28살의 진희. 남자친구와 결혼 이야기가 오가던 중 부모 험담에 화가 치밀어 자리를 박차고 집에 돌아가기로 한다. 그러나 집에 와서 마주한 건, 성인 채널을 틀어놓고 정신없이 자위를 하고 있는 자신의 엄마였는데..! 엄마의 자위 장면 목격을 시작으로 진희를 둘러싼 주변 인물들이 저마다의 삶을 유쾌하게 풀어간다. 일상 속에서 벌어지는 드라마틱 한 사건들과 그 사건들을 대수롭지 않게 넘겨버리는 무심한 여성 캐릭터들이 매력적인 이야기.",카카오웹툰
117,플러스 마이너스 제로,금,,지진으로 학교가 땅 속에 묻혔다. 누구의 짓이지?,카카오웹툰
118,신락도,금,,"감염된 시민들은 이곳 신락도 에서 30일 동안 격리돼 치료를... 바이러스의 전염을 막기 위해 정부는 감염자들을 신락도 요양병원에 가두게 된다. 4년 뒤, 이미 치료제는 나왔지만 소수의 환자들이 아직 신락도에 머무르고 있는 상태. 의사 서정훈은 신락도로 파견 봉사를 나간다. 그리고 그 곳에서 만난 간호사와 환자들. 시종일관 정훈을 따라다니는 홍 간호사는 늦은 밤이면 흉물스러운 불상 앞에서 기도를 드리고 첫 만남부터 정훈을 싫어하던 환자 주철은 새벽 3시면 복도에 괴물 같은 것이 돌아다닌다는 얘기를 하며 겁을 준다. 이를 무시하며 적응해가던 정훈은 늦은 밤 우연히 환자들의 비밀을 알게 되고 기다렸다는 듯 사건들이 터지기 시작하는데....",카카오웹툰
119,불러줘 내 이름만,금,,"첫사랑 따라 재수 끝에 대학에 입학한 이묘화! 개강 첫날 동기와 자신의 강아지 미미 얘기를 하고 있는데 하필 뒤에 있던 남자 선배 이름이, 미미!? 설상가상으로 나타난 묘화와 같은 이름의 친구. 험난한 대학생활이 될 것만 같은 조짐이 보인다. 첫사랑은 자신을 알아보지도 못하고 묘화는 이상하게 미미 선배와 엮이게 되는데 첫사랑과의 행복한 캠퍼스 라이프, 이룰 수 있을까?",카카오웹툰
120,키몽의 호구로운 생활,금,,호구같이 사는 사람?! 바로 여기! 건축학을 전공하고 아재개그를 좋아하는 30대 초식남 키몽. 매일을 살며 겪은 그의 호구같은 생활 이야기! 지금 시작합니다!,카카오웹툰
121,불합격인간,금,,"고등학교를 졸업한 주인공 . 스무살 성인이 되면 행복한 일만 가득할 것 같았다. 3년 동안 꿈에 그리던 캠퍼스 라이프와 부모에게서 독립한 자유로운 생활까지... 열심히 살지도 않았고, 노력도 전혀 하지 않았지만 행복해지고는 싶었다. 하지만, 스무살이 되었지만 바뀌는 건 없었다. 여전히 컴퓨터 앞에서 청춘을 보내고 있었고, 부모 등골을 빼먹는 것도 여전했다. 그런 무의미한 인생을 보내던 찰나, 그는 문득 자신을 불합격 인간이라고 생각한다. 이런 칙칙한 인생을 원하지 않았던 은, 어느 날 자신을 바꾸기로 결심한다.",카카오웹툰
122,지금은 연애를 쉽니다,금,,"갑자기 연애를 쉬자니 대체 무슨 소리야? 오랜 남자친구에게 연애를 쉬자는 제안을 받은 단희. 당황스럽지만!! 이 참에 버킷리스트를 작성하고 못 보던 친구도 만나고, 혼자 여행도 떠나보고 혼밥과 혼술도 하며 솔플을 열심히 즐긴다. 우연히 만난 예전 짝사랑 태용을 만나 뜻하지 않은 인연을 쌓아나가며 그 동안 놓치고 있던 자신의 삶도 되돌아 보는 계기로 삼는다. 그러던 와중 남친인 정후는 또 다른 여자에게 한눈을 팔다 마음대로 되지 않자 단희를 다시 찾는데... 연애! 해도 랄, 안해도 랄인 이 연애를 통해 우리는 무얼 찾을 수 있을까?",카카오웹툰
123,전생에 나라를 구한 자,금,,"내가 누구지...? 기억상실증에 걸려 이승을 떠도는 귀신, 박남희 . 어느 날 자신의 존재를 알아보며 신비한 기운을 내뿜는 왕따 고교생 조태호 를 만나게 된다. 그와 함께 하며 자신의 생전 기억들을 찾아가게 되는데... 알고 보니 왕따 조태호 는 천 년 전, 자신이 모시던 장군 조재토 이었다. 결국 과거의 은혜에 보답하기 위해 그를 도와 학교 짱으로 만들어주게 되는데... 조태호 의 왕따 탈출, 가능할까?!",카카오웹툰
124,체벌교사,금,,무너진 교권 바로잡기 프로젝트. 이를 위해 국가는 체벌교사를 선발하여 시범적으로 가장 악명 높은 천의고등학교 에 발령한다. 학교를 더이상 배움터로 생각하지 않는 학생들의 무법지대에서 최약체인 반성의 는 한줄기 빛과 같은 체벌교사 최강인 을 만나게 된다. 각자의 위치에서 온갖 부조리에 맞서 싸우기 위한 아주 특별한 야간 자율학습! 과연 최강인과 반성의는 무너진 교권과 학교를 바로 세울 수 있을 것인가?!,카카오웹툰
125,닭은 의외로 위대하다,금,,"천재 닭이 당신에게 찾아온다! 본격 시골 힐링라이프 서바이벌 좀비물. 깊은 시골 마을, 인가에서 떨어진 외딴집에서 할머니와 단둘이 사는 천재 암탉. 서로를 의지하며 살아가는 둘이지만, 할머니는 오랜 고독과 가난을 이기지 못하고 자살을 시도한다. 할머니가 목을 매단 바로 그 순간, 할머니의 집에 찾아온 정체불명의 낯선 여자. 여자는 할머니에게 좀비 아포칼립스 시대가 열렸다고 말한다. 몇 년 만에 사람의 온기를 느끼며 기뻐하는 할머니지만, 여자는 수상한 점이 많다 .하나하나 풀려가는 여자의 비밀, 그리고 마을 사람들에게 외면받으며 살아야 했던 할머니의 진실. 좀비 시대에 할머니를 지키기 위해 고군분투하는 천재 닭은 마지막까지 살아남을 수 있을까? 과연 할머니는 행복해질 수 있을까?",카카오웹툰
126,퀴퀴한 일기,금,,"내 주변에 반드시 한 명은 있을 것만 같은, 어쩌면 나 같기도 한 그녀의 일기. 어느덧 40대의 아기 엄마가 된 주인공 이보람과 그의 군단들의 이야기이다. 너무나 시시하고 쩨쩨해서 누구에게 털어놓기도 멋쩍은 일들이 작은 마음을 가진 그들에겐 늘 뜨겁고 강렬하다! 마음속 깊이 숨어있는 자질구레한 감정들과 스스로 인정하고 싶지 않은 치사스러운 마음들을 뻔뻔스럽게 받아들일 수 있는 곳. 소소한 행복과 내밀한 이야기들을 가감 없이 나눌 수 있는 곳. 바쁜 하루 동안 미쳐 돌아보지 못한 내 마음 깊은 곳에 숨어있는 작은 먼지들을 툭툭 털어내어 볼 수 있는 우리의 일기장. 퀴퀴한 일기.",카카오웹툰
127,니니툰즈,금,,"베일에 쌓인 스노우타운. 지금까지 숨겨왔던 니니즈의 수줍은 귀여움이 공개된다. 코미디, 드라마, 우당탕탕 액션, 병맛까지! 다섯개의 챕터로 찾아올 니니툰즈! 과연 다음 챕터의 주인공은 누구?! 까면 깔수록 매력적인 니니즈를 니니툰즈에서 만나보자!",카카오웹툰
128,폭군황제의 첫사랑,금,,기억을 잃은 소녀 디아 놀스 남작가의 하녀로 괴로운 나날을 보내고 있던 중 잔혹한 성정으로 유명한 황제 카이르 의 황성으로 납치된다. 막상 디아 를 마주한 카이르 는 자신을 아느냐 라는 질문만을 던지고. 그날 이후 디아 는 누군가의 피로 범벅된 카이르 를 마주하게 되는데. 치명적인 매혹의 로맨스 판타지,카카오웹툰
129,날씨의 요정,금,,"어느 시골 마을의 기우제, 낯선 소년을 만났다. 그리고 비가 내렸다. 해주는 꿈 같았던 그 날 일을 잊고 지낸다. 그 후 시골 마을에 내려왔을 때부터 같이 지내던 덕현을 좋아하게 되고, 그와 같은 대학에 가기 위해 고군분투 끝에 합격한다. 스무 살을 앞둔 겨울, 해주는 5년 만에 그 소년을 다시 만나지만 5년 전의 일로 시골 밖으로 나갈 수 없게 되었음을 깨닫는다. 도시로 나가기 위해 해주와 소년은 겨울이 끝나기 전까지 마을의 이무기를 찾아야 한다.",카카오웹툰
130,파륜아이,금,,"눈을 떠보니 23년 전 과거로 돌아왔다?! 부모를 살해한 형. 부모를 그리워하며 우주 는 울다 지쳐 잠에 들고, 눈을 떠보니 태어나기도 전인 23년 전 과거로 오게 된다. 다정한 줄만 알았던 부모의 또 다른 얼굴과 살인자가 될 수밖에 없던 형의 진실과 마주치게 된 우주. 차갑고 무자비한 폭력 앞에서 우주는 발버둥치며 과거를 바꿔보려 하지만, 인간은 그리 쉽게 변하지 않는다. 과연 우주는 과거의 폭력을 막고 부모를 살릴 수 있을까? 폭력 앞에서 우리가 할 수 있는 것은 무엇이 있을까?",카카오웹툰
131,21’ LCK 서머 : Summer is Coming,금,,2021년 서머 스플릿 공식 웹툰! 매주 핫한 경기 리뷰와 비하인드 스토리 대방출!,카카오웹툰
132,랑데부,금,,"마지막 기억은 학교 옥상이었다. 반격할 수 있었지만 문제를 크게 만들고 싶지 않아 일진들 집단 구타를 온 몸으로 받아냈다. 역시, 반격해야 했을까? 자비 없는 집단 린치에 결국 옥상에서 추락했다. 내 마지막 기억은 거기까지. 눈 떠보니 병원이었고, 세상은 망해 있었다. 외계인의 침공이었을까? 아니면 바이러스 ? 설상가상으로, 약자를 괴롭히고 물건을 강탈하는 무리도 있다. 아이, 여성, 노인 가릴 것 없이 폭력과 강탈을 일삼는 무리들. 그런데, 이놈들. 나를 옥상에서 밀쳐낸 그놈들 아닌가?! 가족도 찾고, 안전한 곳을 찾아야겠지만 모르겠다! 망해버린 세상이고 뭐고 난 복수부터 해야겠다! 나빌레라 의 지민 작가진이 마련한 화끈하고 파워넘치는 세기말학원액션 서사극!",카카오웹툰
133,유리의 벽,금,,유복한 귀족 릴리. 그를 만난 순간부터가 시작이었다.,카카오웹툰
134,크레센도,금,,돌아가신 어머니의 꿈을 이루기 위해 피아니스트를 꿈꿔온 기범. 어머니와 동기였던 강 교수에게 도움을 받을 수 있을 거라 생각한 그는 신화 음대에 수석 입학한다. 강 교수는 최고의 교육을 시켜줘도 따라오지 못하는 딸 혜라 대신 기범을 애제자로 두는데... 혜라는 뛰어난 재능을 가진 기범에게 열등감을 가짐과 동시에 강하게 끌리게 된다. 기범 역시 처음엔 혜라를 거부하지만 점점 깊어지고 둘은 일탈 같은 관계로 발전한다. 둘의 관계를 눈치채고 라이벌 구도로 그들을 끌고 가는 강 교수! 과연 혜라와 기범의 사랑은 이뤄질 수 있을까?,카카오웹툰
135,김탐정 사용설명서,금,,"20년 후 대한민국의 한 국제도시, 잔학무도한 의학기업을 추적하는 김탐정의 하드보일드 액션대작!",카카오웹툰
136,너에게 투 혼(魂)!,금,,남고생이 된 액션배우 옥세라. 어쩔 수 없지! 내가 네 학교생활을 책임져줄게!,카카오웹툰
137,우리가 헤어진 사이에,금,,"우리는 각자가 바라는 행복을 가질 수 있을까? 변해버린 엄마가 낯선 딸 이라 엄마는 그런 이라에게 한마디 말도 없이 여행을 떠나버리고 갑작스레 이라는 홀로 집에 남겨진다. 분노도 잠시, 어린 시절 한없이 다정했던 선후 오빠가 10년 만에 이라네 집에 나타났다! 빡빡머리 제주도 소년에서 잘생긴 제주도 청년이 되어 돌아온 오빠 그리고 그런 선후 오빠에게 점점 설레는 이라. 그런데 오빠가 나타난 이후로 10년 넘게 이라 곁을 지켜 온 절친 우준우가 이상하다. 이라가 선후에게 호감이 있단 사실을 눈치채면서 이 감정이 질투라는 것을 알게 되고 선후를 경계하기 시작한다. 우정이니, 사랑이니 뭐니 일단 준우는 이라와 선후 사이를 떨어뜨리고 싶다. 아니, 떨어뜨려야만 한다!",카카오웹툰
138,미완결,금,,"오랜 팬으로 동경해온 천재 소설 작가님이 내 애인을 강렬히 원한다! 에디터 원유진 , 뮤지컬 배우 은미결 , 소설가 선은호 . 자신의 일과 예술을 사랑하는 세 사람은 각자 결핍된 부분이 있었다. 이들은 눈앞의 상대에게서 서로가 갖지 못한 부분을 찾아내고 욕망한다. 자신의 분야에서 인정받고 싶은 욕구, 그리고 동경하는 상대에 대한 성적 긴장감과 소유욕은 제각기 다른 형태로 꿈틀거리기 시작하는데 . 괴물이 될 것인가, 예술가가 될 것인가? 아니면 어떠한 마침표도 찍지 못할 것인가? 세 사람의 관계와 커리어가 치밀하게 얽히며 터져 나오는 예술적 광기와 서스펜스!",카카오웹툰
139,주말 도미 시식회,토,,"파출소장 추승룡과 순경 김건, 횟집사장 신정민과 직원 이태신이 모여 도미회를 먹는 주말 도미 시식회 이들의 소소한 일상은 범죄도시 영포구를 만든 장본인, 시공건설 회장 서우진과 그의 경호조직 시공파의 방해로 오래가지 못하는데... 과거 정민과 태신이 소속되었던 조직 망량회와 영포구의 패권을 두고 전쟁을 벌였던 시공파, 결과는 망량회의 패배로 끝났고, 조직원들이 뿔뿔이 흩어지며 영포구는 서우진의 손에 들어가게 된 것. 시간이 지나 과거 망량회 조직원이 시공파 조직원들에게 죽음의 복수를 시작하면서 갈등이 시작되고, 평화롭게 살고 있던 주말 도미 시식회 의 소소한 현재를 지키기 위해 고군분투하는 액션 드라마!",카카오웹툰
140,천연 天緣,토,,"8살 이전의 기억은 없지만 아주 평범한 고등학생, 한해원 . 하지만 용한 무당으로 불리던 외할머니의 유품을 건드리며 해원은 평범한 일상에 종지부를 찍게 된다. 외할머니의 검에서 나타난 은월 은 본인이 선각자 를 모시는 무하 라 밝히며 선각자 인 해원의 사명을 따르겠다 하는데... 하늘에 죄를 지은 자들이 시노 의 판결에 따라 특별한 힘을 부여받고 봉인된 존재, 무하 . 해원은 은월과의 만남으로 자신이 외할머니와 같은 진실을 보는 눈 을 가진 자 시노 임을 알게 된다. 그리고 해원 의 사명을 따라 성불하고자 하는 은월 . 전설로만 믿고 있던 무연의 시대 , 그 진실의 끝은 무엇일까?!",카카오웹툰
141,순정 히포크라테스,토,,"의대생이 될 운명이었을까? 메가히트작 하얀거탑 드라마 주인공과 같은 이름의 주인공 장준혁 . 주변 사람 모두 의사 될 운명이라 했지만 의식적으로 의대 진학을 피해 공대로 갔다. 기계가 싫었던 탓일까, 아니면 교수가 싫었던 탓일까. 자퇴 후 군복무를 마친 준혁이는 의대로 돌아왔다. 군필 애늙은이의 험난한 대학생활을 걱정하는 준혁, 그리고 그곳에서 뜻밖에도 사해 를 만나게 되는데 과연 준혁이는 대학과 사랑, 모두 잡을 수 있을까?!",카카오웹툰
142,후궁공략,토,,"가상현실이 일상화되고 인공지능이 발달한 2030년대 대한민국! 최근 가상현실게임 버전으로 리메이크되어 재출시 예정인 후궁공략 이라는 유명한 고전게임이 있다. 갓 입궁한 어린 후궁 후보, 리리 를 조종하여 황귀비를 물리치고 황후의 자리에 올라가는 것이 이 게임의 목표. 여고생 요나는 어느날 깨어나 보니 후궁공략 의 악역, 황귀비의 몸에 자신이 빙의되어 있다는 사실을 깨닫는다. 수능이 열흘 남았는데 이게 뭔 일이야? 가상현실에서 손을 튕기면 나타나야 할 상태창은 나타나지도 않고, 의문의 내관 햇살이 와 한바탕 얽히기까지! 소동 끝에 자신을 게임 속에 가둔 것으로 추측되는 존재, 게임마스터가 나타나 황후가 되어 게임을 클리어할 것을 요구한다. 요나는 황후엔딩 달성을 다짐하고 게임에 임하기로 하는데...",카카오웹툰
143,반지하셋방,토,,"밝지만 엉뚱한 첫째와 무뚝뚝한 둘째, 인간 비타민 셋째까지. 청각장애인 어머니와 막노동꾼 아버지 밑에서 가난하게 자라났지만 밝고 유쾌하게 살아가는 세 자매. 그 세 자매 중 첫째와 둘째가 독립을 결심했다! 하지만 독립자금이 모자란 두 사람은 반지하에 자리를 잡는다. 천장에서 물이 새는 것은 물론 벌레들이 들끓는 반지하에서 행복을 찾으려 노력하나 세상은 그리 녹록지 않다. 악덕 기업과 싸우고 갑작스러운 해고에 공장을 전전하기까지..! 설상가상으로 부모님이 암에 걸려 병원에 입원하면서 세 자매는 직장 생활과 병간호를 병행하게 되는데... 고된 일상에도 불구하고 힘내서 세상을 살아갈 수 있는 건 웹툰 작가라는 꿈과 언제나 함께하는 가족, 과연 자매는 꿈을 이루고 반지하를 탈출할 수 있을까?",카카오웹툰
144,백작가의 불청객들,토,,"스캔들이 많고 교양 없기로 유명한 필데트 백작가 . 백작 부부는 유서 깊은 가문의 명예를 깎아먹는 주범이지만, 다행히 이들 부부의 영특하고 사랑스러운 외아들, 헤이든 덕분에 필데트 백작가는 그럭저럭 평화를 유지하고 있다. 헤이든은 백작가의 체면을 세워주는 자랑거리인 동시에, 틈만 나면 서로 으르렁거리는 백작 부부의 유일한 연결 고리이자 평화의 구심점이다. 하지만 헤이든이 만든 평화는 깊은 수심을 가리는 얇은 얼음 장막에 불과하다. 그 이면에는 케케묵은 오해와 불신, 그리고 말할 수 없는 비밀이 아득한 어둠 속에 퇴적되어 있기에... 그러던 어느 날, 갑작스럽게 찾아온 불청객들이 얼음 장막 위를 걸어가는데?! 서서히 금이 가는 이들의 평화! 백작가는 불편한 진실을 마주하며 갈등하지만, 오해의 퇴적물 속에는 서로를 소중히 여기는 마음도 보물처럼 함께 있음을 깨닫는다. 오해를 딛고 불완전한 서로를 보듬고 함께 성장하는 가족의 이야기.",카카오웹툰
145,이토록 보통의,토,,"평범한 연인들이 맞이하는 특별하고 극단적인 상황들. 여자친구의 전 연인이 에이즈 환자였다는 것을 알게 된 남자와 연인의 말들이 모두 거짓이었다는 것을 알게 된 여자. 사랑은 없지만 불만도 없었던 결혼 생활 중 강하게 끌리는 상대를 만나게 된 남자 등. 이토록 보통의 는 다양한 사랑의 민낯들이 나열되는 옴니버스식 웹툰입니다. 사랑이 더 이상 아름답지만은 않다는 것을 깨닫고도, 연인들은 사랑을 이어갈 수 있을까요?",카카오웹툰
146,풍검,토,,마계의 힘으로 인간계를 없애려는 자들과 막으려는 자들의 치열한 싸움,카카오웹툰
147,멀리서 보면 푸른 봄,토,,왜 사람들은 해피엔딩이 아닌 걸 보고 현실적이라고 말할까? 고단한 청춘들의 하드보일드 드라마,카카오웹툰
148,이세계 전담반,토,,"평범한 고등학생인 마성의 일상에 어느 날부터 기이한 현상들이 일어나기 시작한다! 투명 마법을 쓰는 미소녀 엘프가 방에 몰래 숨어 살지 않나 괴한이 나타나 자신을 좀비로 만들어 버리고 심지어 한 번 죽었다가 부활 마법으로 살아난 후엔 모든 공격과 마법을 흡수해서 다시 되돌려 줄 수 있는 능력까지 생겼다. 그때 이세계 전담반 소속이라는 녀석이 나타나 모든 걸 설명해 준다는데, 이 녀석도 뭔가 평범하지 않다? 능력을 시험해 본다고 다짜고짜 사람을 패버리고 오크와 트롤, 고블린 같은 이종족의 난입도 모자라 뱀파이어의 스카우트 제의를 받게 되는데... 정신을 못 차릴 만큼 갑작스러운 변화지만 왠지 이 상황이 낯설지가 않은 느낌이 드는 건 어릴 적부터 엄마에게 단련되어 왔던 기억 때문일지도. 나 평범한 일상으로 돌아갈 수 있는 걸까?",카카오웹툰
149,할매,토,,"칠순을 바라보는 주인공 숙자. 남편과 총포사를 운영하며 평범한 일상을 보내던 어느 날, 한 줄기 빛과도 같던 손자 용희가 초주검이 된 채 돌아온다! 손자를 보살피며 슬픔에 잠겨있던 숙자는 용희의 전 직장 동료인 연우, 곽씨 두 사람을 만나게 된다. 그들은 폭행 사건에 대한 이야기부터 시작하는데... 폭행범들은 오백원, 구삥, 멘솔, 씨사이라는고 불리는 조직 폭력배. 그들은 불곰이라고 불리는 우두머리가 만든 대한민국 초거대 기업형 폭력 조직 흑성파의 간부들이라 알려준다. 권력으로 법망을 피해 다니는 범인들에 분노에 휩싸인 숙자. 그리고 그 모습을 지켜보던 연우는 숙자에게 소름 돋는 제안을 건네고, 이후 그녀의 삶은 180도 뒤바뀐다. 할머니, 그것들을 우리 손으로 직접 사냥할까요?",카카오웹툰
150,허약선생,토,,"흑화대는 해체할 것이니 선생이 되어라. 마교와의 종전 후, 무림맹의 암부 조직 흑화대 와 그들을 이끄는 흑화대 총대장 귀면독 . 귀면독은 이제 백무관의 선생이 되어 아이들을 가르치게 된다. 남궁세가의 수치라 불리는 다섯째 남궁매. 아버지의 명으로 백무관 뱀단에 입학하여 귀면독의 제자가 된다. 그리고 끝난 줄 알았던 마교전쟁은 갑자기 나타난 특별한 영약으로 인해 불이 붙고 무림은 다시 혼란에 빠지는데... 과연 귀면독과 제자들은 평화를 지켜내고 남궁매는 세가의 수치라는 오명을 씻어 진정한 고수로 거듭날 수 있을 것인가?",카카오웹툰
151,별똥별이 떨어지는 그 곳에서 기다려,토,,"이야기의 시작은 마녀 플로의 죽음으로부터. 별똥별이 떨어지면 마녀가 되는 신비한 테이블랜드. 아버지를 여읜 작은 별의 마녀 에픠에게 오랫동안 기다렸던 마녀의 고양이 비비가 찾아오지만 상상과는 달리 굉장히 얄밉다. 그야 나는 니까. 그리고 어딘가 석연치 않은 사실들이 퍼즐 조각처럼 그들의 앞에 놓이는데 . 마녀 플로의 죽음, 계속해서 실종되는 별똥별들. 그리고 에픠의 고양이가 태어나지 않은 이유는? 마녀 에픠와 고양이 비비, 짝이 되어 별똥별의 행방을 쫓아라!",카카오웹툰
152,너에게 가는 거리 2091km,토,,한국과 홍콩을 오가는 설렘 가득한 성장 로맨스! 운동을 했으나 부상을 당한 후 경영학과로 편입한 박하진. 남자 친구와도 헤어지고 홀로 홍콩 여행을 떠난다. 설렘 가득 만끽하며 홍콩에 도착하지만 운 나쁘게 비만 열심히 맞고 길도 잃어버렸는데... 우연찮게 입국심사를 했던 홍콩인 뤄밍이를 만나게 되고! 무료한 삶을 살고 있는 뤄밍이는 하진과 여행을 함께하며 서로에게 호감을 가지게 되고 그 후 다시 한국에서 만나게 되는데... 한 때 운동선수였지만 현재는 힘만 센 평범한 대학생이자 본의 아니게 전 남친과 엮여 있는 한국인 박하진. 홍콩 공항에서 근무하는 직장인이자 가족에게 매여있는 홍콩인 뤄밍이. 전혀 다른 삶을 살아온 두 사람의 거리는 이제 가까워질 수 있을까?,카카오웹툰
153,쥐덫,토,,"인터넷에서는 인기 소설 작가로 추앙받지만 현실에서는 찐따 오산호! 현실에서도 인터넷에서 만큼 인정받고 싶지만 잘 되지 않고, 실력도, 인기도, 짝사랑도 현실은 비참 하기만 하다. 오산호는 평소 흠모 하던 인기녀 백설아를 모델로 야설을 쓰게 되고 그 야설을 백설아 본인에게 들키게 된다. 자살을 택해야 하나 생각할 정도로 절망한 순간, 나를 모델로 글을 써줘서 고마워. 백설아는 오히려 자신을 모델로 글을 써 주어 고맙다며 칭찬하는데..",카카오웹툰
154,선택은 하나,토,,"선택지를 통해 미래를 보는 하나 . 하나는 짝사랑하던 선재 가 자신에게 고백하려 한다는 걸 알게 된다. 선재에게 뜬 두 가지 선택지. 고백한다 고백하지 않는다 . 하지만 결과는 최악!! 고백하면 선재가 죽고, 고백하지 않으면 하나가 선재의 절친 택연 에게 고백한다! 결국 선재를 살리기 위해 택연에게 고백하려는 순간, 오히려 택연이 하나에게 고백하는 일이 벌어진다. 택연도 선택지를 통해 미래를 보는 능력자였던 것! 하나와 택연은 선재를 구하기 위해 가짜 커플이 되는데... 하나는 선재를 구하고, 사랑도 얻을 수 있을까?",카카오웹툰
155,오늘은 꼭 고백할 거야!,토,,"친구의 고백?! 혼혈로 태어나 괴롭힘당하던 김단에게 마음의 안식처가 되어준 한채은. 동경으로 시작했던 마음은 사랑으로 바뀌지만, 고백으로 사이가 멀어질까 마음을 숨기며 지내다 고등학교 진학 후 불현듯 연락이 끊기게 된다. 그대로 아픈 첫사랑으로 남겨질뻔하지만 2년 뒤 우연히 같은 대학교에 진학하여 재회한다. 이번에야말로 후회가 남지 않을 멋진 고백을 결심하지만, 전보다 더 차가워진 그녀는 김단을 밀어내게 되고 차가운 모습 속에 슬픔이 있다는 걸 깨달은 김단은 채은의 곁에서 그녀의 마음을 보듬어주는데... 과연 그녀의 마음을 열 수 있을까?",카카오웹툰
156,어린 (물고기 비늘),토,,"다섯 명의 예술가, 극지연구소의 초대로 남극탐사여행에 오르다! 30여 년간 남극에 가본 대한민국 사람은 이천 명도 안된다. 하지만 남극탐사단의 설렘도 잠시, 탐사단 중 한 명인 작곡가 이온의 숨겨뒀던 비밀이 일행을 혼돈으로 몰아넣는다. 한 차례 태풍이 몰아친 탐사단은 안전망으로 가득한 남극기지에서 고요하고 안전한 일상을 보내게 되는데... 정작 서울의 이온소속사에는 걷잡을 수 없는 격랑의 일상이 시작된다. 과연 어디가 극지인 것인가.",카카오웹툰
157,랜딩,토,,"어릴 적부터 나는 꿈을 묻는 사람들의 호기심이 싫었다. 누구나 외치던 대답이 내게는 한없이 어려웠으니까. 그래서 꿈을 쫓기보단 첫사랑을 쫓았고, 어느새 나는 빌딩 속에서 숲을 찾는 어른이 되어있었다. 나만의 숲을 만들고픈 청춘들의 이야기 랜딩",카카오웹툰
158,정의는 죽지 않는다,토,,"70대와 10대가 만나 불량학생을 참교육 한다?! 중학교 시절 일진에게 괴롭힘을 당해온 민석. 이를 극복하는 방법으로 폭력을 선택하고, 일진들을 타파하며 답답한 마음의 탈출구를 찾는다. 고등학생이 된 민석은 일진들이 가득한 최악의 학교로 전학을 가고, 일진들과 시비가 붙은 찰나 정의 라는 최강의 노인을 같은 반 학우로 만나게 된다. 그 노인과의 만남이 그의 운명을 송두리째 바꿀 줄은 꿈에도 모른 채 즐거운 학창 시절을 보내고픈 최강 노인 정의 와 어른의 관심이 필요한 고등학생 민석 의 만남. 70대 학생이 인생 선배로서 10대의 고충과 탈선을 잡고, 불량학생들에게는 참교육을 선사하는 사이다 학원액션물!",카카오웹툰
159,부기영화,토,,약쟁이들의 병맛 영화 리뷰!,카카오웹툰
160,구슬의 주인,토,,꿀꺽! 엉겁결에 여우구슬을 삼켰더니? 누구보다 평범한 여고생의 삶을 살아가던 진화는 어느 날 특이한 포장마차에서 구슬을 얻게 된다. 그 이후 진화를 찾아온 미호. 엉겁결에 구슬을 삼키게 된 진화에게 자꾸만 이상한 일이 일어나는데...? 천년을 살아온 미호와 여우구슬을 삼킨 진화의 주변에 펼쳐지는 파란만장한 호러 로맨스 판타지!,카카오웹툰
161,이뤄질 수 없는 마녀의 소망,토,,"나도 그때 죽었더라면 갑자기 일어난 대화재로 모든 것을 잃게 된 카이델. 가족도 집도 없이 어린 나이에 오롯이 혼자가 된 카이델은 결국 고아원 생활을 하게 되지만, 그곳에서도 집단 따돌림을 당하며 힘든 나날을 보낸다. 그러던 어느 날 대화재 사건의 흑막에 대해 알고 있는 백작부인이 찾아와 자신의 양자로 들어오라 하는데 나와 함께 그 불씨를 쫓아보지 않겠느냐? 범인의 단서는 오직 하얀 머리의 소녀라는 것뿐 카이델과 백작부인의 모든 것을 앗아간 하얀 머리의 소녀와 그를 쫓는 카이델, 그리고 밝혀지는 사건의 진실 그 진실이 내 전부를 또 다시 앗아간다면 나는 어떤 선택을 해야 할까?",카카오웹툰
162,우리반 숙경이,토,,"귀도 고등학교 2학년 3반 교실, 27년째 자리를 지키고 있는 귀신 숙경이. 숙경이가 처음 나타난 날, 학생들은 모두 기겁을 하지만 구두쇠 이사장은 숙경이가 있는 교실을 폐쇄하지 않고 그대로 사용하기로 결정한다. 시간이 흐른 지금, 숙경이의 존재는 이제 일상과도 같다. 수업 도중 혼자 끅끅하며 기괴한 소리를 낼 때도 있지만 이제는 다들 애써 모른 척하며 조용히 일상을 지키려 한다. 가끔 교감의 호령에 어쩔 줄 모르는 숙경이를 보며 학생들 사이에는 숙경이를 죽인 범인이 교감이라는 소문이 돌기도 한다. 그러던 어느 날, 전학 온 다운. 예전 학교에서 외톨이로 지내왔던 다운은 숙경이가 자신과 같은 처지라 착각하고 같이 왕따를 탈출하자며 그녀에게 손을 내미는데...",카카오웹툰
163,샤크,토,,"학원폭력의 피해자 차우솔은 자신을 3년 간 괴롭혀온 가해자의 눈을 찌른다. 그 사건을 계기로 우솔의 인생은 180도 달라지는데 왕따에서 범죄자로, 범죄자에서 챔피언이 된 남자, 차우솔의 이야기!",카카오웹툰
164,내일도 출근!,일,,"사랑이 싫다. 너무 많은 걸 가능케하니까. 연애 휴식기에 돌입한 지윤은 오늘도 제몫을 해내기 위해 분주하게 살아간다. 쏟아지는 업무, 듣기 싫은 말을 해대는 상사, 싫은 것 천지인 회사이지만 점심 식사 후의 믹스커피 한 잔에 또 하루를 버틴다. 평범한 직장인인 우리의 삶에 특별함이 있을까? 미안하면 술이나 사든가요 회사 내 제일 가는 까칠남 강시우의 속을 알 수 없는 제안에 지윤은 두근거림을 느낀다. 그런데 이거 어떤 두근거림인 거야?! 지윤은 연애 휴식기를 끝내고 새로운 사랑을 찾을 수 있을까?",카카오웹툰
165,취향저격 그녀,일,,"어떤 남자든 취향저격 할 이미지로 변신하겠어! 하지만 독특한 개강룩과 메이크업으로 사람들의 입방아에 오르게 된 새내기 하해닮. 대학생활은 물론 첫눈에 반한 이호찬과의 연애까지 모두 엉망이 되었다며 좌절하고 있던 찰나, 왜 다들 날 못 잡아먹어 안달이야?! 콰아앙!! 벽간 소음으로 격렬히 싸운 옆집 남자 지찬열이 뷰티 유튜버 얼스라는 것을 알아차린다! 찬열의 비밀을 지켜주는 대신 호찬과 이어지도록 돕기로 서로 약속하며 비밀스러운 하우스메이트 생활을 시작하는데 캠퍼스를 뒤집어 놓은 올해의 새내기, 그의 심장을 저격할 수 있을까?!",카카오웹툰
166,트레이스 리마스터,일,,"트레이스, 트러블, 인간.. 그들의 생존을 건 싸움",카카오웹툰
167,주간소년열애사,일,,한 지붕 아래 고등학생 남자 5명의 열애치정 드라마! 좌충우돌 파란만장한 집에 떨어진 불호령. 불손한 이성 교제는 절대 금지한다. 서로의 사생활에 간섭하거나 물어보지 말 것! 집에서 쫓겨날 위기에 처한 진천 은 암묵적인 룰을 깨버리고 결국 다른 룸메이트들의 연애사를 파헤치게 된다. 이를 계기로 각자의 사연을 알게 되며 그들의 문제를 해결하려고 하는데... 과연 진천 은 파란만장한 이들의 문제를 해결하고 모두 같이 집에 남을 수 있을 것인가?!,카카오웹툰
168,슬프게도 이게 내 인생,일,,벌어먹고 살아야 하는 현생은 너무 힘들어! 거친 현대사회에서 이리저리 치이며 어떻게든 적응해보려는 어리바리 슬이와 쉽지 않은 직장 생활에 약간 돌아버린 친구들의 슬프지만 즐겁게 살려고 노력하는 이야기,카카오웹툰
169,퀴퀴한 일기,일,,"내 주변에 반드시 한 명은 있을 것만 같은, 어쩌면 나 같기도 한 그녀의 일기. 어느덧 40대의 아기 엄마가 된 주인공 이보람과 그의 군단들의 이야기이다. 너무나 시시하고 쩨쩨해서 누구에게 털어놓기도 멋쩍은 일들이 작은 마음을 가진 그들에겐 늘 뜨겁고 강렬하다! 마음속 깊이 숨어있는 자질구레한 감정들과 스스로 인정하고 싶지 않은 치사스러운 마음들을 뻔뻔스럽게 받아들일 수 있는 곳. 소소한 행복과 내밀한 이야기들을 가감 없이 나눌 수 있는 곳. 바쁜 하루 동안 미쳐 돌아보지 못한 내 마음 깊은 곳에 숨어있는 작은 먼지들을 툭툭 털어내어 볼 수 있는 우리의 일기장. 퀴퀴한 일기.",카카오웹툰
170,언데드킹,일,,"좀비 강시 16세기 동양의 작은 나라에서 일어났던 한 기괴한 현상, 400여년 후 다시 시작된 그 일은 전 세계를 움직이는 시체들의 세상으로 만들어 버린다. 살아남은 사람들은 움직이는 시체들과 맞서기 위해 사람이 조종할 수 있는 시체, 강시 를 만들어내고 어딘가에서 시작된 그 괴현상을 멈추기 위해 죽은 자들끼리의 전쟁을 시작한다. 질병처럼 확산되는 좀비와 인간의 필요에 의해서 만들어져 그 명령을 받드는 강시. 세상의 운명을 건, 인간 대 인간의 액션으로는 상상조차 할 수 없는 시체 대 시체의 살벌한 전쟁이 시작된다! 언데드 킹!!!",카카오웹툰
171,남의 사랑 이야기,일,,"내 인생에 사랑은 사치일까. 일 잘하고, 능력 있고, 이성적인 선아 는 자기감정에 유독 서툴다. 특히 연애 감정. 남들은 좋아 죽는다는 그 사랑이 대체 뭔지, 어떤 기분인지 공감 못 하면서도 한 번도 겪어보지 못한 진솔한 사랑에 놓을 수 없는 환상과 부담을 갖고 있는데. 건너 건너 소개로 만났던 남자친구가 바람을 피워 헤어지게 된 날, 예상치 못한 새로운 만남을 갖게 된다. 과연 이번에는?",카카오웹툰
172,일진에게 찍혔을 때,일,,"어느 날 갑자기 남사친의 카톡테러. 평범한 여고생 김연두, 카톡테러를 막기위해 남친짤로 프로필을 바꾸었는데 알고보니 그 사진이 우리 학교에서 제일 무서운 일진, 지현호 라고?! 츤데레 지현호, 뇌섹남 반장 서주호, 윗층에 사는 연하남 강아훈, 거기에 마이웨이 야구소년 최승현, 천진발랄한 정지성까지. 어쩌다 잘생긴 일진들에게 둘러쌓인 내 인생은 어떻게 되는걸까?",카카오웹툰
173,이상징후,일,,"이 복잡한 세상을 살면서 사람들이 자기도 모르게 서서히 인간성을 상실할 때, 이상현상이 발현 된다. 이상 현상은 사람마다 제각각이다. 사람이 아닌 이상한 모습으로 변하는가 하면 동시에 이상한 능력이 생기기도 한다. 이런 이상 현상을 치료해주는 이상 현상 연구원 . 그곳의 연구 소장 서리는 사람의 모습을 한 채 인간들의 병을 연구를 하고 치료 해주며 아픈 사람들을 돕는 도깨비이다. 인간을 돕는 착한 도깨비 같지만 서리는 언제나 비웃으며 인간들에게 말한다. 누구나 인생이 지옥처럼 느껴지면 이상 현상이 벌어집니다. 다음 차례는 바로 당신일지도 몰라요.",카카오웹툰
174,백의조각,일,,"백의 일가 사람들은 저주로 인해 15년마다 신체 일부를 바쳐야 한다. 이를 몰랐던 혼외 자식 윤지호 는 그들의 꾀임에 넘어가 한쪽 눈을 잃고 만다. 15년 뒤, 윤지호의 딸이 똑같이 신체 일부를 잃게 될 위기에 처하자 윤지호는 딸을 위해 백의 일가를 무너뜨릴 계획을 세운다. 그리고 그 선택은 파멸을 몰고 오는데...",카카오웹툰
175,그 아해,일,,정신병원에서 실습중인 간호사 초이 평범한 직장 생활을 하던 어느 날 한 환자가 의사 행세를 하며 돌아다니는 것을 목격한다. 이상하게 그녀에게 관심을 가지던 그 이상한 환자는 퇴원 선물을 주겠다고 말을 남긴 뒤 눈 앞에서 사라지고 초이를 괴롭히던 직장 상사가 끔찍한 일을 당하게 되는데...,카카오웹툰
176,이토록 보통의,일,,"평범한 연인들이 맞이하는 특별하고 극단적인 상황들. 여자친구의 전 연인이 에이즈 환자였다는 것을 알게 된 남자와 연인의 말들이 모두 거짓이었다는 것을 알게 된 여자. 사랑은 없지만 불만도 없었던 결혼 생활 중 강하게 끌리는 상대를 만나게 된 남자 등. 이토록 보통의 는 다양한 사랑의 민낯들이 나열되는 옴니버스식 웹툰입니다. 사랑이 더 이상 아름답지만은 않다는 것을 깨닫고도, 연인들은 사랑을 이어갈 수 있을까요?",카카오웹툰
177,우범소년,일,,"학교폭력 가해 학생에게 다소의 위협과 폭력을 행사하여 피해자를 구제하는 서비스로 돈을 받는 소위 흥신소 를 운영중인 유영인과 고성욱, 김그린. 어느 날 피해자가 아닌 가해자 부모가 찾아와 자신의 아들인 중학교 2학년 김성원의 탈선을 막아달라는 특이한 의뢰를 맡긴다. 불량학생이라기엔 너무나도 평범해 보이던 성원은 돌연 일진회 소속 고등학생 김형곤을 의식불명으로 만드는데, 6년 전 친형을 교통사고로 죽게 만든 복수의 시작이었다. 만13세 촉법 소년 이라는 이유로 처벌을 면한 가해자들을 자신도 촉법 소년 나이일 때 복수를 하겠다는 황당하지만 무서운 계획. 어떻게든 복수를 감행하려는 성원과 그를 막으려는 흥신소간의 쫓고 쫓기는 추격전. 아이들은 새하얀 캔버스와 같아 어떤 색으로도 물들 수 있고, 그러기도 쉽다. 그래서 모든 아이들은 결국 우범소년이다. 오늘도 흥신소는 여전히 성업중이다.",카카오웹툰
178,질투유발자들,일,,"썸만 타는 자들을 위해 그들이 왔다! 질투유발자들! 연애엔 도달하지 못한채 썸에만 머물러 있는 사람들을 위해 질투유발자들 이 나섰다. 개인 방송 채널 질투유발자들 을 운영하고 있는 건우 와 유민 은 연애에 도달하고 싶은 사람들로부터 의뢰를 받아, 썸 상대를 질투 유발시켜 고백을 이끌어내 사랑이 이루어지도록 해주려 하는데... 유민의 열성팬인 우리 가 회사에 입사하면서 그들의 숨겨져 있던 질투가 드러나게 된다. 서로가 서로의 질투유발자가 되어가는 질투유발자들 . 누가 누구의 질투유발자가 될 것인가!?",카카오웹툰
179,가드패스,일,,"평소 먹는 것을 좋아해 뚱뚱하고 큰 체격을 가진 임세준 . 그는 뚱보라는 놀림에도 신경 쓰지 않는 자존감이 높고 확고한 성격을 가졌다. 그에게 단 한 명의 친구 서하진 . 그녀는 어릴 적부터 세준을 지켜주기 위해 늘 운동을 배워왔다. 어느 날 세준은 같은 반 일진과 트러블이 생기고 그것을 본 하진은 눈이 돌아가 일진을 박살 내게 된다. 그런데 어느 날 밤 하진은 심하게 폭행당한 채로 발견되고 크게 다친 무릎과 더 심각한 정신적 후유증을 얻는다. 세준은 경찰에게 말해보지만 수사에 별 진척이 없자 분노를 주체하지 못하고 직접 범인을 찾아 나서지만 주짓수를 배운 일진에게 패배하고 아무것도 알아내지 못한다. 그리곤 그를 구해준 제이슨 이라는 사람에게 주짓수를 배우게 되는데, 그렇게 3개월, 운동을 배우고 살을 뺀 세준은 일진들을 쓰러뜨려가며 베일에 싸인 한 단체가 연루되어있다는 사실을 알게 되고, 그 뿌리까지 모조리 뽑아버리려 한다. 개인의 복수를 그리는 학원 액션 드라마.",카카오웹툰
180, 무법대학,일,,"올해 스무 살이 된 오정서 가온 대학 경호학과에 스카우트되어 입학한다. 대학 입학과 함께 새 삶을 꿈꿨던 오정서의 기대는 입학 첫날부터 학회장 이용오의 주먹에 처참히 부서지고, 가온 대학이 평범한 대학이 아니라는 사실을 알게 된다. 오정서는 이 폭력과 부조리, 비밀이 가득한 가온 대학에서 학회장 이용오를 비롯해 자신에게 적대감을 보이는 선배와 동기들에게 굴하지 않고 맞서 싸우면서 그의 대학생활은 첫 매듭부터 꼬여버리고 만다. 하지만 오정서 역시 아무 이유 없이 스카우트된 것이 아니었고, 그는 자신의 과거를 이용해 스카우트한 경호학과의 1인자 성덕호 교수의 가장 강력한 장기말로 이용되기 위해 경호학과 수석을 목표로 싸우게 된다. 하지만 이런 오정서의 사정과는 별개로 입학 첫날부터 제대로 꼬여버린 오정서가 이빨을 드러내기 시작하자 점점 더 강한 상대들이 싸움을 걸어오기 시작하는데",카카오웹툰
181,내 친구는 선녀보살,일,,겉보기에는 에서 유명한 인싸 고등학생 무당으로 살고 있는 김선녀! 그러나 선녀가 를 택한 건 유명세도 인기도 아닌 가문의 업보를 씻기 위함이었다. 조금 어두운 목표를 위해 영적 의뢰를 하나씩 해결해가는 선녀의 곁에는 백호와 깊은 인연을 가진 친구 유미와 인간에게 호의적이지만은 않은 몸주신 청송이 함께하는데.. 선녀는 과연 가문의 업보를 씻고 자유로운 삶을 살 수 있을까?,카카오웹툰
182,하렘생존기,일,,"같은 날 하렘에 들어오게 된 두 소녀, 나스챠와 아샤. 같은 이름, 같은 색 머리카락을 가지고 있었던 둘은 여러 사건을 겪으며 서로에게 호감을 가지게 되지만 주변 상황들로 인해 어쩔 수 없이 대립한다. 나스챠는 영리한 탓에 여러 사람의 눈에 띄지만 조용히 살고 싶어했고 아샤는 아름다운 외모로 권력을 탐하지만 완전히 냉정해지지 못했다. 마침내 서로 갈등을 피할 수 없게 되었을 때 그들은 어떤 결정을 할 것인가?",카카오웹툰
183,크라우드,일,,"세상엔 쓰레기 같은 일진만 있을 뿐이다. 일진 펀딩 앱 울타리 ! 펀딩 성공 시, 해결사 펜서 가 일진을 쓰러트린다. 이에 규현은 자신을 괴롭히던 일진들을 펀딩하고, 펜서인 인성 의 도움을 받아 일진을 쓰러트린다. 하지만 울타리는 펜서의 정체를 알게 된 규현을 가만 안 두고, 설상가상 복수를 다짐한 일진까지 나타나며 규현은 울타리와 일진 모두의 표적이 된다. 이제 규현이 선택할 수 있는 것은 한 가지 뿐. 펜서가 되어 울타리의 추적을 피하고, 일진들을 쓰러트리는 것이다. 그렇게 규현은 인성에게 훈련을 받으며 점점 펜서의 길을 걷게 되는데...!",카카오웹툰
184,씨방것들,일,,"웬만한 연예인보다 핫하다는 대한민국 최고의 관종 가족 방씨 일가 돈 많고 잘났지만 천박한 이 가족은 관심받기 위해 어떤 막장 행동도 서슴지 않는다. 불행히도 관종 가족 사이에서 병적일 정도로 평범함을 추구하는 막내딸 방은해의 인생 목표는 공기처럼 살기 그러나 도움이 안 되는 가족들은 그들의 일상을 다룬 리얼리티 프로그램 을 론칭, 방송 진출까지 꾀하는데... 막내딸 방은해는 프로그램을 망치려다 오히려 대중의 관심을 받게 되고 설상가상 핫한 배우, 장휘민에게 첫눈에 반해버리고 만다! 그 와중에 소꿉친구 남영원이 자신을 짝사랑했다는 걸 알게 되어 그야말로 혼란의 연속! 공기같은 삶과 처음 느끼는 설렘, 자신을 이해해주는 존재. 은해는 무엇을 지키고 무엇을 포기해야 할까?",카카오웹툰
185,미래의 사진,일,,"아무래도 이 카메라, 미래가 찍히는 것 같은데..?! 사진 찍는 것을 좋아하는 평범한 여고생 한미래는 우연히 버려진 폴라로이드 카메라의 비밀을 알게 된다. 그리고 카메라에 찍힌 충격적인 장면! 바로 미래가 짝사랑하는 반장, 남주영이 머리를 맞은 채 쓰러져 있는 게 아닌가? 카메라를 이용해 남주영을 구하기로 결심하지만 일진 황진일과 얽히게 되면서 범인으로 오해를 받지 않나, 급기야 스토커 취급까지 받게 되는데! 우여곡절 끝에 주영을 구하지만 미래는 뜻밖의 말을 듣는데. 미래야, 왜 나를 쫓아다니는거야? 아직 사건은 끝나지 않았다! 설렘과 스릴이 공존하는 학원 미스터리 로맨스.",카카오웹툰
